Unnamed: 0,player_name,team_abbreviation,age,player_height,player_weight,college,country,draft_year,draft_round,draft_number,gp,pts,reb,ast,net_rating,oreb_pct,dreb_pct,usg_pct,ts_pct,ast_pct,season
0,Randy Livingston,HOU,22.0,193.04,94.800728,Louisiana State,USA,1996,2,42,64,3.9,1.5,2.4,0.3,0.042,0.071,0.1689999999999999,0.487,0.248,1996-97
1,Gaylon Nickerson,WAS,28.0,190.5,86.18248,Northwestern Oklahoma,USA,1994,2,34,4,3.8,1.3,0.3,8.9,0.03,0.111,0.174,0.497,0.043,1996-97
2,George Lynch,VAN,26.0,203.2,103.418976,North Carolina,USA,1993,1,12,41,8.3,6.4,1.9,-8.2,0.106,0.185,0.175,0.512,0.125,1996-97
4,George Zidek,DEN,23.0,213.36,119.748288,UCLA,USA,1995,1,22,52,2.8,1.7,0.3,-14.1,0.102,0.1689999999999999,0.195,0.5,0.064,1996-97
6,Gheorghe Muresan,WAS,26.0,231.14,137.438376,,USA,1993,2,30,73,10.6,6.6,0.4,6.9,0.098,0.217,0.185,0.618,0.024,1996-97
8,Glenn Robinson,MIL,24.0,200.66,106.59412,Purdue,USA,1994,1,1,80,21.1,6.3,3.1,-2.9,0.051,0.144,0.278,0.528,0.146,1996-97
9,Grant Hill,DET,24.0,203.2,102.0582,Duke,USA,1994,1,3,80,21.4,9.0,7.3,6.9,0.049,0.2319999999999999,0.283,0.556,0.356,1996-97
10,Gary Trent,POR,22.0,203.2,113.398,Ohio,USA,1995,1,11,82,10.8,5.2,1.1,2.5,0.1009999999999999,0.1669999999999999,0.212,0.569,0.077,1996-97
12,Greg Anthony,VAN,29.0,185.42,81.64656,Nevada-Las Vegas,USA,1991,1,12,65,9.5,2.8,6.3,-9.4,0.015,0.099,0.177,0.526,0.358,1996-97
14,Greg Foster,UTA,28.0,210.82,113.398,Texas-El Paso,USA,1990,2,35,79,3.5,2.4,0.4,-0.9,0.078,0.166,0.168,0.508,0.055,1996-97
15,Greg Graham,SEA,26.0,193.04,82.553744,Indiana,USA,1993,1,17,28,3.3,0.5,0.4,3.6,0.013,0.063,0.245,0.476,0.1,1996-97
16,Greg Minor,BOS,25.0,198.12,95.25432,Louisville,USA,1994,1,25,23,9.6,3.5,1.5,-2.1,0.0579999999999999,0.11,0.1889999999999999,0.519,0.103,1996-97
17,Greg Ostertag,UTA,24.0,218.44,127.00576,Kansas,USA,1995,1,28,77,7.3,7.3,0.4,15.9,0.133,0.246,0.146,0.561,0.021,1996-97
22,Gary Payton,SEA,28.0,193.04,86.18248,Oregon State,USA,1990,1,2,82,21.8,4.6,7.1,10.3,0.04,0.102,0.264,0.545,0.33,1996-97
25,Eldridge Recasner,ATL,29.0,193.04,86.18248,Washington,USA,1992,Undrafted,Undrafted,71,5.7,1.6,1.3,-0.3,0.036,0.076,0.172,0.539,0.141,1996-97
26,Elliot Perry,MIL,28.0,182.88,72.57472,Memphis,USA,1991,2,37,82,6.9,1.5,3.0,-1.2,0.018,0.081,0.177,0.557,0.262,1996-97
27,Elmer Bennett,DEN,27.0,182.88,77.11064,Notre Dame,USA,1992,2,38,9,2.4,0.4,1.2,-7.4,0.0,0.053,0.187,0.47,0.216,1996-97
28,Elmore Spencer,SEA,27.0,213.36,122.46984,Nevada-Las Vegas,USA,1992,1,25,1,0.0,0.0,0.0,-147.5,0.0,0.0,0.126,0.0,0.0,1996-97
29,Emanual Davis,HOU,28.0,195.58,87.996848,Delaware State,USA,Undrafted,Undrafted,Undrafted,13,5.0,1.7,2.0,6.6,0.011,0.098,0.144,0.565,0.191,1996-97
32,Eric Mobley,VAN,27.0,210.82,106.59412,Pittsburgh,USA,1994,1,18,28,2.6,2.1,0.5,-15.4,0.106,0.102,0.158,0.472,0.076,1996-97
33,Eric Montross,NJN,25.0,213.36,122.46984,North Carolina,USA,1994,1,9,78,4.4,6.6,0.8,-6.6,0.107,0.206,0.1119999999999999,0.452,0.05,1996-97
34,Eric Murdock,DEN,29.0,185.42,86.18248,Providence,USA,1991,1,21,12,3.8,0.9,2.0,-1.4,0.01,0.102,0.188,0.588,0.436,1996-97
35,Eric Piatkowski,LAC,26.0,200.66,97.52228,Nebraska,USA,1994,1,15,65,6.0,1.6,0.8,2.4,0.071,0.088,0.22,0.579,0.111,1996-97
36,Eric Snow,SEA,24.0,190.5,90.7184,Michigan State,USA,1995,2,43,67,3.0,1.0,2.4,-1.2,0.027,0.085,0.145,0.515,0.3389999999999999,1996-97
37,Eric Williams,BOS,24.0,203.2,99.79024,Providence,USA,1995,1,14,72,15.0,4.6,1.8,-6.8,0.057,0.107,0.207,0.5329999999999999,0.087,1996-97
38,Erick Dampier,IND,21.0,210.82,120.20188,Mississippi State,USA,1996,1,10,72,5.1,4.1,0.6,-2.0,0.107,0.216,0.218,0.451,0.074,1996-97
39,Erick Strickland,DAL,23.0,190.5,95.25432,Nebraska,USA,Undrafted,Undrafted,Undrafted,28,10.6,3.2,2.4,-6.4,0.032,0.1119999999999999,0.216,0.51,0.161,1996-97
40,Ervin Johnson,DEN,29.0,210.82,111.13004,New Orleans,USA,1993,1,23,82,7.1,11.1,0.9,-5.9,0.103,0.294,0.114,0.5429999999999999,0.042,1996-97
41,Evric Gray,NJN,27.0,200.66,106.59412,Nevada-Las Vegas,USA,Undrafted,Undrafted,Undrafted,5,2.6,0.6,0.4,17.5,0.026,0.049,0.192,0.3879999999999999,0.065,1996-97
42,Felton Spencer,GSW,29.0,213.36,127.00576,Louisville,USA,1990,1,6,73,5.1,5.7,0.3,-1.2,0.124,0.205,0.128,0.524,0.02,1996-97
44,Frankie King,PHI,25.0,185.42,83.91452,Western Carolina,USA,1995,2,37,7,2.9,2.0,0.7,1.4,0.065,0.156,0.13,0.521,0.106,1996-97
45,Fred Hoiberg,IND,24.0,193.04,92.079176,Iowa State,USA,1995,2,52,47,4.8,1.7,0.9,4.9,0.0279999999999999,0.146,0.172,0.59,0.122,1996-97
46,Henry James,ATL,31.0,203.2,99.79024,St. Mary's (TX),USA,Undrafted,Undrafted,Undrafted,53,6.7,1.5,0.4,1.2,0.034,0.067,0.171,0.555,0.036,1996-97
47,Elden Campbell,LAL,28.0,213.36,113.398,Clemson,USA,1990,1,27,77,14.9,8.0,1.6,3.3,0.095,0.183,0.222,0.52,0.087,1996-97
50,Jerome Williams,DET,24.0,205.74,93.439952,Georgetown,USA,1996,1,26,33,1.5,1.5,0.2,3.0,0.144,0.182,0.181,0.419,0.071,1996-97
51,Jerry Stackhouse,PHI,22.0,198.12,98.883056,North Carolina,USA,1995,1,3,81,20.7,4.2,3.1,-6.8,0.053,0.063,0.254,0.524,0.134,1996-97
52,Jim Jackson,NJN,26.0,198.12,97.52228,Ohio State,USA,1992,1,4,77,15.9,5.3,4.1,-8.4,0.051,0.113,0.214,0.526,0.191,1996-97
53,Jim McIlvaine,SEA,24.0,215.9,117.93392,Marquette,USA,1994,2,32,82,3.8,4.0,0.3,9.7,0.103,0.152,0.1159999999999999,0.487,0.022,1996-97
54,Jimmy Carruth,MIL,27.0,208.28,120.20188,Virginia Tech,USA,Undrafted,Undrafted,Undrafted,4,1.3,1.0,0.0,-17.7,0.0,0.211,0.103,0.727,0.0,1996-97
55,Jimmy King,DEN,23.0,195.58,95.25432,Michigan,USA,1995,2,35,2,3.0,1.0,1.0,-42.5,0.08,0.0,0.162,0.387,0.2,1996-97
56,Jimmy Oliver,TOR,27.0,195.58,92.98636,Purdue,USA,1991,2,39,4,2.8,1.3,0.3,-40.8,0.024,0.108,0.165,0.396,0.038,1996-97
57,Joe Courtney,SAS,27.0,203.2,106.59412,Southern Mississippi,USA,Undrafted,Undrafted,Undrafted,9,2.8,1.8,0.0,-6.1,0.0969999999999999,0.095,0.151,0.3879999999999999,0.0,1996-97
61,Joe Stephens,HOU,24.0,200.66,95.25432,Arkansas-Little Rock,USA,Undrafted,Undrafted,Undrafted,2,1.5,1.5,0.0,-17.4,0.25,0.111,0.2789999999999999,0.3,0.0,1996-97
63,John Crotty,MIA,27.0,187.96,83.91452,Virginia,USA,Undrafted,Undrafted,Undrafted,48,4.8,1.0,2.1,-2.1,0.0289999999999999,0.059,0.161,0.637,0.287,1996-97
65,John Starks,NYK,31.0,195.58,83.91452,Oklahoma State,USA,Undrafted,Undrafted,Undrafted,77,13.8,2.7,2.8,6.5,0.021,0.094,0.246,0.555,0.1989999999999999,1996-97
67,John Wallace,NYK,23.0,205.74,102.0582,Syracuse,USA,1996,1,18,68,4.8,2.3,0.5,2.7,0.08,0.148,0.204,0.5710000000000001,0.081,1996-97
69,Jon Barry,ATL,27.0,195.58,92.98636,Georgia Tech,USA,1992,1,21,58,4.9,1.7,2.0,5.0,0.031,0.087,0.152,0.535,0.193,1996-97
70,Joe Smith,GSW,21.0,208.28,102.0582,Maryland,USA,1995,1,1,80,18.7,8.5,1.6,-3.3,0.103,0.163,0.239,0.512,0.07,1996-97
71,Jerome Allen,DEN,24.0,193.04,83.46092800000001,Pennsylvania,USA,1995,2,49,76,3.0,1.3,2.0,-3.7,0.031,0.088,0.154,0.449,0.264,1996-97
72,Jermaine O'Neal,POR,18.0,210.82,102.511792,,USA,1996,1,17,45,4.1,2.8,0.2,1.3,0.099,0.198,0.1989999999999999,0.494,0.03,1996-97
73,Jeff McInnis,DEN,22.0,193.04,86.18248,North Carolina,USA,1996,2,37,13,5.0,0.5,1.4,-17.8,0.021,0.04,0.259,0.609,0.327,1996-97
74,Horacio Llamas,PHX,23.0,210.82,129.27372,Grand Canyon,USA,Undrafted,Undrafted,Undrafted,20,1.7,0.9,0.2,11.5,0.048,0.1369999999999999,0.19,0.539,0.0559999999999999,1996-97
76,Howard Eisley,UTA,24.0,187.96,80.28578399999998,Boston College,USA,1994,2,30,82,4.5,1.0,2.4,2.5,0.024,0.067,0.192,0.53,0.296,1996-97
77,Hubert Davis,TOR,27.0,195.58,83.007336,North Carolina,USA,1992,1,20,36,5.0,1.1,0.9,-3.3,0.02,0.054,0.154,0.466,0.088,1996-97
78,Ike Austin,MIA,27.0,208.28,122.46984,Arizona State,USA,1991,2,48,82,9.7,5.8,1.2,2.9,0.09,0.218,0.2269999999999999,0.536,0.1,1996-97
79,Isaiah Rider,POR,26.0,195.58,97.52228,Nevada-Las Vegas,USA,1993,1,5,76,16.1,4.0,2.6,3.4,0.045,0.0969999999999999,0.2289999999999999,0.557,0.129,1996-97
80,Ivano Newbill,ATL,26.0,208.28,111.13004,Georgia Tech,USA,1994,Undrafted,Undrafted,72,1.4,2.8,0.3,2.5,0.104,0.1889999999999999,0.083,0.439,0.042,1996-97
82,Jalen Rose,IND,24.0,203.2,95.25432,Michigan,USA,1994,1,13,66,7.3,1.8,2.3,1.3,0.0279999999999999,0.095,0.214,0.541,0.2339999999999999,1996-97
83,Jamal Mashburn,MIA,24.0,203.2,113.398,Kentucky,USA,1993,1,4,69,11.9,4.3,2.9,1.4,0.037,0.121,0.207,0.487,0.158,1996-97
84,James Robinson,MIN,26.0,187.96,81.64656,Alabama,USA,1993,1,21,69,8.3,1.6,1.8,-2.7,0.021,0.076,0.207,0.537,0.163,1996-97
85,James Scott,MIA,25.0,198.12,81.64656,St. John's (NY),USA,Undrafted,Undrafted,Undrafted,8,0.1,0.8,0.4,-14.7,0.036,0.147,0.158,0.0559999999999999,0.136,1996-97
86,Jamie Feick,SAS,22.0,203.2,115.66596,Michigan State,USA,1996,2,48,41,3.7,5.2,0.6,-12.2,0.133,0.253,0.15,0.405,0.065,1996-97
87,Jamie Watson,DAL,25.0,200.66,86.18248,South Carolina,USA,1994,2,47,23,3.4,2.0,1.4,-7.8,0.069,0.098,0.149,0.493,0.159,1996-97
88,Jaren Jackson,WAS,29.0,198.12,95.25432,Georgetown,USA,Undrafted,Undrafted,Undrafted,75,5.0,1.8,0.9,1.7,0.03,0.104,0.1669999999999999,0.52,0.09,1996-97
89,Jason Caffey,CHI,24.0,203.2,116.119552,Alabama,USA,1995,1,20,75,7.3,4.0,1.2,9.0,0.114,0.134,0.184,0.574,0.094,1996-97
90,Jason Kidd,PHX,24.0,193.04,94.347136,California,USA,1994,1,2,55,10.9,4.5,9.0,2.4,0.039,0.106,0.17,0.498,0.37,1996-97
91,Jason Sasser,DAL,23.0,200.66,102.0582,Texas Tech,USA,1996,2,41,8,2.4,1.0,0.3,-24.2,0.018,0.14,0.172,0.413,0.067,1996-97
92,Jayson Williams,NJN,29.0,205.74,108.86208,St. John's (NY),USA,1990,1,21,41,13.4,13.5,1.2,-8.8,0.1669999999999999,0.248,0.209,0.4429999999999999,0.062,1996-97
96,Eddie Jones,LAL,25.0,198.12,86.18248,Temple,USA,1994,1,10,80,17.2,4.1,3.4,4.1,0.035,0.091,0.209,0.5589999999999999,0.149,1996-97
99,Chris Jent,NYK,27.0,200.66,99.79024,Ohio State,USA,Undrafted,Undrafted,Undrafted,3,2.0,0.3,0.3,-29.8,0.1,0.0,0.233,0.5,0.125,1996-97
100,Chris Mills,CLE,27.0,200.66,97.975872,Arizona,USA,1993,1,22,80,13.4,6.2,2.5,4.5,0.048,0.157,0.175,0.544,0.111,1996-97
103,Chris Robinson,VAN,23.0,195.58,90.7184,Western Kentucky,USA,1996,2,51,41,4.6,1.7,1.6,-11.4,0.039,0.088,0.155,0.486,0.156,1996-97
104,Chris Webber,WAS,24.0,208.28,111.13004,Michigan,USA,1993,1,1,72,20.1,10.3,4.6,3.4,0.1009999999999999,0.207,0.244,0.5539999999999999,0.193,1996-97
105,Chris Whitney,WAS,25.0,182.88,77.11064,Clemson,USA,1993,2,47,82,5.2,1.3,2.2,2.0,0.0139999999999999,0.093,0.183,0.5660000000000001,0.268,1996-97
106,Christian Laettner,ATL,27.0,210.82,111.13004,Duke,USA,1992,1,3,82,18.1,8.8,2.7,11.0,0.084,0.186,0.236,0.562,0.133,1996-97
108,Chris Gatling,NJN,29.0,208.28,104.32616,Old Dominion,USA,1991,1,16,47,19.0,7.9,0.6,-4.1,0.119,0.216,0.312,0.58,0.046,1996-97
109,Clar. Weatherspoon,PHI,26.0,200.66,108.86208,Southern Mississippi,USA,1992,1,9,82,12.2,8.3,1.7,-8.3,0.079,0.172,0.155,0.537,0.078,1996-97
110,Clifford Rozier,TOR,24.0,210.82,104.32616,Louisville,USA,1994,1,16,42,4.5,5.6,0.7,-6.3,0.151,0.223,0.14,0.471,0.067,1996-97
112,Corie Blount,LAL,28.0,208.28,109.769264,Cincinnati,USA,1993,1,25,58,4.2,4.8,0.6,2.0,0.13,0.182,0.119,0.5589999999999999,0.0559999999999999,1996-97
113,Corliss Williamson,SAC,23.0,200.66,111.13004,Arkansas,USA,1995,1,13,79,11.6,4.1,1.6,-4.2,0.0819999999999999,0.1119999999999999,0.23,0.535,0.108,1996-97
114,Cory Alexander,SAS,24.0,185.42,86.18248,Virginia,USA,1995,1,29,80,7.2,1.5,3.2,-8.8,0.023,0.081,0.218,0.528,0.3,1996-97
116,Cuonzo Martin,MIL,25.0,195.58,96.615096,Purdue,USA,1995,2,57,3,0.0,0.3,0.3,-12.1,0.048,0.0,0.214,0.0,0.1,1996-97
117,Dale Davis,IND,28.0,210.82,104.32616,Clemson,USA,1991,1,13,80,10.4,9.7,0.7,-0.2,0.138,0.215,0.159,0.532,0.04,1996-97
121,Chris Childs,NYK,29.0,190.5,88.45044,Boise State,USA,Undrafted,Undrafted,Undrafted,65,9.3,2.9,6.1,5.2,0.013,0.094,0.1689999999999999,0.526,0.309,1996-97
122,Chris Carr,MIN,23.0,198.12,99.79024,Southern Illinois,USA,1995,2,56,55,6.1,2.1,0.9,3.8,0.043,0.1159999999999999,0.184,0.5579999999999999,0.099,1996-97
123,Brian Evans,ORL,23.0,203.2,99.79024,Indiana,USA,1996,1,27,14,1.4,0.6,0.5,-12.5,0.017,0.121,0.168,0.455,0.1939999999999999,1996-97
124,Brian Grant,SAC,25.0,205.74,115.212368,Xavier,USA,1994,1,8,24,10.5,5.9,1.2,-7.7,0.098,0.185,0.213,0.511,0.078,1996-97
126,Brooks Thompson,DEN,26.0,193.04,87.543256,Oklahoma State,USA,1994,1,27,67,6.6,1.4,2.7,-6.2,0.019,0.087,0.214,0.526,0.2769999999999999,1996-97
127,Bruce Bowen,MIA,26.0,200.66,90.7184,Cal State-Fullerton,USA,Undrafted,Undrafted,Undrafted,1,0.0,0.0,0.0,300.0,0.0,0.0,0.0,0.0,0.0,1996-97
128,Bryant Reeves,VAN,24.0,213.36,124.7378,Oklahoma State,USA,1995,1,6,75,16.2,8.1,2.1,-10.6,0.072,0.185,0.223,0.523,0.106,1996-97
129,Bryant Stith,DEN,26.0,195.58,94.347136,Virginia,USA,1992,1,13,52,14.9,4.2,2.6,-5.6,0.048,0.09,0.201,0.5479999999999999,0.125,1996-97
130,Bryon Russell,UTA,26.0,200.66,102.0582,Long Beach State,USA,1993,2,45,81,10.8,4.1,1.5,13.5,0.0409999999999999,0.118,0.15,0.6,0.07,1996-97
133,Calbert Cheaney,WAS,25.0,200.66,97.52228,Indiana,USA,1993,1,6,79,10.6,3.4,1.4,2.0,0.036,0.095,0.165,0.53,0.07,1996-97
134,Carl Herrera,SAS,30.0,205.74,102.0582,Houston,USA,1990,2,30,75,8.0,4.5,0.7,-9.7,0.076,0.151,0.19,0.4629999999999999,0.047,1996-97
135,Carl Thomas,CLE,27.0,193.04,79.3786,Eastern Michigan,USA,Undrafted,Undrafted,Undrafted,19,1.1,0.7,0.4,-8.9,0.043,0.152,0.1669999999999999,0.43,0.19,1996-97
136,Carlos Rogers,TOR,26.0,210.82,99.79024,Tennessee State,USA,1994,1,11,56,9.8,5.4,0.7,-5.7,0.098,0.154,0.168,0.575,0.046,1996-97
137,Cedric Ceballos,PHX,27.0,200.66,102.0582,Cal State-Fullerton,USA,1990,2,48,50,14.6,6.6,1.3,4.1,0.088,0.181,0.246,0.522,0.073,1996-97
142,Charlie Ward,NYK,26.0,187.96,86.18248,Florida State,USA,1994,1,26,79,5.2,2.8,4.1,4.0,0.031,0.1159999999999999,0.14,0.522,0.282,1996-97
143,Cherokee Parks,MIN,24.0,210.82,108.86208,Duke,USA,1995,1,12,76,3.3,2.6,0.4,-0.6,0.098,0.135,0.123,0.535,0.055,1996-97
144,Damon Stoudamire,TOR,23.0,177.8,77.56423199999999,Arizona,USA,1995,1,7,81,20.2,4.1,8.8,-3.7,0.0289999999999999,0.09,0.253,0.516,0.38,1996-97
148,Dexter Boney,PHX,27.0,193.04,83.91452,Nevada-Las Vegas,USA,Undrafted,Undrafted,Undrafted,8,2.4,0.8,0.0,-19.6,0.0579999999999999,0.071,0.231,0.422,0.0,1996-97
149,Dickey Simpkins,CHI,25.0,205.74,112.490816,Providence,USA,1994,1,21,48,1.9,1.9,0.6,-0.9,0.099,0.151,0.163,0.411,0.1119999999999999,1996-97
150,Dikembe Mutombo,ATL,31.0,218.44,113.398,Georgetown,Congo,1991,1,4,80,13.3,11.6,1.4,8.1,0.1119999999999999,0.256,0.179,0.584,0.066,1996-97
153,Don MacLean,PHI,27.0,208.28,106.59412,UCLA,USA,1992,1,19,37,10.9,3.8,1.0,-5.9,0.06,0.152,0.264,0.493,0.091,1996-97
154,Don Reid,DET,23.0,203.2,113.398,Georgetown,USA,1995,2,58,47,2.8,2.1,0.3,-1.5,0.092,0.159,0.154,0.523,0.053,1996-97
156,Donald Whiteside,TOR,28.0,177.8,72.57472,Northern Illinois,USA,Undrafted,Undrafted,Undrafted,27,2.2,0.4,1.3,-12.4,0.009,0.046,0.134,0.479,0.2339999999999999,1996-97
157,Donnie Boyce,ATL,23.0,195.58,88.904032,Colorado,USA,1995,2,42,22,2.5,0.7,0.6,-10.3,0.051,0.059,0.244,0.3779999999999999,0.146,1996-97
158,Donny Marshall,CLE,24.0,200.66,104.32616,Connecticut,USA,1995,2,39,56,3.1,1.3,0.4,-8.7,0.045,0.118,0.19,0.476,0.085,1996-97
159,Dontonio Wingfield,POR,23.0,203.2,116.119552,Cincinnati,USA,1994,2,37,47,4.5,2.9,1.0,1.3,0.132,0.144,0.204,0.501,0.14,1996-97
160,Donyell Marshall,GSW,24.0,205.74,104.32616,Connecticut,USA,1994,1,4,61,7.3,4.5,0.9,-8.6,0.098,0.21,0.222,0.478,0.088,1996-97
161,Doug Christie,TOR,27.0,198.12,92.98636,Pepperdine,USA,1992,1,17,81,14.5,5.3,3.9,-2.6,0.031,0.135,0.184,0.5429999999999999,0.165,1996-97
162,Doug Overton,PHI,27.0,190.5,86.18248,La Salle,USA,1991,2,40,61,3.6,1.1,1.7,-1.3,0.031,0.085,0.172,0.514,0.258,1996-97
164,Duane Causwell,SAC,29.0,213.36,108.86208,Temple,USA,1990,1,18,46,2.6,2.8,0.4,-11.8,0.1119999999999999,0.143,0.111,0.535,0.0559999999999999,1996-97
165,Duane Ferrell,IND,32.0,200.66,97.52228,Georgia Tech,USA,Undrafted,Undrafted,Undrafted,62,6.4,2.3,1.1,2.3,0.066,0.091,0.181,0.521,0.1,1996-97
166,Dwayne Schintzius,LAC,28.0,215.9,117.93392,Florida,USA,1990,1,24,15,2.3,1.5,0.3,12.3,0.078,0.151,0.175,0.43,0.048,1996-97
168,Ed O'Bannon,DAL,24.0,203.2,100.697424,UCLA,USA,1995,1,9,64,3.7,2.3,0.6,-8.7,0.06,0.149,0.1669999999999999,0.3989999999999999,0.077,1996-97
169,Devin Gray,SAS,25.0,200.66,108.86208,Clemson,USA,1995,Undrafted,Undrafted,6,3.0,2.3,0.3,-42.1,0.113,0.25,0.263,0.319,0.071,1996-97
170,Jud Buechler,CHI,29.0,198.12,103.418976,Arizona,USA,1990,2,38,76,1.8,1.7,0.8,5.4,0.07,0.121,0.12,0.423,0.121,1996-97
172,Derrick Coleman,PHI,30.0,208.28,117.93392,Syracuse,USA,1990,1,1,57,18.1,10.1,3.4,-5.4,0.08,0.225,0.24,0.518,0.161,1996-97
175,Darrell Armstrong,ORL,29.0,185.42,81.64656,Fayetteville State,USA,Undrafted,Undrafted,Undrafted,67,6.1,1.1,2.6,0.3,0.039,0.05,0.222,0.525,0.308,1996-97
176,Darrick Martin,LAC,26.0,180.34,77.11064,UCLA,USA,Undrafted,Undrafted,Undrafted,82,10.9,1.4,4.1,-4.5,0.016,0.06,0.2319999999999999,0.539,0.292,1996-97
177,Darrin Hancock,ATL,25.0,200.66,92.98636,Kansas,USA,1994,2,38,24,1.8,0.8,0.5,-2.6,0.03,0.118,0.159,0.51,0.136,1996-97
178,Darvin Ham,IND,23.0,200.66,99.79024,Texas Tech,USA,Undrafted,Undrafted,Undrafted,36,2.3,1.6,0.4,-2.0,0.109,0.0969999999999999,0.14,0.536,0.072,1996-97
180,David Vaughn,ORL,24.0,205.74,108.86208,Memphis,USA,1995,1,25,35,2.3,2.7,0.2,-7.5,0.128,0.216,0.172,0.475,0.045,1996-97
181,David Wesley,BOS,26.0,185.42,89.811216,Baylor,USA,Undrafted,Undrafted,Undrafted,74,16.8,3.6,7.3,-7.4,0.024,0.084,0.1889999999999999,0.563,0.286,1996-97
183,David Wood,MIL,32.0,205.74,104.32616,Nevada-Reno,USA,Undrafted,Undrafted,Undrafted,46,1.2,0.6,0.3,3.9,0.026,0.128,0.1,0.621,0.085,1996-97
185,Dee Brown,BOS,28.0,187.96,87.089664,Jacksonville,USA,1990,1,19,21,7.6,2.3,3.2,-7.5,0.015,0.095,0.163,0.455,0.2019999999999999,1996-97
187,Dell Demps,ORL,27.0,190.5,92.98636,Pacific,USA,Undrafted,Undrafted,Undrafted,2,1.0,0.0,0.0,-53.7,0.0,0.0,0.185,0.258,0.0,1996-97
189,Dennis Scott,ORL,28.0,203.2,106.59412,Georgia Tech,USA,1990,1,4,66,12.5,3.1,2.1,1.9,0.021,0.092,0.188,0.519,0.106,1996-97
190,Derek Fisher,LAL,22.0,185.42,90.7184,Arkansas-Little Rock,USA,1996,1,24,80,3.9,1.2,1.5,5.1,0.031,0.087,0.186,0.491,0.223,1996-97
192,Derek Strong,ORL,29.0,205.74,108.86208,Xavier,USA,1990,2,47,82,8.5,6.3,0.9,-0.7,0.1,0.208,0.182,0.513,0.064,1996-97
193,Derrick Alston,ATL,24.0,210.82,102.0582,Duquesne,USA,1994,2,33,2,0.0,2.0,0.0,-39.9,0.188,0.2,0.213,0.0,0.0,1996-97
195,Brett Szabo,BOS,29.0,210.82,104.32616,Augustana (SD),USA,Undrafted,Undrafted,Undrafted,70,2.2,2.4,0.2,-11.1,0.089,0.196,0.119,0.517,0.039,1996-97
196,Juwan Howard,WAS,24.0,205.74,113.398,Michigan,USA,1994,1,5,82,19.1,8.0,3.8,1.3,0.073,0.156,0.2339999999999999,0.529,0.15,1996-97
197,Keith Askins,MIA,29.0,203.2,101.604608,Alabama,USA,Undrafted,Undrafted,Undrafted,78,4.9,3.5,1.0,6.1,0.059,0.127,0.108,0.557,0.068,1996-97
198,Scott Burrell,GSW,26.0,200.66,102.511792,Connecticut,USA,1993,1,20,57,5.2,2.8,1.3,1.4,0.061,0.134,0.1689999999999999,0.485,0.121,1996-97
199,Scott Williams,PHI,29.0,208.28,104.32616,North Carolina,USA,Undrafted,Undrafted,Undrafted,62,5.8,6.4,0.7,-4.6,0.126,0.205,0.127,0.529,0.049,1996-97
202,Sean Rooks,LAL,27.0,208.28,117.93392,Arizona,USA,1992,2,30,69,3.8,2.4,0.6,1.3,0.088,0.166,0.177,0.547,0.098,1996-97
204,Shandon Anderson,UTA,23.0,198.12,94.347136,Georgia,USA,1996,2,54,65,5.9,2.8,0.8,2.5,0.065,0.139,0.193,0.534,0.074,1996-97
205,Shane Heal,MIN,26.0,182.88,81.64656,,USA,Undrafted,Undrafted,Undrafted,43,1.7,0.4,0.8,-0.7,0.008,0.075,0.204,0.3779999999999999,0.214,1996-97
206,Shaquille O'Neal,LAL,25.0,215.9,136.0776,Louisiana State,USA,1992,1,1,51,26.2,12.5,3.1,6.9,0.119,0.26,0.314,0.556,0.159,1996-97
207,Scott Brooks,NYK,31.0,180.34,74.84268,California-Irvine,USA,Undrafted,Undrafted,Undrafted,38,1.5,0.5,0.8,3.8,0.032,0.0579999999999999,0.1159999999999999,0.625,0.191,1996-97
208,Shareef Abdur-Rahim,VAN,20.0,205.74,104.32616,California,USA,1996,1,3,80,18.7,6.9,2.2,-12.3,0.089,0.142,0.275,0.518,0.12,1996-97
209,Shawn Bradley,DAL,25.0,228.6,112.490816,Brigham Young,USA,1993,1,2,73,13.2,8.4,0.7,-5.9,0.102,0.1969999999999999,0.2239999999999999,0.478,0.042,1996-97
211,Shawn Respert,TOR,25.0,187.96,83.91452,Michigan State,USA,1995,1,8,41,4.2,1.0,1.0,-4.1,0.031,0.065,0.1639999999999999,0.551,0.132,1996-97
212,Shawnelle Scott,CLE,25.0,210.82,113.398,St. John's (NY),USA,1994,2,43,16,1.3,1.0,0.0,6.8,0.16,0.222,0.191,0.48,0.0,1996-97
214,Stacey Augmon,POR,28.0,203.2,92.98636,Nevada-Las Vegas,USA,1991,1,9,60,4.7,2.3,0.9,6.0,0.06,0.109,0.158,0.531,0.093,1996-97
216,Stanley Roberts,LAC,27.0,213.36,131.54168,Louisiana State,USA,1991,1,23,18,9.5,5.1,0.5,2.6,0.071,0.218,0.238,0.485,0.049,1996-97
217,Stephen Howard,UTA,26.0,205.74,111.13004,DePaul,USA,Undrafted,Undrafted,Undrafted,49,3.6,1.7,0.2,0.1,0.094,0.1639999999999999,0.187,0.613,0.046,1996-97
218,Sharone Wright,TOR,24.0,210.82,117.93392,Clemson,USA,1994,1,6,60,6.5,3.1,0.5,-9.3,0.089,0.126,0.255,0.423,0.054,1996-97
219,Sasha Danilovic,DAL,27.0,198.12,90.7184,,USA,1992,2,43,56,12.5,2.4,1.8,1.5,0.019,0.069,0.196,0.552,0.103,1996-97
221,Samaki Walker,DAL,21.0,205.74,108.86208,Louisville,USA,1996,1,9,43,4.9,3.4,0.4,-12.6,0.094,0.198,0.201,0.485,0.05,1996-97
222,Rex Walters,PHI,27.0,193.04,86.18248,Kansas,USA,1993,1,16,59,6.8,1.8,1.9,-11.1,0.021,0.093,0.1689999999999999,0.5710000000000001,0.18,1996-97
223,Richard Manning,LAC,27.0,210.82,111.13004,Washington,USA,1993,2,40,26,2.9,1.5,0.1,-6.8,0.079,0.136,0.211,0.425,0.027,1996-97
224,Rick Fox,BOS,27.0,200.66,112.944408,North Carolina,Canada,1991,1,24,76,15.4,5.2,3.8,-6.9,0.047,0.134,0.2019999999999999,0.551,0.175,1996-97
228,Robert Horry,LAL,26.0,208.28,99.79024,Alabama,USA,1992,1,11,54,7.8,4.4,2.0,2.7,0.0559999999999999,0.143,0.149,0.529,0.119,1996-97
229,Robert Pack,DAL,28.0,187.96,86.18248,Southern California,USA,Undrafted,Undrafted,Undrafted,54,14.3,2.7,8.4,-8.3,0.016,0.078,0.244,0.482,0.435,1996-97
231,Robert Werdann,NJN,26.0,210.82,113.398,St. John's (NY),USA,1992,2,46,6,1.5,1.0,0.0,-14.5,0.107,0.143,0.143,0.541,0.0,1996-97
233,Rodney Rogers,LAC,26.0,200.66,115.66596,Wake Forest,USA,1993,1,9,81,13.2,5.1,2.7,-3.5,0.063,0.132,0.223,0.53,0.152,1996-97
236,Roy Rogers,VAN,23.0,208.28,106.59412,Alabama,USA,1996,1,22,82,6.6,4.7,0.6,-13.6,0.088,0.155,0.154,0.518,0.042,1996-97
237,Ruben Nembhard,POR,25.0,190.5,94.347136,Weber State,USA,Undrafted,Undrafted,Undrafted,10,4.0,0.8,1.7,-0.3,0.033,0.054,0.1989999999999999,0.483,0.25,1996-97
238,Rumeal Robinson,POR,30.0,187.96,88.45044,Michigan,USA,1990,1,10,54,3.3,0.9,1.4,4.5,0.0139999999999999,0.086,0.1989999999999999,0.491,0.233,1996-97
239,Sam Cassell,NJN,27.0,190.5,83.91452,Florida State,USA,1993,1,24,61,15.9,3.0,5.0,-1.7,0.03,0.089,0.2739999999999999,0.541,0.313,1996-97
240,Sam Mack,HOU,27.0,200.66,99.79024,Houston,USA,Undrafted,Undrafted,Undrafted,52,5.6,2.0,1.1,-1.7,0.026,0.104,0.165,0.521,0.108,1996-97
243,Stephon Marbury,MIN,20.0,187.96,81.64656,Georgia Tech,USA,1996,1,4,67,15.8,2.7,7.8,-3.1,0.0279999999999999,0.066,0.244,0.519,0.373,1996-97
245,Steve Hamer,BOS,23.0,213.36,111.13004,Tennessee,USA,1996,2,38,35,2.2,1.7,0.2,-3.1,0.065,0.181,0.126,0.545,0.037,1996-97
246,Steve Nash,PHX,23.0,190.5,88.45044,Santa Clara,Canada,1996,1,15,65,3.3,1.0,2.1,-8.5,0.026,0.083,0.17,0.539,0.301,1996-97
249,Wesley Person,PHX,26.0,198.12,88.45044,Auburn,USA,1994,1,23,80,13.5,3.7,1.5,0.7,0.033,0.114,0.195,0.5670000000000001,0.084,1996-97
251,Walter McCarty,NYK,23.0,208.28,104.32616,Kentucky,USA,1996,1,19,35,1.8,0.7,0.4,3.2,0.0559999999999999,0.08,0.217,0.431,0.1159999999999999,1996-97
252,Walt Williams,TOR,27.0,203.2,104.32616,Maryland,USA,1992,1,7,73,16.4,5.0,2.7,-1.7,0.046,0.122,0.215,0.551,0.128,1996-97
253,Voshon Lenard,MIA,24.0,193.04,92.98636,Minnesota,USA,1994,2,46,73,12.3,3.0,2.2,8.2,0.022,0.095,0.187,0.614,0.131,1996-97
255,Vitaly Potapenko,CLE,22.0,208.28,127.00576,Wright State,Ukraine,1996,1,12,80,5.8,2.7,0.5,-0.2,0.106,0.119,0.2339999999999999,0.486,0.064,1996-97
256,Willie Burton,ATL,29.0,203.2,95.25432,Minnesota,USA,1990,1,9,24,6.2,1.7,0.5,-4.8,0.033,0.0969999999999999,0.21,0.507,0.0559999999999999,1996-97
258,Vin Baker,MIL,25.0,210.82,111.13004,Hartford,USA,1993,1,8,78,21.0,10.3,2.7,-1.6,0.107,0.206,0.255,0.5529999999999999,0.12,1996-97
260,Tyus Edney,SAC,24.0,177.8,68.945984,UCLA,USA,1995,2,47,70,6.9,1.6,3.2,-2.0,0.0279999999999999,0.067,0.192,0.499,0.264,1996-97
261,Tyrone Hill,CLE,29.0,205.74,111.13004,Xavier,USA,1990,1,11,74,12.9,9.9,1.2,5.3,0.131,0.245,0.178,0.626,0.065,1996-97
263,Travis Knight,LAL,22.0,213.36,106.59412,Connecticut,USA,1996,1,29,71,4.8,4.5,0.5,6.2,0.127,0.182,0.142,0.536,0.052,1996-97
264,Travis Best,IND,24.0,180.34,82.553744,Georgia Tech,USA,1995,1,23,76,9.9,2.2,4.2,2.5,0.021,0.074,0.193,0.5329999999999999,0.265,1996-97
265,Tracy Murray,WAS,25.0,200.66,103.418976,UCLA,USA,1992,1,18,82,10.0,3.1,1.0,1.9,0.054,0.108,0.205,0.546,0.068,1996-97
266,Tracy Moore,HOU,31.0,193.04,90.7184,Tulsa,USA,Undrafted,Undrafted,Undrafted,27,3.7,1.0,0.7,-7.7,0.0559999999999999,0.068,0.208,0.502,0.147,1996-97
269,Yinka Dare,NJN,24.0,213.36,120.20188,George Washington,USA,1994,1,14,41,1.4,2.0,0.1,-1.4,0.113,0.191,0.12,0.406,0.013,1996-97
270,Zan Tabak,TOR,27.0,213.36,111.13004,,USA,1991,2,51,13,6.5,3.8,1.1,-12.2,0.11,0.135,0.2189999999999999,0.501,0.111,1996-97
271,Steve Scheffler,SEA,29.0,205.74,113.398,Purdue,USA,1990,2,39,7,1.6,0.4,0.0,-19.9,0.043,0.077,0.186,0.799,0.0,1996-97
272,Steven Smith,ATL,28.0,203.2,97.52228,Michigan State,USA,1991,1,5,72,20.1,3.3,4.2,7.4,0.04,0.061,0.253,0.5479999999999999,0.203,1996-97
273,Stevin Smith,DAL,25.0,187.96,94.347136,Arizona State,USA,Undrafted,Undrafted,Undrafted,8,1.8,1.3,0.5,-6.8,0.0289999999999999,0.157,0.163,0.38,0.118,1996-97
274,Stojko Vrankovic,MIN,33.0,218.44,117.93392,,USA,Undrafted,Undrafted,Undrafted,53,3.4,3.2,0.3,-7.1,0.089,0.1689999999999999,0.125,0.583,0.0279999999999999,1996-97
275,Terrell Brandon,CLE,27.0,180.34,81.64656,Oregon,USA,1991,1,11,78,19.5,3.9,6.3,2.7,0.022,0.119,0.283,0.526,0.337,1996-97
277,Terry Dehere,LAC,25.0,193.04,86.18248,Seton Hall,USA,1993,1,13,73,6.4,1.3,2.2,-0.5,0.016,0.088,0.233,0.524,0.261,1996-97
278,Terry Mills,DET,29.0,208.28,113.398,Michigan,USA,1990,1,16,79,10.8,4.8,1.3,11.4,0.045,0.188,0.205,0.585,0.089,1996-97
280,Theo Ratliff,DET,24.0,208.28,102.0582,Wyoming,USA,1995,1,18,76,5.8,3.4,0.2,7.3,0.11,0.134,0.168,0.5660000000000001,0.016,1996-97
283,Tim Legler,WAS,30.0,193.04,90.7184,La Salle,USA,Undrafted,Undrafted,Undrafted,15,2.9,1.4,0.5,-3.5,0.0,0.133,0.151,0.431,0.055,1996-97
284,Todd Day,BOS,27.0,198.12,85.275296,Arkansas,USA,1992,1,8,81,14.5,4.1,1.4,-7.8,0.05,0.122,0.236,0.514,0.085,1996-97
285,Todd Fuller,GSW,22.0,210.82,115.66596,North Carolina State,USA,1996,1,11,75,4.0,3.3,0.3,-8.6,0.127,0.171,0.166,0.48,0.04,1996-97
287,Tom Gugliotta,MIN,27.0,208.28,108.86208,North Carolina State,USA,1992,1,6,81,20.6,8.7,4.1,-2.0,0.072,0.193,0.2769999999999999,0.526,0.1939999999999999,1996-97
289,Toni Kukoc,CHI,28.0,210.82,105.233344,,Croatia,1990,2,29,57,13.2,4.6,4.5,15.2,0.069,0.12,0.214,0.5529999999999999,0.2319999999999999,1996-97
290,Tony Delk,CHH,23.0,187.96,85.728888,Kentucky,USA,1996,1,16,61,5.4,1.6,1.6,0.9,0.044,0.09,0.182,0.596,0.187,1996-97
291,Tony Dumas,PHX,24.0,198.12,86.18248,Missouri-Kansas City,USA,1994,1,19,24,3.6,0.7,1.0,-4.1,0.012,0.055,0.1989999999999999,0.402,0.134,1996-97
294,Reggie Slater,TOR,26.0,200.66,97.52228,Wyoming,USA,Undrafted,Undrafted,Undrafted,26,7.8,3.7,0.8,1.5,0.108,0.163,0.228,0.5579999999999999,0.092,1996-97
296,Lindsey Hunter,DET,26.0,187.96,88.45044,Jackson State,USA,1993,1,10,82,14.2,2.8,1.9,5.1,0.025,0.071,0.201,0.515,0.088,1996-97
297,Lionel Simmons,SAC,28.0,200.66,95.25432,La Salle,USA,1990,1,7,41,3.4,2.5,1.4,-10.5,0.065,0.173,0.162,0.442,0.179,1996-97
298,Litterial Green,DET,27.0,185.42,83.91452,Georgia,USA,1992,2,39,45,2.0,0.5,0.9,17.0,0.025,0.055,0.159,0.531,0.2239999999999999,1996-97
299,Tony Smith,CHH,29.0,193.04,92.98636,Marquette,USA,1990,2,51,69,5.0,1.4,2.2,0.7,0.035,0.051,0.156,0.477,0.175,1996-97
300,Loren Meyer,PHX,24.0,208.28,117.93392,Iowa State,USA,1995,1,24,54,4.9,2.7,0.4,-6.7,0.085,0.14,0.215,0.489,0.046,1996-97
301,Lorenzen Wright,LAC,21.0,210.82,108.86208,Memphis,USA,1996,1,7,77,7.3,6.1,0.6,-3.7,0.12,0.168,0.146,0.503,0.039,1996-97
302,Lorenzo Williams,WAS,27.0,205.74,104.32616,Stetson,USA,Undrafted,Undrafted,Undrafted,19,2.4,3.6,0.2,-10.9,0.121,0.181,0.087,0.66,0.022,1996-97
303,Lou Roe,GSW,24.0,200.66,99.79024,Massachusetts,USA,1995,2,30,17,2.4,0.8,0.4,-14.4,0.054,0.069,0.249,0.355,0.103,1996-97
304,Loy Vaught,LAC,29.0,205.74,108.86208,Michigan,USA,1990,1,13,82,14.9,10.0,1.3,-7.7,0.088,0.255,0.208,0.523,0.07,1996-97
305,Lee Mayberry,VAN,27.0,185.42,81.64656,Arkansas,USA,1992,1,23,80,5.1,1.7,4.1,-11.0,0.017,0.064,0.115,0.525,0.265,1996-97
306,Luc Longley,CHI,28.0,218.44,132.448864,New Mexico,USA,1991,1,7,59,9.1,5.6,2.4,10.4,0.095,0.159,0.1969999999999999,0.499,0.141,1996-97
307,Mahmoud Abdul-Rauf,SAC,28.0,185.42,73.481904,Louisiana State,USA,1990,1,3,75,13.7,1.6,2.5,-4.9,0.009,0.059,0.2339999999999999,0.524,0.154,1996-97
308,Malik Rose,CHH,22.0,200.66,113.398,Drexel,USA,1996,2,44,54,3.0,3.0,0.6,1.3,0.1689999999999999,0.2189999999999999,0.161,0.515,0.089,1996-97
309,Malik Sealy,LAC,27.0,203.2,90.7184,St. John's (NY),USA,1992,1,14,80,13.5,3.0,2.1,-8.0,0.027,0.09,0.222,0.504,0.114,1996-97
310,Marcus Brown,POR,23.0,190.5,83.91452,Murray State,USA,1996,2,46,21,3.9,0.7,1.0,4.0,0.027,0.07,0.221,0.523,0.1689999999999999,1996-97
311,Marcus Camby,TOR,23.0,210.82,99.79024,Massachusetts,USA,1996,1,2,63,14.8,6.3,1.5,-1.5,0.079,0.165,0.241,0.523,0.092,1996-97
313,Mark Bradtke,PHI,28.0,208.28,120.20188,,USA,Undrafted,Undrafted,Undrafted,36,1.6,1.9,0.2,0.9,0.107,0.176,0.118,0.4629999999999999,0.043,1996-97
315,Mark Davis,PHI,24.0,200.66,95.25432,Texas Tech,USA,1995,2,48,75,8.5,4.3,1.8,-7.4,0.086,0.122,0.177,0.525,0.125,1996-97
316,Lucious Harris,PHI,26.0,195.58,92.98636,Long Beach State,USA,1993,2,28,54,5.4,1.3,0.9,-5.5,0.036,0.065,0.184,0.466,0.105,1996-97
317,Lawrence Moten,VAN,25.0,195.58,86.18248,Syracuse,USA,1995,2,36,67,6.7,1.8,1.9,-10.6,0.04,0.076,0.215,0.461,0.18,1996-97
318,Latrell Sprewell,GSW,26.0,195.58,86.18248,Alabama,USA,1992,1,24,80,24.2,4.6,6.3,-3.3,0.021,0.11,0.271,0.57,0.27,1996-97
319,Larry Stewart,SEA,28.0,203.2,104.32616,Coppin State,USA,Undrafted,Undrafted,Undrafted,70,4.3,2.4,0.7,5.8,0.089,0.115,0.161,0.512,0.079,1996-97
320,Keith Tower,MIL,27.0,210.82,113.398,Notre Dame,USA,Undrafted,Undrafted,Undrafted,5,1.4,1.8,0.2,5.6,0.0289999999999999,0.106,0.087,0.304,0.024,1996-97
322,Kendall Gill,NJN,29.0,195.58,97.975872,Illinois,USA,1990,1,5,82,21.8,6.1,4.0,-3.6,0.0579999999999999,0.114,0.255,0.53,0.182,1996-97
323,Kenny Anderson,POR,26.0,185.42,76.203456,Georgia Tech,USA,1991,1,2,82,17.5,4.4,7.1,4.8,0.036,0.102,0.222,0.54,0.31,1996-97
325,Kerry Kittles,NJN,23.0,195.58,81.19296800000001,Villanova,USA,1996,1,8,82,16.4,3.9,3.0,-5.2,0.035,0.0819999999999999,0.1989999999999999,0.523,0.139,1996-97
329,Kevin Garnett,MIN,21.0,210.82,99.79024,,USA,1995,1,5,77,17.0,8.0,3.1,2.8,0.077,0.166,0.215,0.537,0.139,1996-97
331,Kevin Salvadori,SAC,26.0,213.36,104.779752,North Carolina,USA,Undrafted,Undrafted,Undrafted,23,1.6,1.1,0.4,3.5,0.047,0.124,0.15,0.452,0.089,1996-97
333,Khalid Reeves,DAL,24.0,190.5,91.171992,Arizona,USA,1994,1,12,63,8.2,1.9,3.6,-9.7,0.025,0.072,0.193,0.508,0.272,1996-97
334,Kobe Bryant,LAL,18.0,200.66,90.7184,,USA,1996,1,13,71,7.6,1.9,1.3,2.2,0.048,0.084,0.244,0.544,0.144,1996-97
335,Kurt Thomas,MIA,24.0,205.74,106.59412,Texas Christian,USA,1995,1,10,18,6.3,5.9,0.5,-0.8,0.094,0.239,0.183,0.451,0.042,1996-97
336,LaPhonso Ellis,DEN,27.0,203.2,108.86208,Notre Dame,USA,1992,1,5,55,21.9,7.0,2.4,-5.9,0.061,0.163,0.28,0.529,0.122,1996-97
338,Lamond Murray,LAC,24.0,200.66,107.047712,California,USA,1994,1,7,74,7.4,3.1,0.8,-1.4,0.071,0.138,0.209,0.52,0.077,1996-97
339,Larry Johnson,NYK,28.0,200.66,119.294696,Nevada-Las Vegas,USA,1991,1,1,76,12.8,5.2,2.3,4.7,0.08,0.103,0.178,0.57,0.115,1996-97
341,Mark Hendrickson,PHI,23.0,205.74,99.79024,Washington State,USA,1996,2,31,29,2.9,3.2,0.1,-5.1,0.113,0.201,0.133,0.481,0.0139999999999999,1996-97
344,Mark Strickland,MIA,26.0,208.28,99.79024,Temple,USA,Undrafted,Undrafted,Undrafted,31,2.0,1.2,0.0,-17.1,0.109,0.152,0.2319999999999999,0.4479999999999999,0.013,1996-97
346,Nick Van Exel,LAL,25.0,185.42,83.007336,Cincinnati,USA,1993,2,37,79,15.3,2.9,8.5,3.8,0.017,0.071,0.209,0.518,0.358,1996-97
348,Oliver Miller,TOR,27.0,205.74,140.61352,Arkansas,USA,1992,1,22,61,4.8,5.0,1.4,-1.0,0.107,0.204,0.141,0.539,0.1159999999999999,1996-97
349,Othella Harrington,HOU,23.0,205.74,106.59412,Georgetown,USA,1996,2,30,57,4.8,3.5,0.3,0.4,0.103,0.155,0.154,0.57,0.033,1996-97
351,P.J. Brown,MIA,27.0,210.82,108.86208,Louisiana Tech,USA,1992,2,29,80,9.5,8.4,1.2,7.4,0.11,0.192,0.157,0.505,0.059,1996-97
354,Pete Chilcutt,VAN,28.0,208.28,108.86208,North Carolina,USA,1991,1,27,54,3.4,2.9,0.9,-16.2,0.1159999999999999,0.17,0.139,0.521,0.1169999999999999,1996-97
356,Popeye Jones,TOR,27.0,203.2,113.398,Murray State,USA,1992,2,41,79,7.8,8.6,1.1,-2.8,0.127,0.209,0.13,0.521,0.0559999999999999,1996-97
357,Priest Lauderdale,ATL,23.0,223.52,155.582056,Central State (OH),USA,1996,1,28,35,3.2,1.2,0.3,-4.0,0.093,0.1639999999999999,0.284,0.56,0.107,1996-97
359,Randolph Childress,DET,24.0,187.96,85.275296,Wake Forest,USA,1995,1,19,23,1.7,0.3,0.7,-0.9,0.008,0.037,0.176,0.4479999999999999,0.205,1996-97
360,Randy Brown,CHI,29.0,187.96,86.18248,New Mexico State,USA,1991,2,31,72,4.7,1.5,1.8,10.4,0.037,0.079,0.178,0.461,0.178,1996-97
361,Rasheed Wallace,POR,22.0,210.82,102.0582,North Carolina,USA,1995,1,4,62,15.1,6.8,1.2,7.8,0.079,0.181,0.218,0.588,0.067,1996-97
362,Ray Allen,MIL,21.0,195.58,92.98636,Connecticut,USA,1996,1,5,82,13.4,4.0,2.6,-2.0,0.046,0.109,0.211,0.541,0.133,1996-97
363,Ray Owes,GSW,24.0,205.74,101.604608,Arizona,USA,Undrafted,Undrafted,Undrafted,57,3.1,2.9,0.3,-8.0,0.1169999999999999,0.187,0.166,0.442,0.043,1996-97
364,Reggie Geary,CLE,23.0,187.96,84.821704,Arizona,USA,1996,2,56,39,1.5,0.4,0.9,7.7,0.019,0.054,0.154,0.4539999999999999,0.2689999999999999,1996-97
365,Reggie Jordan,MIN,29.0,193.04,88.45044,New Mexico State,USA,Undrafted,Undrafted,Undrafted,19,2.1,1.4,0.6,4.2,0.103,0.13,0.1369999999999999,0.597,0.174,1996-97
368,Nate Driggers,BOS,23.0,195.58,97.52228,Montevallo,USA,Undrafted,Undrafted,Undrafted,15,2.4,1.5,0.4,-24.0,0.079,0.098,0.162,0.366,0.078,1996-97
371,Martin Lewis,TOR,22.0,198.12,102.0582,Seward County Community College,USA,1995,2,50,9,1.6,0.7,0.4,-3.5,0.087,0.045,0.135,0.47,0.125,1996-97
372,Martin Muursepp,DAL,22.0,205.74,106.59412,,USA,1996,1,25,42,3.7,1.6,0.5,-14.5,0.109,0.118,0.233,0.482,0.114,1996-97
373,Marty Conlon,BOS,29.0,210.82,111.13004,Providence,USA,Undrafted,Undrafted,Undrafted,74,7.8,4.4,1.4,-9.0,0.083,0.152,0.1669999999999999,0.542,0.1009999999999999,1996-97
374,Matt Bullard,HOU,30.0,208.28,106.59412,Iowa,USA,Undrafted,Undrafted,Undrafted,71,4.5,1.6,0.9,0.9,0.016,0.115,0.151,0.535,0.099,1996-97
375,Matt Fish,MIA,27.0,210.82,106.59412,North Carolina-Wilmington,USA,1992,2,50,6,0.3,0.8,0.0,-15.1,0.143,0.267,0.265,0.3329999999999999,0.0,1996-97
376,Matt Geiger,CHH,27.0,215.9,111.13004,Georgia Tech,USA,1992,2,42,49,8.9,5.3,0.8,0.9,0.12,0.179,0.215,0.5379999999999999,0.065,1996-97
377,Matt Maloney,HOU,25.0,190.5,90.7184,Pennsylvania,USA,Undrafted,Undrafted,Undrafted,82,9.4,2.0,3.7,6.3,0.01,0.064,0.147,0.585,0.188,1996-97
378,Matt Steigenga,CHI,27.0,200.66,102.0582,Michigan State,USA,1992,2,52,2,1.5,1.5,1.0,-19.8,0.0,0.1669999999999999,0.341,0.307,0.3329999999999999,1996-97
379,Melvin Booker,GSW,24.0,187.96,83.91452,Missouri,USA,Undrafted,Undrafted,Undrafted,21,5.8,1.4,2.5,-3.8,0.018,0.064,0.144,0.536,0.196,1996-97
381,Michael Curry,DET,28.0,195.58,95.25432,Georgia Southern,USA,Undrafted,Undrafted,Undrafted,81,3.9,1.5,0.5,6.7,0.024,0.094,0.12,0.5920000000000001,0.062,1996-97
382,Michael Finley,DAL,24.0,200.66,97.52228,Wisconsin,USA,1995,1,21,83,15.0,4.5,2.7,-6.5,0.036,0.12,0.221,0.53,0.147,1996-97
383,Michael Hawkins,BOS,24.0,182.88,80.73937600000001,Xavier,USA,Undrafted,Undrafted,Undrafted,29,2.8,1.1,2.2,-10.3,0.0279999999999999,0.0819999999999999,0.126,0.536,0.281,1996-97
385,Michael Smith,SAC,25.0,203.2,104.32616,Providence,USA,1994,2,35,81,6.5,9.5,2.4,-1.8,0.118,0.239,0.11,0.545,0.1119999999999999,1996-97
388,Mitchell Butler,POR,26.0,195.58,95.25432,UCLA,USA,Undrafted,Undrafted,Undrafted,49,3.0,1.1,0.6,4.6,0.046,0.074,0.168,0.503,0.114,1996-97
389,Monty Williams,SAS,25.0,203.2,102.0582,Notre Dame,USA,1994,1,24,65,9.0,3.2,1.4,-6.3,0.085,0.099,0.225,0.5429999999999999,0.127,1996-97
390,Moochie Norris,VAN,23.0,187.96,85.275296,West Florida,USA,1996,2,33,8,1.5,1.5,2.9,-30.5,0.038,0.105,0.149,0.248,0.418,1996-97
392,Brent Scott,IND,26.0,208.28,113.398,Rice,USA,Undrafted,Undrafted,Undrafted,16,1.2,0.6,0.2,4.9,0.073,0.109,0.186,0.484,0.086,1996-97
393,Lloyd Daniels,NJN,29.0,200.66,92.98636,Mt. San Antonio,USA,Undrafted,Undrafted,Undrafted,22,4.5,2.0,1.2,-8.9,0.0579999999999999,0.103,0.185,0.4029999999999999,0.135,1996-97
394,Tony Massenburg,NJN,29.0,205.74,113.398,Maryland,USA,1990,2,43,79,7.2,6.5,0.3,-6.2,0.119,0.172,0.139,0.523,0.018,1996-97
395,Antonio McDyess,DEN,22.0,205.74,99.79024,Alabama,USA,1995,1,2,74,18.3,7.3,1.4,-7.5,0.07,0.163,0.267,0.509,0.079,1996-97
398,Ashraf Amaya,WAS,25.0,203.2,104.32616,Southern Illinois,USA,Undrafted,Undrafted,Undrafted,31,1.3,1.7,0.1,-8.6,0.127,0.289,0.184,0.382,0.038,1996-97
399,Avery Johnson,SAS,32.0,180.34,81.64656,Southern,USA,Undrafted,Undrafted,Undrafted,76,10.5,1.9,6.8,-8.6,0.015,0.0579999999999999,0.175,0.517,0.353,1996-97
401,Ben Davis,PHX,24.0,205.74,108.86208,Arizona,USA,1996,2,43,20,1.5,1.4,0.0,-0.4,0.132,0.192,0.156,0.417,0.0,1996-97
402,Ben Wallace,WAS,22.0,205.74,108.86208,Virginia Union,USA,Undrafted,Undrafted,Undrafted,34,1.1,1.7,0.1,-3.5,0.132,0.18,0.165,0.347,0.018,1996-97
404,Antonio Lang,CLE,25.0,203.2,104.32616,Duke,USA,1994,2,29,64,2.7,2.0,0.5,0.7,0.081,0.118,0.136,0.467,0.068,1996-97
406,Bimbo Coles,GSW,29.0,187.96,82.553744,Virginia Tech,USA,1990,2,40,51,6.1,2.3,2.9,-6.3,0.04,0.078,0.153,0.4629999999999999,0.204,1996-97
407,Bison Dele,CHI,28.0,210.82,117.93392,Arizona,USA,1991,1,10,9,7.0,3.7,1.3,0.9,0.118,0.154,0.2769999999999999,0.4529999999999999,0.14,1996-97
409,Bo Outlaw,LAC,26.0,203.2,95.25432,Houston,USA,Undrafted,Undrafted,Undrafted,82,7.6,5.5,1.9,4.0,0.092,0.152,0.129,0.602,0.113,1996-97
410,Bob Sura,CLE,24.0,195.58,90.7184,Florida State,USA,1995,1,17,82,9.2,3.8,4.8,1.0,0.042,0.134,0.1989999999999999,0.519,0.318,1996-97
411,Bobby Hurley,SAC,26.0,182.88,74.84268,Duke,USA,1993,1,7,49,2.9,0.8,3.0,-2.6,0.015,0.05,0.14,0.482,0.336,1996-97
412,Bobby Phills,CLE,27.0,195.58,99.79024,Southern,USA,1991,2,45,69,12.6,3.6,3.4,3.3,0.034,0.1009999999999999,0.208,0.514,0.178,1996-97
414,Brent Price,HOU,28.0,185.42,83.91452,Oklahoma,USA,1992,2,32,25,5.0,1.2,2.6,2.9,0.032,0.052,0.17,0.551,0.249,1996-97
415,Billy Owens,SAC,28.0,205.74,102.0582,Syracuse,USA,1991,1,3,66,11.0,5.9,2.8,-3.0,0.077,0.152,0.1889999999999999,0.514,0.154,1996-97
416,Antonio Harvey,SEA,26.0,210.82,102.0582,Pfeiffer,USA,Undrafted,Undrafted,Undrafted,6,2.5,1.7,0.2,1.4,0.074,0.2289999999999999,0.217,0.55,0.063,1996-97
417,Brent Barry,LAC,25.0,198.12,88.45044,Oregon State,USA,1995,1,15,59,7.5,1.9,2.6,4.1,0.03,0.089,0.2,0.526,0.2239999999999999,1996-97
418,Antoine Walker,BOS,20.0,205.74,101.604608,Kentucky,USA,1996,1,6,82,17.5,9.0,3.2,-9.3,0.103,0.1889999999999999,0.251,0.474,0.15,1996-97
420,Aaron McKie,DET,24.0,195.58,94.800728,Temple,USA,1994,1,17,83,5.2,2.7,1.9,5.2,0.031,0.129,0.147,0.524,0.163,1996-97
421,Aaron Williams,VAN,25.0,205.74,102.0582,Xavier,USA,Undrafted,Undrafted,Undrafted,33,6.2,4.3,0.5,-8.3,0.129,0.163,0.168,0.599,0.051,1996-97
422,Acie Earl,MIL,27.0,210.82,108.86208,Iowa,USA,1993,1,19,47,4.0,2.0,0.4,-6.4,0.079,0.14,0.2239999999999999,0.435,0.077,1996-97
423,Adam Keefe,UTA,27.0,205.74,109.315672,Stanford,USA,1992,1,10,62,3.8,3.5,0.5,6.7,0.11,0.177,0.126,0.5720000000000001,0.051,1996-97
424,Adrian Caldwell,PHI,30.0,203.2,120.20188,Lamar,USA,Undrafted,Undrafted,Undrafted,45,2.2,3.7,0.3,-6.2,0.108,0.208,0.105,0.4429999999999999,0.03,1996-97
425,Antonio Davis,IND,28.0,205.74,104.32616,Texas-El Paso,USA,1990,2,45,82,10.5,7.3,0.8,3.4,0.098,0.206,0.187,0.537,0.049,1996-97
426,Aleksandar Djordjevic,POR,29.0,187.96,89.811216,,USA,Undrafted,Undrafted,Undrafted,8,3.1,0.6,0.6,4.8,0.021,0.07,0.179,0.687,0.135,1996-97
427,Allan Houston,NYK,26.0,198.12,90.7184,Tennessee,USA,1993,1,11,81,14.8,3.0,2.2,2.9,0.02,0.086,0.223,0.531,0.1169999999999999,1996-97
428,Allen Iverson,PHI,22.0,182.88,74.84268,Georgetown,USA,1996,1,1,76,23.5,4.1,7.5,-7.0,0.04,0.072,0.284,0.513,0.32,1996-97
429,Alan Henderson,ATL,24.0,205.74,106.59412,Indiana,USA,1995,1,16,30,6.6,3.9,0.8,-9.7,0.114,0.184,0.2019999999999999,0.51,0.078,1996-97
432,Alonzo Mourning,MIA,27.0,208.28,118.38751200000002,Georgetown,USA,1992,1,2,66,19.8,9.9,1.6,10.5,0.1,0.2289999999999999,0.275,0.578,0.086,1996-97
433,Anthony Miller,ATL,25.0,205.74,115.66596,Michigan State,USA,1994,2,39,1,0.0,7.0,0.0,-50.0,0.111,0.7140000000000001,0.149,0.0,0.0,1996-97
435,Anthony Goldwire,DEN,25.0,187.96,82.553744,Houston,USA,1994,2,52,60,6.5,1.4,3.7,-4.1,0.011,0.066,0.168,0.531,0.305,1996-97
436,Anthony Peeler,VAN,27.0,193.04,94.347136,Missouri,USA,1992,1,15,72,14.5,3.4,3.6,-10.4,0.027,0.096,0.248,0.487,0.208,1996-97
438,Andrew DeClercq,GSW,24.0,208.28,104.32616,Florida,USA,1995,2,34,71,5.3,4.2,0.5,-5.6,0.132,0.198,0.173,0.552,0.05,1996-97
439,Amal McCaskill,ORL,23.0,210.82,106.59412,Marquette,USA,1996,2,49,17,1.6,1.3,0.4,-15.7,0.038,0.2,0.206,0.376,0.146,1996-97
440,Anfernee Hardaway,ORL,25.0,200.66,97.52228,Memphis,USA,1993,1,3,59,20.5,4.5,5.6,4.6,0.0409999999999999,0.096,0.254,0.5539999999999999,0.27,1996-97
452,Michael McDonald,CHH,29.0,208.28,105.233344,New Orleans,USA,1995,2,55,1,0.0,1.0,0.0,-71.4,0.25,0.0,0.25,0.0,0.0,1997-98
457,Maurice Taylor,LAC,21.0,205.74,117.93392,Michigan,USA,1997,1,14,71,11.5,4.2,0.7,-9.5,0.089,0.136,0.262,0.521,0.069,1997-98
461,Michael Stewart,SAC,23.0,208.28,104.32616,California,USA,Undrafted,Undrafted,Undrafted,81,4.6,6.6,0.8,-3.0,0.125,0.211,0.12,0.486,0.054,1997-98
467,Rick Brunson,POR,26.0,193.04,88.45044,Temple,USA,Undrafted,Undrafted,Undrafted,38,4.3,1.5,2.6,-1.4,0.0279999999999999,0.076,0.161,0.481,0.253,1997-98
473,Reggie Hanson,BOS,29.0,203.2,88.45044,Kentucky,USA,1998,Undrafted,Undrafted,8,0.8,0.8,0.1,7.3,0.1669999999999999,0.188,0.161,0.5,0.0559999999999999,1997-98
491,Larry Robinson,VAN,30.0,190.5,81.64656,Centenary (LA),USA,Undrafted,Undrafted,Undrafted,6,2.8,2.0,0.2,-2.8,0.043,0.233,0.221,0.428,0.043,1997-98
497,Kiwane Garris,DEN,23.0,187.96,83.007336,Illinois,USA,Undrafted,Undrafted,Undrafted,28,2.4,0.7,1.0,-17.4,0.016,0.0819999999999999,0.179,0.447,0.214,1997-98
501,Kevin Ollie,ORL,25.0,193.04,88.45044,Connecticut,USA,Undrafted,Undrafted,Undrafted,35,3.5,1.1,1.9,-1.9,0.023,0.078,0.186,0.477,0.263,1997-98
508,Kelvin Cato,POR,23.0,210.82,115.66596,Iowa State,USA,1997,1,15,74,3.8,3.4,0.3,-2.3,0.103,0.173,0.147,0.496,0.038,1997-98
509,Keith Van Horn,NJN,22.0,208.28,99.79024,Utah,USA,1997,1,2,62,19.7,6.6,1.7,2.9,0.068,0.139,0.251,0.516,0.075,1997-98
510,Keith Closs,LAC,22.0,220.98,96.161504,Central Connecticut State,USA,Undrafted,Undrafted,Undrafted,58,4.0,2.9,0.3,-8.0,0.092,0.155,0.162,0.482,0.0409999999999999,1997-98
511,Lawrence Funderburke,SAC,27.0,205.74,104.32616,Ohio State,USA,1994,2,51,52,9.5,4.5,1.2,-7.0,0.081,0.168,0.212,0.534,0.102,1997-98
512,Marko Milic,PHX,21.0,198.12,106.59412,,Slovenia,1997,2,33,33,2.8,0.8,0.4,7.4,0.076,0.099,0.245,0.644,0.113,1997-98
517,Mark Pope,IND,25.0,208.28,106.59412,Kentucky,USA,1996,2,52,28,1.4,0.9,0.3,-0.2,0.0559999999999999,0.115,0.145,0.402,0.062,1997-98
523,Mario Bennett,LAL,24.0,205.74,106.59412,Arizona State,USA,1995,1,27,45,3.9,2.8,0.4,5.0,0.1639999999999999,0.207,0.201,0.573,0.084,1997-98
538,Sean Higgins,POR,29.0,205.74,92.98636,Michigan,USA,1990,2,54,2,0.0,0.0,0.0,-49.8,0.0,0.0,0.181,0.0,0.0,1997-98
541,Tracy McGrady,TOR,19.0,203.2,95.25432,,USA,1997,1,9,64,7.0,4.2,1.5,-9.5,0.095,0.155,0.187,0.505,0.136,1997-98
544,Tony Farmer,CHH,28.0,205.74,111.13004,Nebraska,USA,Undrafted,Undrafted,Undrafted,27,2.5,1.2,0.2,-6.4,0.103,0.108,0.198,0.477,0.046,1997-98
547,Tony Battie,DEN,22.0,210.82,108.86208,Texas Tech,USA,1997,1,5,65,8.4,5.4,0.9,-15.6,0.1009999999999999,0.1669999999999999,0.2019999999999999,0.477,0.075,1997-98
554,Tim Thomas,PHI,21.0,208.28,104.32616,Villanova,USA,1997,1,7,77,11.0,3.7,1.2,-4.9,0.069,0.118,0.2269999999999999,0.5379999999999999,0.092,1997-98
558,Tim Duncan,SAS,22.0,213.36,112.490816,Wake Forest,US Virgin Islands,1997,1,1,82,21.1,11.9,2.7,8.0,0.108,0.238,0.262,0.5770000000000001,0.131,1997-98
559,Tim Breaux,MIL,27.0,200.66,97.52228,Wyoming,USA,Undrafted,Undrafted,Undrafted,6,1.7,0.3,0.3,1.2,0.0,0.069,0.209,0.421,0.154,1997-98
562,Travis Williams,CHH,29.0,200.66,113.398,South Carolina State,USA,Undrafted,Undrafted,Undrafted,39,3.5,2.4,0.5,-5.4,0.162,0.134,0.205,0.488,0.094,1997-98
563,Troy Hudson,UTA,22.0,185.42,80.73937600000001,Southern Illinois,USA,Undrafted,Undrafted,Undrafted,8,1.5,0.3,0.5,-6.4,0.053,0.048,0.302,0.429,0.444,1997-98
565,Zydrunas Ilgauskas,CLE,23.0,220.98,117.93392,,Lithuania,1996,1,20,82,13.9,8.8,0.9,4.4,0.147,0.222,0.223,0.564,0.054,1997-98
570,William Cunningham,PHI,24.0,210.82,113.398,Temple,USA,Undrafted,Undrafted,Undrafted,7,1.1,1.4,0.1,27.4,0.138,0.14,0.1119999999999999,0.444,0.042,1997-98
589,Keith Booth,CHI,23.0,198.12,102.511792,Maryland,USA,1997,1,28,6,1.7,0.7,0.2,-10.0,0.1,0.125,0.236,0.579,0.077,1997-98
595,Scot Pollard,DET,23.0,210.82,120.20188,Kansas,USA,1997,1,19,33,2.7,2.2,0.3,0.8,0.133,0.15,0.136,0.555,0.05,1997-98
601,Rusty LaRue,CHI,24.0,190.5,83.91452,Wake Forest,USA,Undrafted,Undrafted,Undrafted,14,3.5,0.6,0.4,9.9,0.009,0.0559999999999999,0.191,0.466,0.054,1997-98
604,Ron Mercer,BOS,22.0,200.66,95.25432,Kentucky,USA,1997,1,6,80,15.3,3.5,2.2,-2.8,0.044,0.084,0.2239999999999999,0.491,0.114,1997-98
606,Rodrick Rhodes,HOU,24.0,198.12,102.0582,Southern California,USA,1997,1,24,58,5.8,1.2,1.9,-4.2,0.03,0.047,0.2,0.439,0.175,1997-98
614,Terry Davis,WAS,31.0,208.28,113.398,Virginia Union,USA,Undrafted,Undrafted,Undrafted,74,4.4,6.5,0.4,-1.2,0.129,0.1939999999999999,0.095,0.524,0.025,1997-98
617,Tariq Abdul-Wahad,SAC,23.0,198.12,101.151016,San Jose State,France,1997,1,11,59,6.4,2.0,0.9,-7.0,0.048,0.085,0.217,0.456,0.087,1997-98
622,Steve Henson,DET,30.0,185.42,81.64656,Kansas State,USA,1990,2,44,23,1.6,0.1,0.2,10.2,0.0,0.0409999999999999,0.249,0.619,0.105,1997-98
629,Shea Seals,LAL,22.0,195.58,95.25432,Tulsa,USA,Undrafted,Undrafted,Undrafted,4,1.0,1.0,0.0,-13.1,0.158,0.1,0.355,0.205,0.0,1997-98
640,Adonal Foyle,GSW,23.0,208.28,113.398,Colgate,St. Vincent & Grenadines,1997,1,8,55,3.0,3.3,0.3,-11.8,0.1119999999999999,0.182,0.162,0.418,0.037,1997-98
647,Alvin Williams,TOR,23.0,195.58,83.91452,Villanova,USA,1997,2,47,54,6.0,1.5,1.9,1.1,0.027,0.0559999999999999,0.158,0.504,0.156,1997-98
653,Anthony Johnson,SAC,23.0,190.5,86.18248,College of Charleston,USA,1997,2,39,77,7.5,2.2,4.3,-7.7,0.025,0.061,0.154,0.437,0.222,1997-98
656,Anthony Parker,PHI,23.0,198.12,97.52228,Bradley,USA,1997,1,21,37,1.9,0.7,0.5,-5.0,0.0409999999999999,0.106,0.178,0.501,0.179,1997-98
660,Antonio Daniels,VAN,23.0,193.04,88.45044,Bowling Green,USA,1997,1,4,74,7.8,1.9,4.5,-12.8,0.013,0.069,0.178,0.465,0.268,1997-98
669,DeJuan Wheat,MIN,24.0,182.88,74.84268,Louisville,USA,1997,2,51,34,1.7,0.3,0.7,-1.6,0.021,0.057,0.182,0.504,0.2689999999999999,1997-98
674,David Benoit,ORL,30.0,203.2,99.79024,Alabama,USA,Undrafted,Undrafted,Undrafted,77,5.5,2.6,0.3,-0.6,0.0559999999999999,0.153,0.191,0.477,0.037,1997-98
679,Danny Fortson,DEN,22.0,200.66,117.93392,Cincinnati,USA,1997,1,10,80,10.2,5.6,1.0,-13.2,0.12,0.182,0.23,0.537,0.081,1997-98
691,Corey Beck,CHH,27.0,190.5,90.7184,Arkansas,USA,Undrafted,Undrafted,Undrafted,59,3.2,1.5,1.7,2.4,0.045,0.104,0.16,0.516,0.21,1997-98
698,Austin Croshere,IND,23.0,205.74,106.59412,Providence,USA,1997,1,12,26,2.9,1.7,0.3,-3.1,0.047,0.1689999999999999,0.1939999999999999,0.412,0.052,1997-98
700,Chauncey Billups,TOR,21.0,190.5,91.625584,Colorado,USA,1997,1,3,80,11.2,2.4,3.9,-10.6,0.0289999999999999,0.072,0.203,0.516,0.242,1997-98
702,Charles Smith,LAC,22.0,193.04,87.996848,New Mexico,USA,1997,1,26,34,3.5,0.8,0.6,-7.5,0.05,0.052,0.233,0.4579999999999999,0.128,1997-98
704,Charles O'Bannon,DET,23.0,195.58,94.800728,UCLA,USA,1997,2,31,30,2.1,1.1,0.6,4.0,0.065,0.11,0.152,0.423,0.1119999999999999,1997-98
706,Cedric Henderson,CLE,23.0,200.66,97.52228,Memphis,USA,1997,2,44,82,10.1,4.0,2.0,3.1,0.036,0.121,0.178,0.514,0.113,1997-98
720,Brian Oliver,ATL,30.0,193.04,95.25432,Georgia Tech,USA,1990,2,32,5,3.0,1.8,0.4,-1.8,0.05,0.115,0.144,0.361,0.047,1997-98
723,Brevin Knight,CLE,22.0,177.8,78.471416,Stanford,USA,1997,1,16,80,9.0,3.2,8.2,6.4,0.033,0.088,0.166,0.515,0.418,1997-98
725,Kebu Stewart,PHI,24.0,203.2,108.408488,Cal State-Bakersfield,USA,1997,2,35,15,2.7,2.1,0.1,11.7,0.087,0.212,0.173,0.541,0.03,1997-98
726,Bubba Wells,DAL,23.0,195.58,104.32616,Austin Peay,USA,1997,2,34,39,3.3,1.7,0.9,-14.0,0.057,0.138,0.185,0.474,0.142,1997-98
727,Chris Anstey,DAL,23.0,213.36,112.944408,,USA,1997,1,18,41,5.9,3.8,0.9,-9.8,0.0819999999999999,0.174,0.201,0.455,0.094,1997-98
733,Bill Curley,MIN,26.0,205.74,111.13004,Boston College,USA,1994,1,22,11,3.1,2.5,0.4,6.6,0.089,0.145,0.1159999999999999,0.495,0.037,1997-98
743,Bobby Jackson,DEN,25.0,185.42,83.91452,Minnesota,USA,1997,1,23,68,11.6,4.4,4.7,-12.5,0.043,0.128,0.2319999999999999,0.4529999999999999,0.288,1997-98
746,Brandon Williams,GSW,23.0,198.12,97.52228,Davidson,USA,Undrafted,Undrafted,Undrafted,9,4.1,1.7,0.3,-2.4,0.031,0.072,0.182,0.357,0.031,1997-98
754,Chris Garner,TOR,23.0,177.8,70.760352,Memphis,USA,Undrafted,Undrafted,Undrafted,38,1.4,0.6,1.2,-15.1,0.025,0.073,0.144,0.363,0.241,1997-98
756,Chris Crawford,ATL,23.0,205.74,106.59412,Marquette,USA,1997,2,50,40,3.8,1.0,0.2,-7.1,0.081,0.084,0.252,0.536,0.062,1997-98
763,James Cotton,SEA,22.0,195.58,99.79024,Long Beach State,USA,1997,2,32,9,2.7,0.7,0.0,-36.2,0.061,0.121,0.332,0.481,0.0,1997-98
764,James Collins,LAC,24.0,193.04,88.904032,Florida State,USA,1997,2,36,23,2.6,0.6,0.1,-13.0,0.0579999999999999,0.067,0.251,0.482,0.0559999999999999,1997-98
767,Jacque Vaughn,UTA,23.0,185.42,86.18248,Kansas,USA,1997,1,27,45,3.1,0.8,1.9,2.9,0.012,0.086,0.218,0.457,0.315,1997-98
782,Harold Ellis,DEN,27.0,195.58,99.79024,Morehouse,USA,Undrafted,Undrafted,Undrafted,27,6.1,1.9,0.7,-9.4,0.089,0.092,0.204,0.591,0.105,1997-98
790,Jason Lawson,ORL,23.0,210.82,108.86208,Villanova,USA,1997,2,41,17,1.5,1.6,0.3,7.4,0.104,0.345,0.111,0.67,0.083,1997-98
795,Johnny Taylor,ORL,24.0,205.74,99.79024,Tennessee-Chattanooga,USA,1997,1,17,12,3.2,1.1,0.1,4.8,0.043,0.127,0.215,0.431,0.0139999999999999,1997-98
798,John Thomas,TOR,22.0,205.74,120.20188,Minnesota,USA,1997,1,25,54,2.8,2.0,0.3,-2.6,0.099,0.133,0.145,0.552,0.05,1997-98
813,Jerald Honeycutt,MIL,23.0,205.74,115.212368,Tulane,USA,1997,2,38,38,6.4,2.4,0.9,2.1,0.0579999999999999,0.149,0.245,0.497,0.111,1997-98
814,Jeff Nordgaard,MIL,25.0,200.66,102.0582,Wisconsin-Green Bay,USA,1996,2,53,13,1.4,1.1,0.2,4.4,0.071,0.2269999999999999,0.1989999999999999,0.41,0.086,1997-98
822,Ed Stokes,TOR,26.0,213.36,119.748288,Arizona,USA,1993,2,35,4,0.8,1.0,0.3,-47.4,0.059,0.214,0.134,0.387,0.125,1997-98
823,Ed Gray,ATL,22.0,190.5,95.25432,California,USA,1997,1,22,30,7.6,1.5,1.1,-8.3,0.023,0.09,0.248,0.492,0.132,1997-98
826,Drew Barry,ATL,25.0,195.58,86.636072,Georgia Tech,USA,1996,2,57,27,2.1,1.3,1.8,16.0,0.024,0.129,0.124,0.64,0.257,1997-98
832,Dontae' Jones,BOS,23.0,203.2,99.79024,Mississippi State,USA,1996,1,21,15,2.9,0.6,0.3,-7.1,0.03,0.08,0.289,0.386,0.089,1997-98
843,Derek Grimm,SAC,23.0,205.74,104.32616,Missouri,USA,Undrafted,Undrafted,Undrafted,9,1.6,0.4,0.0,-18.2,0.0,0.148,0.1989999999999999,0.47,0.0,1997-98
846,Derek Anderson,CLE,23.0,195.58,88.45044,Kentucky,USA,1997,1,13,66,11.7,2.8,3.4,3.9,0.038,0.091,0.215,0.531,0.2189999999999999,1997-98
854,God Shammgod,WAS,22.0,182.88,76.657048,Providence,USA,1997,2,45,20,3.1,0.4,1.8,-5.9,0.013,0.036,0.256,0.428,0.419,1997-98
856,Gerald Madkins,GSW,29.0,193.04,90.7184,UCLA,USA,Undrafted,Undrafted,Undrafted,19,1.9,0.8,2.4,-2.8,0.009,0.063,0.094,0.499,0.313,1997-98
869,Etdrick Bohannon,IND,25.0,205.74,99.79024,Auburn-Montgomery,USA,Undrafted,Undrafted,Undrafted,5,0.0,1.2,0.2,-20.6,0.143,0.222,0.256,0.0,0.143,1997-98
872,Eric Riley,DAL,28.0,213.36,111.13004,Michigan,USA,1993,2,33,39,3.6,3.4,0.6,-6.3,0.089,0.1939999999999999,0.16,0.461,0.065,1997-98
874,Eric Washington,DEN,24.0,193.04,86.18248,Alabama,USA,1997,2,46,66,7.7,1.9,1.2,-18.1,0.034,0.063,0.176,0.478,0.093,1997-98
881,Dirk Nowitzki,DAL,21.0,213.36,107.501304,,Germany,1998,1,9,47,8.2,3.4,1.0,-1.5,0.052,0.139,0.223,0.492,0.0819999999999999,1998-99
897,Earl Boykins,CLE,23.0,165.1,65.77083999999999,Eastern Michigan,USA,Undrafted,Undrafted,Undrafted,22,3.0,0.8,1.5,-10.8,0.037,0.0579999999999999,0.22,0.405,0.303,1998-99
903,Cory Carr,CHI,23.0,193.04,95.25432,Texas Tech,USA,1998,2,49,42,4.1,1.2,1.6,-14.0,0.015,0.0819999999999999,0.21,0.372,0.206,1998-99
904,Cuttino Mobley,HOU,23.0,193.04,86.18248,Rhode Island,USA,1998,2,41,49,9.9,2.3,2.5,3.7,0.019,0.067,0.174,0.537,0.1369999999999999,1998-99
908,Damon Jones,BOS,22.0,190.5,83.91452,Houston,USA,Undrafted,Undrafted,Undrafted,24,5.2,1.8,1.8,-3.0,0.018,0.12,0.183,0.494,0.209,1998-99
928,Gerard King,SAS,26.0,205.74,104.32616,Nicholls State,USA,Undrafted,Undrafted,Undrafted,19,1.2,0.7,0.2,5.7,0.102,0.1159999999999999,0.174,0.525,0.103,1998-99
948,J.R. Henderson,VAN,22.0,203.2,105.68693600000002,UCLA,USA,1998,2,56,30,3.2,1.6,0.7,-6.9,0.069,0.0969999999999999,0.1889999999999999,0.419,0.128,1998-99
954,Gerald Brown,PHX,23.0,193.04,95.25432,Pepperdine,USA,Undrafted,Undrafted,Undrafted,33,2.4,0.7,0.9,-12.1,0.022,0.078,0.226,0.42,0.23,1998-99
968,Felipe Lopez,VAN,24.0,198.12,88.45044,St. John's (NY),Dominican Republic,1998,1,24,47,9.3,3.5,1.3,-9.1,0.065,0.0969999999999999,0.196,0.498,0.093,1998-99
979,Corey Benjamin,CHI,21.0,198.12,90.7184,Oregon State,USA,1998,1,28,30,3.9,1.3,0.3,-16.4,0.0579999999999999,0.095,0.2269999999999999,0.4379999999999999,0.065,1998-99
1011,Adonis Jordan,MIL,28.0,180.34,77.11064,Kansas,USA,1993,2,42,4,1.5,0.0,0.8,-36.4,0.0,0.0,0.185,0.521,0.273,1998-99
1012,Al Harrington,IND,19.0,205.74,104.32616,,USA,1998,1,25,21,2.1,1.9,0.2,-8.3,0.132,0.148,0.21,0.359,0.06,1998-99
1017,Alvin Sims,PHX,24.0,193.04,106.59412,Louisville,USA,Undrafted,Undrafted,Undrafted,4,2.8,1.0,1.3,-30.0,0.143,0.045,0.272,0.451,0.3329999999999999,1998-99
1019,Andrae Patterson,MIN,23.0,205.74,107.954896,Indiana,USA,1998,2,46,35,3.3,1.9,0.4,-1.6,0.104,0.144,0.206,0.505,0.094,1998-99
1021,Andrew Gaze,SAS,33.0,200.66,92.98636,Seton Hall,USA,Undrafted,Undrafted,Undrafted,19,1.1,0.3,0.3,27.4,0.038,0.048,0.206,0.42,0.182,1998-99
1024,Antawn Jamison,GSW,23.0,205.74,101.151016,North Carolina,USA,1998,1,4,47,9.6,6.4,0.7,-3.0,0.12,0.173,0.216,0.487,0.0579999999999999,1998-99
1025,Anthony Avent,UTA,29.0,205.74,106.59412,Seton Hall,USA,1991,1,15,5,1.8,2.4,0.2,5.4,0.178,0.1,0.2019999999999999,0.324,0.043,1998-99
1028,Bonzi Wells,POR,22.0,195.58,95.25432,Ball State,USA,1998,1,11,7,4.4,1.3,0.4,-8.0,0.125,0.125,0.389,0.555,0.231,1998-99
1029,Brad Miller,CHH,23.0,210.82,113.398,Purdue,USA,Undrafted,Undrafted,Undrafted,38,6.3,3.1,0.6,6.6,0.098,0.1969999999999999,0.214,0.6509999999999999,0.081,1998-99
1039,Chris King,UTA,29.0,203.2,97.52228,Wake Forest,USA,1992,2,45,8,0.5,1.4,0.1,-16.3,0.026,0.25,0.14,0.228,0.048,1998-99
1053,Charles R. Jones,CHI,23.0,190.5,81.64656,Long Island-Brooklyn,USA,Undrafted,Undrafted,Undrafted,29,3.7,1.4,1.4,-12.2,0.022,0.087,0.163,0.407,0.156,1998-99
1062,Brian Skinner,LAC,23.0,205.74,115.66596,Baylor,USA,1998,1,22,21,4.1,2.5,0.0,0.5,0.085,0.152,0.182,0.503,0.0069999999999999,1998-99
1064,Bruno Sundov,DAL,19.0,218.44,99.79024,,Croatia,1998,2,35,3,1.3,0.0,0.3,-64.9,0.0,0.0,0.287,0.286,0.143,1998-99
1067,Bryce Drew,HOU,24.0,190.5,83.91452,Valparaiso,USA,1998,1,16,34,3.5,0.9,1.5,-1.2,0.008,0.073,0.171,0.445,0.193,1998-99
1072,Casey Shaw,PHI,23.0,210.82,117.93392,Toledo,USA,1998,2,37,9,0.2,0.3,0.0,-10.7,0.1669999999999999,0.0,0.286,0.125,0.0,1998-99
1078,Jahidi White,WAS,23.0,205.74,131.54168,Georgetown,USA,1998,2,43,20,2.5,2.9,0.1,-4.7,0.139,0.191,0.147,0.517,0.008,1998-99
1087,Roshown McLeod,ATL,23.0,203.2,99.79024,Duke,USA,1998,1,20,34,4.8,1.5,0.4,-5.9,0.042,0.131,0.276,0.4429999999999999,0.09,1998-99
1088,Ruben Patterson,LAL,23.0,198.12,102.965384,Cincinnati,USA,1998,2,31,24,2.7,1.3,0.1,-4.0,0.13,0.107,0.2289999999999999,0.503,0.024,1998-99
1090,Ryan Stack,CLE,23.0,210.82,97.52228,South Carolina,USA,1998,2,48,18,2.6,1.9,0.3,-19.4,0.1169999999999999,0.094,0.14,0.513,0.045,1998-99
1092,Sam Jacobson,LAL,23.0,193.04,97.52228,Minnesota,USA,1998,1,26,2,4.0,1.5,0.0,26.0,0.0,0.214,0.24,0.68,0.0,1998-99
1093,Robert Traylor,MIL,22.0,203.2,128.820128,Michigan,USA,1998,1,6,49,5.3,3.7,0.8,6.9,0.129,0.158,0.1669999999999999,0.5479999999999999,0.072,1998-99
1101,Sean Marks,TOR,23.0,208.28,113.398,California,New Zealand,1998,2,44,8,1.4,0.1,0.0,-42.6,0.0,0.0559999999999999,0.204,0.619,0.0,1998-99
1111,Pat Garrity,PHX,22.0,205.74,107.954896,Notre Dame,USA,1998,1,19,39,5.6,1.9,0.5,3.2,0.0579999999999999,0.107,0.185,0.557,0.055,1998-99
1113,Paul Grant,MIL,25.0,213.36,111.13004,Wisconsin,USA,1997,1,20,6,0.7,0.2,0.0,-28.8,0.067,0.0,0.23,0.3329999999999999,0.0,1998-99
1114,Paul Pierce,BOS,21.0,200.66,99.79024,Kansas,USA,1998,1,10,48,16.5,6.4,2.4,-2.0,0.079,0.134,0.2319999999999999,0.54,0.121,1998-99
1115,Peja Stojakovic,SAC,22.0,205.74,103.872568,,Serbia and Montenegro,1996,1,14,48,8.4,3.0,1.5,1.3,0.045,0.108,0.195,0.496,0.115,1998-99
1117,Peter Aluma,SAC,26.0,208.28,117.93392,Liberty,USA,Undrafted,Undrafted,Undrafted,2,1.0,1.0,0.0,-65.1,0.125,0.125,0.218,0.5,0.0,1998-99
1120,Raef LaFrentz,DEN,23.0,210.82,108.86208,Kansas,USA,1998,1,3,12,13.8,7.6,0.7,-7.9,0.093,0.184,0.182,0.5529999999999999,0.038,1998-99
1121,Randell Jackson,WAS,23.0,210.82,97.52228,Florida State,USA,1999,Undrafted,Undrafted,27,4.2,2.0,0.3,-9.6,0.1159999999999999,0.1009999999999999,0.238,0.467,0.0559999999999999,1998-99
1126,Rasho Nesterovic,MIN,23.0,213.36,112.490816,,Slovenia,1998,1,17,2,4.0,4.0,0.5,2.9,0.086,0.25,0.187,0.311,0.045,1998-99
1136,Ricky Davis,CHH,19.0,200.66,88.45044,Iowa,USA,1998,1,21,46,4.5,1.8,1.3,0.2,0.09,0.091,0.233,0.462,0.186,1998-99
1137,Rashard Lewis,SEA,19.0,208.28,97.52228,,USA,1998,2,32,20,2.4,1.3,0.2,-13.5,0.085,0.085,0.22,0.4039999999999999,0.047,1998-99
1145,Trevor Winter,MIN,25.0,213.36,124.7378,Minnesota,USA,Undrafted,Undrafted,Undrafted,1,0.0,3.0,0.0,-21.3,0.1,0.5,0.0,0.0,0.0,1998-99
1149,Tyrone Nesby,LAC,23.0,198.12,102.0582,Nevada-Las Vegas,USA,Undrafted,Undrafted,Undrafted,50,10.1,3.5,1.6,-6.4,0.049,0.115,0.183,0.5429999999999999,0.109,1998-99
1150,Tyronn Lue,LAL,22.0,182.88,79.3786,Nebraska,USA,1998,1,23,15,5.0,0.3,1.7,1.7,0.006,0.025,0.1989999999999999,0.505,0.207,1998-99
1151,Tyson Wheeler,DEN,23.0,177.8,74.84268,Rhode Island,USA,1998,2,47,1,4.0,0.0,2.0,62.2,0.0,0.0,0.32,1.064,0.667,1998-99
1158,Vladimir Stepania,SEA,23.0,213.36,107.047712,,Georgia,1998,1,27,23,5.5,3.3,0.5,-6.2,0.1009999999999999,0.166,0.244,0.445,0.065,1998-99
1167,Vince Carter,TOR,22.0,200.66,97.52228,North Carolina,USA,1998,1,5,50,18.3,5.7,3.0,1.2,0.061,0.127,0.257,0.516,0.1639999999999999,1998-99
1192,Toby Bailey,PHX,23.0,198.12,96.615096,UCLA,USA,1998,2,45,27,2.9,2.0,0.5,-7.3,0.1009999999999999,0.146,0.185,0.425,0.083,1998-99
1199,Shammond Williams,ATL,24.0,185.42,91.171992,North Carolina,USA,1998,2,34,2,1.5,0.0,0.5,-42.9,0.0,0.0,0.294,0.5429999999999999,1.0,1998-99
1207,Jonathan Kerner,ORL,25.0,210.82,111.13004,East Carolina,USA,Undrafted,Undrafted,Undrafted,1,0.0,0.0,0.0,1.3,0.0,0.0,0.093,0.0,0.0,1998-99
1216,Kelly McCarty,DEN,23.0,200.66,90.7184,Southern Mississippi,USA,Undrafted,Undrafted,Undrafted,2,2.0,1.5,0.0,6.4,0.3329999999999999,0.071,0.3879999999999999,0.667,0.0,1998-99
1219,Keon Clark,DEN,24.0,210.82,99.79024,Nevada-Las Vegas,USA,1998,1,13,28,3.3,3.4,0.4,-3.0,0.106,0.181,0.133,0.483,0.044,1998-99
1226,Korleone Young,DET,20.0,200.66,96.615096,,USA,1998,2,40,3,4.3,1.3,0.3,26.9,0.143,0.154,0.341,0.597,0.125,1998-99
1228,Kornel David,CHI,27.0,205.74,106.59412,,USA,Undrafted,Undrafted,Undrafted,50,6.2,3.5,0.8,-15.2,0.088,0.142,0.175,0.528,0.087,1998-99
1239,Jason Williams,SAC,23.0,185.42,86.18248,Florida,USA,1998,1,7,50,12.8,3.1,6.0,-1.4,0.008,0.08,0.186,0.483,0.243,1998-99
1243,John Coker,WAS,27.0,213.36,114.758776,Boise State,USA,Undrafted,Undrafted,Undrafted,14,2.2,1.6,0.0,-25.5,0.061,0.19,0.15,0.461,0.0,1998-99
1244,Jeff Sheppard,ATL,24.0,190.5,86.18248,Kentucky,USA,Undrafted,Undrafted,Undrafted,17,2.4,1.3,0.9,-2.9,0.036,0.098,0.13,0.447,0.157,1998-99
1247,Jerome James,SAC,23.0,215.9,136.0776,Florida A&M,USA,1998,2,36,16,1.5,1.1,0.1,-20.5,0.118,0.268,0.3379999999999999,0.41,0.053,1998-99
1257,Jelani McCoy,SEA,21.0,208.28,111.13004,UCLA,USA,1998,2,33,26,5.1,3.0,0.2,-6.6,0.096,0.171,0.147,0.7040000000000001,0.023,1998-99
1261,Mikki Moore,DET,23.0,213.36,104.32616,Nebraska,USA,Undrafted,Undrafted,Undrafted,2,2.0,0.5,0.0,89.7,0.0,0.1669999999999999,0.158,1.064,0.0,1998-99
1262,Mike Bibby,VAN,21.0,187.96,86.18248,Arizona,USA,1998,1,2,50,13.2,2.7,6.5,-9.6,0.02,0.072,0.215,0.487,0.3429999999999999,1998-99
1266,Michael Olowokandi,LAC,24.0,213.36,122.016248,Pacific,Nigeria,1998,1,1,45,8.9,7.9,0.6,-12.1,0.107,0.24,0.1939999999999999,0.445,0.034,1998-99
1269,Michael Doleac,ORL,22.0,210.82,118.841104,Utah,USA,1998,1,12,49,6.2,3.0,0.4,5.5,0.0969999999999999,0.13,0.186,0.503,0.044,1998-99
1270,Michael Dickerson,HOU,24.0,195.58,86.18248,Arizona,USA,1998,1,14,50,10.9,1.7,1.9,4.4,0.021,0.039,0.1689999999999999,0.5539999999999999,0.1009999999999999,1998-99
1274,Matt Harpring,ORL,23.0,200.66,104.779752,Georgia Tech,USA,1998,1,15,50,8.2,4.3,0.9,-0.3,0.09,0.14,0.184,0.5329999999999999,0.072,1998-99
1277,Marlon Garnett,BOS,23.0,187.96,84.368112,Santa Clara,USA,Undrafted,Undrafted,Undrafted,24,2.1,0.9,0.8,-9.5,0.0139999999999999,0.088,0.15,0.426,0.171,1998-99
1283,Mark Macon,DET,30.0,193.04,83.91452,Temple,USA,1991,1,8,7,1.3,0.7,0.6,6.4,0.048,0.036,0.165,0.225,0.078,1998-99
1288,Miles Simon,ORL,23.0,190.5,91.625584,Arizona,USA,1998,2,42,5,0.4,0.4,0.0,-29.2,0.071,0.059,0.208,0.2,0.0,1998-99
1292,Larry Hughes,PHI,20.0,195.58,83.91452,Saint Louis,USA,1998,1,8,50,9.1,3.8,1.5,1.1,0.093,0.126,0.246,0.474,0.15,1998-99
1310,Nazr Mohammed,PHI,21.0,208.28,108.86208,Kentucky,USA,1998,1,29,26,1.6,1.4,0.1,15.9,0.175,0.165,0.2269999999999999,0.41,0.031,1998-99
1311,Negele Knight,TOR,32.0,185.42,79.3786,Dayton,USA,1990,2,31,6,1.3,1.0,1.3,-11.6,0.02,0.125,0.138,0.41,0.25,1998-99
1314,Mark Baker,TOR,29.0,185.42,79.3786,Ohio State,USA,Undrafted,Undrafted,Undrafted,1,0.0,0.0,0.0,-64.2,0.0,0.0,0.4,0.0,0.0,1998-99
1322,Michael Ruffin,CHI,23.0,205.74,111.583632,Tulsa,USA,1999,2,32,71,2.2,3.5,0.6,-8.1,0.142,0.168,0.111,0.45,0.0819999999999999,1999-00
1326,Metta World Peace,CHI,20.0,198.12,110.676448,St. John's (NY),USA,1999,1,16,72,12.0,4.3,2.7,-8.6,0.031,0.129,0.215,0.491,0.171,1999-00
1335,Mirsad Turkcan,MIL,24.0,205.74,97.975872,,USA,1998,1,18,17,1.9,1.9,0.3,-23.8,0.14,0.299,0.238,0.397,0.119,1999-00
1342,Obinna Ekezie,VAN,24.0,205.74,122.46984,Maryland,Nigeria,1999,2,37,39,3.2,2.4,0.2,-2.6,0.125,0.214,0.1889999999999999,0.5379999999999999,0.039,1999-00
1351,Milt Palacio,VAN,22.0,190.5,88.45044,Colorado State,Belize,Undrafted,Undrafted,Undrafted,53,2.0,1.0,0.9,-4.4,0.05,0.108,0.185,0.473,0.239,1999-00
1358,Jonathan Bender,IND,19.0,210.82,91.625584,,USA,1999,1,5,24,2.7,0.9,0.1,-0.3,0.033,0.126,0.2769999999999999,0.397,0.036,1999-00
1360,Jumaine Jones,PHI,21.0,203.2,98.883056,Georgia,USA,1999,1,27,33,1.7,1.2,0.2,1.2,0.109,0.152,0.246,0.432,0.074,1999-00
1368,Kenny Thomas,HOU,22.0,203.2,117.93392,New Mexico,USA,1999,1,22,72,8.3,6.1,1.6,0.9,0.094,0.178,0.18,0.477,0.099,1999-00
1384,John Amaechi,ORL,29.0,208.28,122.46984,Penn State,England,Undrafted,Undrafted,Undrafted,80,10.5,3.3,1.2,0.8,0.0409999999999999,0.132,0.247,0.505,0.092,1999-00
1385,John Celestand,LAL,23.0,193.04,80.73937600000001,Villanova,USA,1999,2,30,16,2.3,0.7,1.3,-3.1,0.006,0.0559999999999999,0.148,0.3879999999999999,0.165,1999-00
1409,Lazaro Borrell,SEA,27.0,203.2,99.79024,,USA,Undrafted,Undrafted,Undrafted,17,3.6,2.4,0.6,9.7,0.089,0.188,0.191,0.457,0.079,1999-00
1417,Lamar Odom,LAC,20.0,208.28,99.79024,Rhode Island,USA,1999,1,4,76,16.6,7.8,4.2,-8.2,0.063,0.18,0.2339999999999999,0.521,0.1989999999999999,1999-00
1419,Lari Ketner,CLE,23.0,208.28,129.27372,Massachusetts,USA,1999,2,49,22,1.5,1.5,0.0,-27.2,0.089,0.208,0.152,0.456,0.015,1999-00
1420,Laron Profit,WAS,22.0,195.58,92.532768,Maryland,USA,1999,2,38,33,1.5,0.8,0.8,-1.5,0.01,0.111,0.159,0.386,0.185,1999-00
1427,Jermaine Jackson,DET,24.0,195.58,92.532768,Detroit Mercy,USA,Undrafted,Undrafted,Undrafted,7,1.0,1.6,0.6,3.6,0.019,0.154,0.132,0.241,0.083,1999-00
1432,Todd MacCulloch,PHI,24.0,213.36,127.00576,Washington,Canada,1999,2,47,56,3.7,2.6,0.2,0.0,0.099,0.201,0.168,0.557,0.04,1999-00
1436,Tim Young,GSW,24.0,218.44,122.46984,Stanford,USA,1999,2,56,25,2.2,1.4,0.2,-4.6,0.086,0.19,0.181,0.492,0.057,1999-00
1439,Tim James,MIA,23.0,200.66,96.161504,Miami (FL),USA,1999,1,25,4,2.8,1.0,0.5,38.9,0.13,0.042,0.319,0.359,0.143,1999-00
1442,Thomas Hamilton,HOU,25.0,218.44,149.68536,Pittsburgh,USA,Undrafted,Undrafted,Undrafted,22,3.7,4.1,0.7,-8.0,0.129,0.2739999999999999,0.187,0.46,0.087,1999-00
1452,Steve Francis,HOU,23.0,190.5,87.543256,Maryland,USA,1999,1,2,77,18.0,5.3,6.6,-3.7,0.062,0.102,0.249,0.5429999999999999,0.315,1999-00
1460,Jeff Foster,IND,23.0,210.82,107.954896,Texas State,USA,1999,1,21,19,2.3,1.7,0.3,-6.3,0.15,0.247,0.1669999999999999,0.632,0.088,1999-00
1462,William Avery,MIN,20.0,187.96,81.64656,Duke,USA,1999,1,14,59,2.6,0.7,1.5,-11.2,0.017,0.081,0.22,0.391,0.289,1999-00
1465,Wayne Turner,BOS,24.0,187.96,86.18248,Kentucky,USA,Undrafted,Undrafted,Undrafted,3,1.3,1.0,1.7,-1.2,0.026,0.053,0.124,0.231,0.192,1999-00
1468,Wally Szczerbiak,MIN,23.0,200.66,110.222856,Miami (OH),USA,1999,1,6,73,11.6,3.7,2.8,5.0,0.048,0.1,0.171,0.5710000000000001,0.136,1999-00
1470,Vonteego Cummings,GSW,24.0,190.5,86.18248,Pittsburgh,USA,1999,1,26,75,9.4,2.5,3.3,-7.6,0.032,0.0819999999999999,0.204,0.484,0.2319999999999999,1999-00
1485,Trajan Langdon,CLE,24.0,190.5,88.45044,Duke,USA,1999,1,11,10,4.9,1.5,1.1,18.8,0.031,0.079,0.147,0.546,0.104,1999-00
1488,Shawn Marion,PHX,22.0,200.66,97.52228,Nevada-Las Vegas,USA,1999,1,9,51,10.2,6.5,1.4,5.5,0.094,0.195,0.1939999999999999,0.511,0.089,1999-00
1495,Rick Hughes,DAL,26.0,205.74,106.59412,Thomas More,USA,Undrafted,Undrafted,Undrafted,21,3.9,2.3,0.4,2.2,0.106,0.122,0.178,0.491,0.0579999999999999,1999-00
1498,Richard Hamilton,WAS,22.0,198.12,83.91452,Connecticut,USA,1999,1,7,71,9.0,1.8,1.5,-3.9,0.031,0.079,0.243,0.482,0.131,1999-00
1510,Rafer Alston,MIL,23.0,187.96,77.56423199999999,Fresno State,USA,1998,2,39,27,2.2,0.9,2.6,-14.5,0.016,0.065,0.159,0.31,0.321,1999-00
1512,Quincy Lewis,UTA,23.0,200.66,97.52228,Minnesota,USA,1999,1,19,74,3.8,1.5,0.5,-5.7,0.059,0.087,0.187,0.441,0.08,1999-00
1520,Rodney Buford,MIA,22.0,195.58,85.728888,Creighton,USA,1999,2,53,34,4.3,1.4,0.6,-3.5,0.031,0.1169999999999999,0.2019999999999999,0.457,0.094,1999-00
1531,Scott Padgett,UTA,24.0,205.74,108.86208,Kentucky,USA,1999,1,28,47,2.6,1.9,0.5,-3.8,0.068,0.1689999999999999,0.184,0.395,0.092,1999-00
1541,Ryan Robertson,SAC,23.0,195.58,86.18248,Kansas,USA,1999,2,45,1,5.0,0.0,0.0,-33.4,0.0,0.0,0.119,0.3879999999999999,0.0,1999-00
1542,Ryan Bowen,DEN,24.0,200.66,97.52228,Iowa,USA,1998,2,55,52,2.5,2.2,0.4,-1.5,0.126,0.076,0.11,0.467,0.052,1999-00
1553,Jason Miskiri,CHH,24.0,187.96,83.91452,George Mason,USA,Undrafted,Undrafted,Undrafted,1,0.0,0.0,1.0,-158.3,0.0,0.0,0.125,0.0,0.5,1999-00
1559,Calvin Booth,WAS,24.0,210.82,109.315672,Penn State,USA,1999,2,35,11,3.8,2.9,0.6,-2.7,0.123,0.157,0.184,0.4029999999999999,0.073,1999-00
1561,Cal Bowdler,ATL,23.0,208.28,111.13004,Old Dominion,USA,1999,1,17,46,2.7,1.8,0.3,-13.0,0.055,0.1689999999999999,0.156,0.4629999999999999,0.0559999999999999,1999-00
1582,Corey Maggette,ORL,20.0,198.12,98.883056,Duke,USA,1999,1,13,77,8.4,3.9,0.8,-1.6,0.1009999999999999,0.144,0.2239999999999999,0.5529999999999999,0.071,1999-00
1587,Chucky Atkins,ORL,25.0,180.34,72.57472,South Florida,USA,Undrafted,Undrafted,Undrafted,82,9.5,1.5,3.7,-1.2,0.0139999999999999,0.072,0.246,0.489,0.319,1999-00
1594,Chris Herren,DEN,24.0,187.96,86.18248,Fresno State,USA,1999,2,33,45,3.1,1.2,2.5,-5.5,0.023,0.075,0.136,0.498,0.297,1999-00
1605,Anthony Carter,MIA,25.0,185.42,86.18248,Hawaii,USA,Undrafted,Undrafted,Undrafted,79,6.3,2.5,4.8,1.8,0.032,0.091,0.185,0.442,0.321,1999-00
1611,Andre Miller,CLE,24.0,187.96,92.079176,Utah,USA,1999,1,8,82,11.1,3.4,5.8,-1.6,0.046,0.105,0.222,0.517,0.386,1999-00
1617,Aleksandar Radojevic,TOR,23.0,220.98,111.13004,Barton Community College,USA,1999,1,12,3,2.3,2.7,0.3,-22.1,0.061,0.231,0.228,0.363,0.077,1999-00
1620,Adrian Griffin,BOS,25.0,195.58,97.52228,Seton Hall,USA,Undrafted,Undrafted,Undrafted,72,6.7,5.2,2.5,-1.1,0.071,0.156,0.129,0.503,0.135,1999-00
1625,A.J. Bramlett,CLE,23.0,208.28,102.965384,Arizona,USA,1999,2,39,8,1.0,2.8,0.0,-32.6,0.158,0.208,0.146,0.19,0.0,1999-00
1639,Baron Davis,CHH,21.0,190.5,95.25432,UCLA,USA,1999,1,3,82,5.9,2.0,3.8,1.7,0.037,0.086,0.188,0.486,0.3339999999999999,1999-00
1655,Jason Terry,ATL,22.0,187.96,78.017824,Arizona,USA,1999,1,10,81,8.1,2.0,4.3,-7.0,0.0139999999999999,0.083,0.191,0.497,0.3,1999-00
1666,Fred Vinson,SEA,29.0,193.04,86.18248,Georgia Tech,USA,Undrafted,Undrafted,Undrafted,8,1.6,0.1,0.0,22.6,0.0,0.021,0.2289999999999999,0.364,0.0,1999-00
1670,Evan Eschmeyer,NJN,25.0,210.82,115.66596,Northwestern,USA,1999,2,34,31,2.9,3.5,0.7,-2.8,0.118,0.218,0.128,0.534,0.088,1999-00
1681,Greg Buckner,DAL,23.0,193.04,95.25432,Clemson,USA,1998,2,53,48,5.7,3.6,1.1,3.3,0.068,0.141,0.146,0.527,0.088,1999-00
1687,James Posey,DEN,23.0,203.2,97.52228,Xavier,USA,1999,1,18,81,8.2,3.9,1.8,-1.6,0.045,0.125,0.148,0.55,0.106,1999-00
1700,Harold Jamison,MIA,23.0,203.2,117.93392,Clemson,USA,Undrafted,Undrafted,Undrafted,12,1.5,1.8,0.3,-14.6,0.203,0.081,0.186,0.322,0.1,1999-00
1706,Ira Bowman,PHI,27.0,195.58,88.45044,Pennsylvania,USA,Undrafted,Undrafted,Undrafted,11,0.5,0.2,0.1,-32.1,0.0,0.095,0.109,0.868,0.125,1999-00
1707,Elton Brand,CHI,21.0,203.2,117.93392,Duke,USA,1999,1,1,81,20.1,10.0,1.9,-12.8,0.131,0.184,0.2689999999999999,0.528,0.118,1999-00
1708,Derek Hood,CHH,23.0,203.2,104.32616,Arkansas,USA,Undrafted,Undrafted,Undrafted,2,0.0,0.5,0.0,-87.9,0.0,0.5,0.244,0.0,0.0,1999-00
1715,Dedric Willoughby,CHI,26.0,190.5,81.64656,Iowa State,USA,Undrafted,Undrafted,Undrafted,25,7.6,2.0,2.6,-6.0,0.024,0.0969999999999999,0.204,0.472,0.225,1999-00
1717,DeMarco Johnson,NYK,24.0,205.74,111.13004,North Carolina-Charlotte,USA,1998,2,38,5,1.2,1.4,0.0,-0.3,0.0969999999999999,0.105,0.154,0.3329999999999999,0.0,1999-00
1735,Eddie Robinson,CHH,24.0,205.74,95.25432,Central Oklahoma,USA,Undrafted,Undrafted,Undrafted,67,7.0,2.7,0.5,6.1,0.059,0.127,0.181,0.569,0.048,1999-00
1748,Devean George,LAL,22.0,203.2,99.79024,Augsburg,USA,1999,1,23,49,3.2,1.5,0.2,4.1,0.088,0.135,0.2269999999999999,0.478,0.061,1999-00
1755,Dion Glover,ATL,21.0,195.58,103.418976,Georgia Tech,USA,1999,1,20,30,6.5,1.3,0.9,-13.9,0.037,0.059,0.2239999999999999,0.483,0.108,1999-00
1756,Derrick Dial,SAS,24.0,193.04,83.46092800000001,Eastern Michigan,USA,1998,2,52,8,5.0,3.3,0.6,10.3,0.156,0.15,0.256,0.415,0.089,1999-00
1765,Jason Hart,MIL,23.0,187.96,82.10015200000001,Syracuse,USA,2000,2,49,1,2.0,0.0,1.0,-7.3,0.0,0.0,0.126,1.0,0.25,2000-01
1766,Jason Collier,HOU,23.0,213.36,117.93392,Georgia Tech,USA,2000,1,15,23,3.1,1.6,0.3,-12.5,0.059,0.16,0.1939999999999999,0.435,0.05,2000-01
1768,Jerome Moiso,BOS,23.0,208.28,105.233344,UCLA,France,2000,1,11,24,1.5,1.8,0.1,-2.2,0.091,0.273,0.187,0.422,0.043,2000-01
1777,Jamel Thomas,NJN,24.0,198.12,99.336648,Providence,USA,Undrafted,Undrafted,Undrafted,5,2.6,1.8,0.0,-16.2,0.068,0.104,0.1939999999999999,0.342,0.0,2000-01
1789,Joel Przybilla,MIL,21.0,215.9,115.66596,Minnesota,USA,2000,1,9,33,0.8,2.2,0.1,-9.5,0.115,0.161,0.09,0.3389999999999999,0.011,2000-01
1793,Jamal Robinson,MIA,27.0,200.66,96.161504,Virginia,USA,1997,Undrafted,Undrafted,6,1.0,1.8,0.3,-4.8,0.042,0.145,0.161,0.136,0.051,2000-01
1795,Jamal Crawford,CHI,21.0,195.58,90.7184,Michigan,USA,2000,1,8,61,4.6,1.5,2.3,-14.1,0.01,0.092,0.178,0.442,0.235,2000-01
1808,Garth Joseph,DEN,27.0,218.44,138.799152,Saint Rose,USA,Undrafted,Undrafted,Undrafted,4,0.5,0.5,0.3,-35.0,0.111,0.0,0.211,0.17,0.1,2000-01
1815,Hedo Turkoglu,SAC,22.0,203.2,99.79024,,Turkey,2000,1,16,74,5.3,2.8,0.9,5.7,0.044,0.129,0.156,0.509,0.088,2000-01
1816,Jamaal Magloire,CHH,23.0,208.28,117.93392,Kentucky,Canada,2000,1,19,74,4.6,4.0,0.4,3.2,0.111,0.195,0.1639999999999999,0.506,0.042,2000-01
1818,Jake Voskuhl,CHI,23.0,210.82,111.13004,Connecticut,USA,2000,2,33,16,1.9,2.1,0.3,-24.7,0.098,0.2,0.141,0.481,0.068,2000-01
1819,Jake Tsakalidis,PHX,22.0,218.44,129.27372,,Greece,2000,1,25,57,4.5,4.2,0.3,-3.1,0.0969999999999999,0.187,0.155,0.502,0.033,2000-01
1822,Jabari Smith,SAC,24.0,210.82,113.398,Louisiana State,USA,2000,2,45,9,2.9,0.9,0.7,2.6,0.019,0.106,0.2,0.528,0.15,2000-01
1823,Hanno Mottola,ATL,24.0,210.82,112.037224,Utah,Finland,2000,2,40,73,4.4,2.4,0.3,-12.8,0.055,0.145,0.175,0.504,0.044,2000-01
1825,Ira Newble,SAS,26.0,200.66,97.52228,Miami (OH),USA,Undrafted,Undrafted,Undrafted,27,2.0,1.3,0.2,-15.1,0.074,0.142,0.171,0.435,0.063,2000-01
1836,Michael Redd,MIL,21.0,198.12,97.068688,Ohio State,USA,2000,2,43,6,2.2,0.7,0.2,-13.3,0.073,0.038,0.283,0.3,0.0559999999999999,2000-01
1849,Mateen Cleaves,DET,23.0,187.96,92.98636,Michigan State,USA,2000,1,14,78,5.4,1.7,2.7,-2.4,0.022,0.091,0.205,0.4579999999999999,0.281,2000-01
1853,Mark Madsen,LAL,25.0,205.74,108.86208,Stanford,USA,2000,1,29,70,2.0,2.2,0.3,-5.1,0.127,0.1369999999999999,0.108,0.53,0.06,2000-01
1856,Olumide Oyedeji,SEA,20.0,208.28,108.86208,,Nigeria,2000,2,42,30,1.5,2.2,0.1,11.6,0.1369999999999999,0.2189999999999999,0.114,0.532,0.0139999999999999,2000-01
1864,Morris Peterson,TOR,23.0,200.66,98.883056,Michigan State,USA,2000,1,21,80,9.3,3.2,1.3,2.5,0.068,0.094,0.2019999999999999,0.507,0.093,2000-01
1869,Mike Smith,WAS,25.0,203.2,88.45044,Louisiana-Monroe,USA,2000,2,35,17,3.0,1.3,0.6,-8.5,0.061,0.084,0.177,0.386,0.093,2000-01
1870,Mike Penberthy,LAL,26.0,190.5,81.64656,Master's,USA,Undrafted,Undrafted,Undrafted,53,5.0,1.2,1.3,-0.6,0.013,0.067,0.141,0.5670000000000001,0.129,2000-01
1871,Mike Miller,ORL,21.0,203.2,98.883056,Florida,USA,2000,1,5,82,11.9,4.0,1.7,2.6,0.03,0.122,0.183,0.541,0.095,2000-01
1875,Mark Blount,BOS,25.0,213.36,104.32616,Pittsburgh,USA,1997,2,54,64,3.9,3.6,0.5,-2.0,0.1,0.147,0.123,0.541,0.049,2000-01
1884,Khalid El-Amin,CHI,22.0,177.8,90.7184,Connecticut,USA,2000,2,34,50,6.3,1.6,2.9,-10.7,0.023,0.08,0.193,0.4579999999999999,0.288,2000-01
1890,Kenyon Martin,NJN,23.0,205.74,104.32616,Cincinnati,USA,2000,1,1,68,12.0,7.4,1.9,-6.4,0.066,0.191,0.2,0.472,0.103,2000-01
1892,Keyon Dooling,LAC,21.0,195.58,87.543256,Missouri,USA,2000,1,10,76,5.9,1.2,2.3,-0.4,0.008,0.07,0.1989999999999999,0.509,0.253,2000-01
1897,Marcus Fizer,CHI,22.0,205.74,118.841104,Iowa State,USA,2000,1,4,72,9.5,4.3,1.1,-14.2,0.055,0.19,0.247,0.476,0.0969999999999999,2000-01
1899,Marc Jackson,GSW,26.0,208.28,122.46984,Temple,USA,1997,2,37,48,13.2,7.5,1.2,-10.2,0.086,0.1989999999999999,0.208,0.534,0.071,2000-01
1900,Mamadou N'diaye,TOR,26.0,213.36,115.66596,Auburn,Senegal,2000,1,26,3,1.3,0.7,0.0,-10.8,0.143,0.143,0.211,0.41,0.0,2000-01
1908,Lee Nailon,CHH,26.0,203.2,109.315672,Texas Christian,USA,1999,2,43,42,3.9,2.2,0.6,2.6,0.076,0.147,0.182,0.529,0.102,2000-01
1910,Lavor Postell,NYK,23.0,195.58,92.98636,St. John's (NY),USA,2000,2,39,26,2.3,1.0,0.2,4.1,0.0579999999999999,0.1009999999999999,0.233,0.4479999999999999,0.0579999999999999,2000-01
1925,Brian Cardinal,DET,24.0,203.2,111.13004,Purdue,USA,2000,2,44,15,2.1,1.5,0.2,-14.2,0.068,0.14,0.162,0.3979999999999999,0.052,2000-01
1938,Chris Mihm,CLE,21.0,215.9,120.20188,Texas,USA,2000,1,7,59,7.6,4.7,0.3,-3.8,0.106,0.1669999999999999,0.203,0.5,0.024,2000-01
1953,Chris Porter,GSW,23.0,200.66,98.883056,Auburn,USA,2000,2,55,51,8.6,3.7,1.2,-13.4,0.071,0.103,0.204,0.434,0.088,2000-01
1956,Andy Panko,ATL,23.0,205.74,111.13004,Lebanon Valley,USA,Undrafted,Undrafted,Undrafted,1,0.0,0.0,0.0,0.0,0.0,0.0,0.0,0.0,0.0,2000-01
1970,A.J. Guyton,CHI,23.0,185.42,81.64656,Indiana,USA,2000,2,32,33,6.0,1.1,1.9,-12.4,0.018,0.053,0.1689999999999999,0.495,0.198,2000-01
1982,Art Long,SAC,28.0,205.74,108.86208,Cincinnati,USA,Undrafted,Undrafted,Undrafted,9,0.0,0.9,0.1,-8.3,0.1,0.25,0.155,0.0,0.083,2000-01
2000,Donnell Harvey,DAL,20.0,203.2,99.79024,Florida,USA,2000,1,22,18,1.2,1.1,0.1,-5.7,0.094,0.206,0.187,0.523,0.059,2000-01
2003,Dragan Tarlac,CHI,28.0,210.82,122.46984,,USA,1995,2,31,43,2.4,2.8,0.7,-17.5,0.072,0.177,0.118,0.4539999999999999,0.087,2000-01
2008,Desmond Mason,SEA,23.0,195.58,97.52228,Oklahoma State,USA,2000,1,17,78,5.9,3.2,0.8,-2.0,0.055,0.138,0.157,0.483,0.066,2000-01
2015,Eddie Gill,NJN,22.0,182.88,86.18248,Weber State,USA,Undrafted,Undrafted,Undrafted,8,4.9,1.1,3.0,-15.9,0.0,0.074,0.157,0.451,0.324,2000-01
2018,Erick Barkley,POR,23.0,185.42,80.28578399999998,St. John's (NY),USA,2000,1,28,8,2.4,0.4,0.8,-10.5,0.0,0.086,0.304,0.432,0.25,2000-01
2028,Eduardo Najera,DAL,24.0,203.2,106.140528,Oklahoma,Mexico,2000,2,38,40,3.3,2.4,0.7,-4.9,0.107,0.142,0.146,0.522,0.093,2000-01
2031,Eddie House,MIA,23.0,185.42,81.64656,Arizona State,USA,2000,2,37,50,5.0,0.8,1.0,-0.6,0.01,0.078,0.256,0.478,0.192,2000-01
2035,DerMarr Johnson,ATL,21.0,205.74,91.171992,Cincinnati,USA,2000,1,6,78,5.1,2.3,0.8,-7.4,0.046,0.105,0.177,0.4629999999999999,0.079,2000-01
2036,Dan Langhi,HOU,23.0,210.82,99.79024,Vanderbilt,USA,2000,2,31,33,2.7,1.2,0.1,-11.3,0.057,0.126,0.222,0.4029999999999999,0.031,2000-01
2039,Dalibor Bagaric,CHI,20.0,215.9,125.644984,,Croatia,2000,1,24,35,1.3,1.6,0.3,-15.3,0.091,0.158,0.174,0.304,0.065,2000-01
2042,Courtney Alexander,WAS,24.0,195.58,92.98636,Fresno State,USA,2000,1,13,65,9.5,2.2,1.0,-10.1,0.036,0.085,0.2319999999999999,0.484,0.083,2000-01
2054,Dan McClintock,DEN,24.0,213.36,122.46984,Northern Arizona,USA,2000,2,53,6,3.0,2.8,0.2,-24.2,0.149,0.171,0.158,0.446,0.025,2000-01
2055,Daniel Santiago,PHX,25.0,215.9,116.119552,Saint Vincent,Puerto Rico,Undrafted,Undrafted,Undrafted,54,3.1,1.9,0.2,0.4,0.068,0.132,0.156,0.528,0.03,2000-01
2059,DeShawn Stevenson,UTA,20.0,195.58,95.25432,,USA,2000,1,23,40,2.2,0.7,0.5,-3.0,0.037,0.073,0.2019999999999999,0.413,0.105,2000-01
2062,David Vanterpool,WAS,28.0,195.58,90.7184,St. Bonaventure,USA,Undrafted,Undrafted,Undrafted,22,5.5,1.7,3.0,-1.3,0.043,0.064,0.181,0.462,0.254,2000-01
2068,Darius Miles,LAC,19.0,205.74,91.625584,,USA,2000,1,3,81,9.4,5.9,1.2,1.7,0.072,0.173,0.191,0.518,0.08,2000-01
2094,Terrance Roberson,CHH,24.0,200.66,97.52228,Fresno State,USA,Undrafted,Undrafted,Undrafted,3,0.0,0.3,0.3,-15.6,0.0,0.077,0.134,0.0,0.111,2000-01
2096,Stromile Swift,VAN,21.0,205.74,102.0582,Louisiana State,USA,2000,1,2,80,4.9,3.6,0.4,-5.1,0.099,0.154,0.165,0.487,0.035,2000-01
2100,Steve Goodrich,CHI,25.0,208.28,99.79024,Princeton,USA,Undrafted,Undrafted,Undrafted,12,1.6,1.8,0.5,-8.2,0.068,0.128,0.104,0.451,0.075,2000-01
2109,Zendon Hamilton,LAC,26.0,210.82,115.212368,St. John's (NY),USA,Undrafted,Undrafted,Undrafted,3,3.0,2.7,0.0,-23.7,0.143,0.294,0.306,0.359,0.0,2000-01
2114,Wang Zhi-zhi,DAL,23.0,215.9,99.79024,,China,1999,2,36,5,4.8,1.4,0.0,-38.0,0.0289999999999999,0.176,0.285,0.513,0.0,2000-01
2120,Stephen Jackson,NJN,23.0,203.2,98.883056,Butler Community College,USA,1997,2,42,77,8.2,2.7,1.8,-5.1,0.027,0.1169999999999999,0.206,0.503,0.15,2000-01
2137,Ruben Wolkowyski,SEA,27.0,208.28,122.46984,,Argentina,Undrafted,Undrafted,Undrafted,34,2.2,1.4,0.1,0.9,0.043,0.113,0.153,0.3989999999999999,0.015,2000-01
2138,Slava Medvedenko,LAL,22.0,208.28,113.398,,Ukraine,Undrafted,Undrafted,Undrafted,7,4.6,1.3,0.3,3.3,0.026,0.16,0.337,0.528,0.087,2000-01
2157,Quentin Richardson,LAC,21.0,198.12,101.151016,DePaul,USA,2000,1,18,76,8.1,3.4,0.8,-5.6,0.088,0.127,0.218,0.516,0.0819999999999999,2000-01
2160,Pepe Sanchez,PHI,24.0,193.04,88.45044,Temple,Argentina,Undrafted,Undrafted,Undrafted,29,0.7,0.5,1.4,-1.4,0.023,0.089,0.107,0.346,0.402,2000-01
2163,Paul McPherson,GSW,22.0,193.04,95.25432,DePaul,USA,Undrafted,Undrafted,Undrafted,55,4.8,1.4,0.7,-2.5,0.069,0.078,0.204,0.542,0.105,2000-01
2165,Soumaila Samake,NJN,23.0,213.36,101.604608,,Mali,2000,2,36,34,1.4,1.6,0.0,-9.0,0.104,0.161,0.123,0.3929999999999999,0.008,2000-01
2168,Raja Bell,PHI,24.0,195.58,92.532768,Florida International,U.S. Virgin Islands,Undrafted,Undrafted,Undrafted,5,1.0,0.2,0.0,11.7,0.0,0.038,0.138,0.357,0.0,2000-01
2180,Sean Colson,HOU,25.0,182.88,79.3786,North Carolina-Charlotte,USA,Undrafted,Undrafted,Undrafted,13,1.2,0.5,0.8,-35.2,0.04,0.111,0.264,0.291,0.455,2000-01
2188,Ruben Garces,GSW,27.0,205.74,111.13004,Providence,USA,Undrafted,Undrafted,Undrafted,13,1.2,2.2,0.4,11.3,0.172,0.1669999999999999,0.149,0.313,0.088,2000-01
2198,Ratko Varda,DET,23.0,215.9,117.93392,,Yugoslavia,Undrafted,Undrafted,Undrafted,1,5.0,1.0,0.0,-41.6,0.0,0.5,0.31,0.727,0.0,2001-02
2210,Predrag Drobnjak,SEA,26.0,210.82,123.377024,,Yugoslavia,1997,2,48,64,6.8,3.4,0.8,4.3,0.078,0.146,0.2,0.49,0.069,2001-02
2213,Primoz Brezec,IND,22.0,215.9,110.222856,,Slovenia,2000,1,27,22,2.0,1.3,0.3,-7.0,0.1,0.083,0.125,0.5379999999999999,0.065,2001-02
2214,Rodney White,DET,22.0,205.74,107.954896,North Carolina-Charlotte,USA,2001,1,9,16,3.5,1.1,0.8,6.6,0.02,0.1369999999999999,0.287,0.423,0.138,2001-02
2220,Ruben Boumtje-Boumtje,POR,24.0,213.36,111.13004,Georgetown,USA,2001,2,49,33,1.2,1.7,0.1,-12.8,0.094,0.165,0.11,0.4529999999999999,0.0279999999999999,2001-02
2231,Richard Jefferson,NJN,22.0,200.66,100.697424,Arizona,USA,2001,1,13,79,9.4,3.7,1.8,2.7,0.049,0.125,0.193,0.524,0.125,2001-02
2234,Pau Gasol,MEM,21.0,213.36,102.965384,,Spain,2001,1,3,82,17.6,8.9,2.7,-6.2,0.089,0.182,0.226,0.5660000000000001,0.133,2001-02
2245,Michael Bradley,TOR,23.0,205.74,102.965384,Villanova,USA,2001,1,17,26,1.2,0.9,0.1,-23.1,0.071,0.175,0.133,0.526,0.042,2001-02
2246,Mengke Bateer,DEN,26.0,210.82,131.54168,,China,Undrafted,Undrafted,Undrafted,27,5.1,3.6,0.8,-7.6,0.084,0.195,0.198,0.469,0.096,2001-02
2247,Maurice Evans,MIN,23.0,195.58,99.79024,Texas,USA,Undrafted,Undrafted,Undrafted,10,2.1,0.4,0.4,-6.1,0.06,0.026,0.198,0.506,0.154,2001-02
2256,Mike James,MIA,27.0,187.96,86.18248,Duquesne,USA,Undrafted,Undrafted,Undrafted,15,2.8,0.9,1.3,-17.2,0.019,0.143,0.237,0.456,0.306,2001-02
2259,Oscar Torres,HOU,25.0,198.12,95.25432,Venezuela,Venezuela,Undrafted,Undrafted,Undrafted,65,6.0,1.9,0.6,-9.2,0.047,0.083,0.185,0.502,0.065,2001-02
2262,Norman Richardson,CHI,24.0,195.58,90.7184,Hofstra,USA,Undrafted,Undrafted,Undrafted,11,2.7,0.7,0.2,-17.1,0.047,0.085,0.221,0.501,0.057,2001-02
2281,Troy Murphy,GSW,22.0,210.82,111.13004,Notre Dame,USA,2001,1,14,82,5.9,3.9,0.9,-8.2,0.075,0.181,0.172,0.488,0.08,2001-02
2283,Trenton Hassell,CHI,23.0,195.58,90.7184,Austin Peay,USA,2001,2,29,78,8.7,3.3,2.2,-10.3,0.033,0.103,0.161,0.502,0.13,2001-02
2284,Tremaine Fowlkes,LAC,26.0,203.2,99.79024,Fresno State,USA,1998,2,54,22,3.4,2.9,0.8,-9.0,0.1,0.113,0.119,0.477,0.076,2001-02
2285,Tyson Chandler,CHI,19.0,215.9,106.59412,,USA,2001,1,2,71,6.1,4.8,0.8,-7.1,0.0969999999999999,0.186,0.1639999999999999,0.5429999999999999,0.063,2001-02
2290,Tony Parker,SAS,20.0,187.96,80.28578399999998,,France,2001,1,28,77,9.2,2.6,4.3,5.8,0.017,0.0819999999999999,0.177,0.497,0.237,2001-02
2295,Victor Alexander,DET,32.0,208.28,120.20188,Iowa State,USA,1991,1,17,14,2.9,2.1,0.4,5.1,0.075,0.237,0.28,0.367,0.105,2001-02
2299,Zeljko Rebraca,DET,30.0,213.36,116.573144,,Yugoslavia,1994,2,54,74,6.9,3.9,0.5,3.4,0.094,0.198,0.217,0.569,0.0559999999999999,2001-02
2300,Zach Randolph,POR,20.0,205.74,122.46984,Michigan State,USA,2001,1,19,41,2.8,1.7,0.3,-3.7,0.144,0.193,0.253,0.479,0.103,2001-02
2302,Will Solomon,MEM,23.0,185.42,83.91452,Clemson,USA,2001,2,32,62,5.2,1.1,1.5,-6.8,0.0139999999999999,0.07,0.215,0.442,0.1889999999999999,2001-02
2311,Vladimir Radmanovic,SEA,21.0,208.28,106.140528,,Serbia,2001,1,12,61,6.7,3.8,1.3,3.3,0.044,0.175,0.172,0.528,0.1,2001-02
2326,Shane Battier,MEM,23.0,203.2,99.79024,Duke,USA,2001,1,6,78,14.4,5.4,2.8,-5.6,0.064,0.086,0.181,0.518,0.1159999999999999,2001-02
2335,Samuel Dalembert,PHI,22.0,210.82,113.398,Seton Hall,Haiti,2001,1,26,34,1.5,2.0,0.1,-4.5,0.153,0.285,0.172,0.44,0.047,2001-02
2336,Speedy Claxton,PHI,24.0,180.34,75.296272,Hofstra,USA,2000,1,20,67,7.2,2.4,3.0,-1.5,0.034,0.086,0.181,0.469,0.2269999999999999,2001-02
2343,Tierre Brown,HOU,23.0,187.96,85.728888,McNeese State,USA,Undrafted,Undrafted,Undrafted,40,3.1,1.1,1.8,-18.9,0.03,0.091,0.188,0.483,0.341,2001-02
2347,Terence Morris,HOU,23.0,205.74,100.243832,Maryland,USA,2001,2,33,68,3.8,3.1,0.9,-11.0,0.076,0.14,0.142,0.423,0.096,2001-02
2349,Tang Hamilton,MIA,24.0,203.2,99.79024,Mississippi State,USA,Undrafted,Undrafted,Undrafted,9,2.2,2.0,0.6,-0.5,0.065,0.145,0.103,0.514,0.088,2001-02
2352,Steven Hunter,ORL,20.0,208.28,101.604608,DePaul,USA,2001,1,15,53,3.6,1.8,0.1,-7.1,0.0819999999999999,0.1119999999999999,0.176,0.502,0.016,2001-02
2366,Gilbert Arenas,GSW,20.0,190.5,86.636072,Arizona,USA,2001,2,30,47,10.9,2.8,3.7,-6.5,0.036,0.083,0.1969999999999999,0.562,0.241,2001-02
2367,Gerald Wallace,SAC,19.0,200.66,97.52228,Alabama,USA,2001,1,25,54,3.2,1.6,0.5,1.6,0.1119999999999999,0.086,0.205,0.4429999999999999,0.094,2001-02
2376,Etan Thomas,WAS,24.0,208.28,117.93392,Syracuse,USA,2000,1,12,47,4.3,3.9,0.1,-0.1,0.104,0.23,0.154,0.5529999999999999,0.015,2001-02
2390,Ike Fontaine,MEM,27.0,193.04,95.25432,Washington State,USA,Undrafted,Undrafted,Undrafted,6,1.8,0.8,0.7,-39.0,0.0,0.088,0.124,0.331,0.093,2001-02
2400,Ernest Brown,MIA,23.0,213.36,110.676448,Indian Hills Community College,USA,2000,2,52,3,1.0,2.0,0.0,-62.2,0.05,0.294,0.2289999999999999,0.193,0.0,2001-02
2421,Earl Watson,SEA,23.0,185.42,86.18248,UCLA,USA,2001,2,39,64,3.6,1.3,2.0,3.8,0.0409999999999999,0.067,0.139,0.507,0.196,2001-02
2433,Eddy Curry,CHI,19.0,210.82,129.27372,,USA,2001,1,4,72,6.7,3.8,0.3,-11.1,0.113,0.162,0.207,0.54,0.039,2001-02
2437,Eddie Griffin,HOU,20.0,208.28,99.79024,Seton Hall,USA,2001,1,7,73,8.8,5.7,0.7,-5.2,0.069,0.175,0.183,0.456,0.049,2001-02
2441,Jamaal Tinsley,IND,24.0,190.5,88.45044,Iowa State,USA,2001,1,27,80,9.4,3.7,8.1,0.7,0.036,0.099,0.2019999999999999,0.446,0.409,2001-02
2443,Kwame Brown,WAS,20.0,210.82,110.222856,,USA,2001,1,1,57,4.5,3.5,0.8,-4.6,0.089,0.198,0.184,0.45,0.09,2001-02
2446,Kirk Haston,CHH,23.0,205.74,109.769264,Indiana,USA,2001,1,16,15,1.7,1.3,0.3,-9.3,0.072,0.188,0.249,0.306,0.114,2001-02
2454,Kenny Satterfield,DEN,21.0,185.42,79.83219199999998,Cincinnati,USA,2001,2,53,36,5.3,1.4,3.0,-5.0,0.032,0.084,0.218,0.431,0.335,2001-02
2469,Malik Allen,MIA,24.0,208.28,115.66596,Villanova,USA,Undrafted,Undrafted,Undrafted,12,4.3,3.2,0.4,-5.8,0.103,0.15,0.1639999999999999,0.469,0.055,2001-02
2472,Loren Woods,MIN,24.0,215.9,111.583632,Arizona,USA,2001,2,45,60,1.8,2.0,0.4,-4.1,0.098,0.168,0.139,0.449,0.063,2001-02
2474,Leon Smith,ATL,21.0,208.28,106.59412,,USA,1999,1,29,14,2.2,2.2,0.2,0.5,0.109,0.253,0.158,0.4629999999999999,0.046,2001-02
2480,Kedrick Brown,BOS,21.0,200.66,100.697424,Northwest Florida State,USA,2001,1,11,29,2.2,1.7,0.5,-0.2,0.046,0.168,0.159,0.4,0.102,2001-02
2485,Jeff Trepagnier,CLE,22.0,193.04,90.7184,Southern California,USA,2001,2,35,12,1.5,1.0,1.0,3.6,0.046,0.127,0.203,0.345,0.255,2001-02
2490,Jason Richardson,GSW,21.0,198.12,99.79024,Michigan State,USA,2001,1,5,80,14.4,4.3,3.0,-6.0,0.049,0.089,0.213,0.487,0.149,2001-02
2493,Jason Collins,NJN,23.0,213.36,117.93392,Stanford,USA,2001,1,18,77,4.5,3.9,1.1,3.5,0.107,0.142,0.138,0.5,0.094,2001-02
2496,Jarron Collins,UTA,23.0,210.82,114.305184,Stanford,USA,2001,2,52,70,6.4,4.2,0.8,2.4,0.113,0.14,0.152,0.532,0.065,2001-02
2498,Jamison Brewer,IND,21.0,187.96,80.73937600000001,Auburn,USA,2001,2,40,13,0.3,0.6,0.7,3.8,0.044,0.15,0.083,0.4,0.321,2001-02
2505,Joseph Forte,BOS,21.0,193.04,87.996848,North Carolina,USA,2001,1,21,8,0.8,0.8,0.8,-25.6,0.027,0.143,0.19,0.218,0.273,2001-02
2516,Joe Johnson,PHX,21.0,200.66,102.0582,Arkansas,USA,2001,1,10,77,7.5,3.3,2.3,-0.4,0.042,0.106,0.162,0.478,0.151,2001-02
2517,Joe Crispin,PHX,22.0,182.88,83.91452,Penn State,USA,Undrafted,Undrafted,Undrafted,21,3.8,0.5,1.2,-5.3,0.0139999999999999,0.068,0.239,0.536,0.2769999999999999,2001-02
2519,Jeryl Sasser,ORL,23.0,198.12,90.7184,Southern Methodist,USA,2001,1,22,7,1.4,1.0,0.3,-26.5,0.1,0.133,0.2319999999999999,0.309,0.087,2001-02
2529,Charlie Bell,DAL,23.0,190.5,90.7184,Michigan State,USA,Undrafted,Undrafted,Undrafted,7,1.1,0.7,0.3,-20.7,0.063,0.075,0.188,0.337,0.074,2001-02
2531,Carlos Arroyo,DEN,22.0,187.96,91.625584,Florida International,Puerto Rico,Undrafted,Undrafted,Undrafted,37,3.0,1.1,1.9,-6.3,0.034,0.09,0.168,0.467,0.3229999999999999,2001-02
2533,Chris Andersen,DEN,23.0,208.28,104.32616,Blinn,USA,Undrafted,Undrafted,Undrafted,24,3.0,3.2,0.3,5.4,0.15,0.162,0.1639999999999999,0.417,0.039,2001-02
2543,Brandon Armstrong,NJN,22.0,195.58,85.275296,Pepperdine,USA,2001,1,23,35,1.8,0.5,0.2,-8.9,0.051,0.034,0.226,0.358,0.079,2001-02
2544,Brendan Haywood,WAS,22.0,213.36,120.655472,North Carolina,USA,2001,1,20,62,5.1,5.2,0.5,-1.3,0.126,0.159,0.126,0.54,0.038,2001-02
2557,Brian Scalabrine,NJN,24.0,205.74,108.86208,Southern California,USA,2001,2,34,28,2.1,1.8,0.8,2.4,0.047,0.171,0.153,0.408,0.113,2001-02
2571,Dean Oliver,GSW,23.0,180.34,79.3786,Iowa,USA,Undrafted,Undrafted,Undrafted,20,2.1,0.4,1.1,-16.8,0.0,0.064,0.185,0.42,0.25,2001-02
2575,DeSagana Diop,CLE,20.0,213.36,136.0776,,Senegal,2001,1,8,18,1.4,0.9,0.3,-1.4,0.057,0.118,0.182,0.401,0.069,2001-02
2591,Damone Brown,PHI,23.0,203.2,91.625584,Syracuse,USA,2001,2,36,17,1.4,0.2,0.1,-10.1,0.037,0.042,0.2289999999999999,0.469,0.051,2001-02
2599,Andrei Kirilenko,UTA,21.0,205.74,95.25432,,Russia,1999,1,24,82,10.7,4.9,1.1,7.6,0.084,0.144,0.188,0.5529999999999999,0.073,2001-02
2603,Alvin Jones,PHI,23.0,210.82,120.20188,Georgia Tech,USA,2001,2,56,23,1.1,1.6,0.1,-3.8,0.13,0.235,0.144,0.451,0.036,2001-02
2604,Alton Ford,PHX,21.0,205.74,124.7378,Houston,USA,2001,2,50,53,3.1,2.0,0.1,-8.7,0.085,0.193,0.175,0.573,0.027,2001-02
2614,Bobby Simmons,WAS,22.0,198.12,106.59412,DePaul,USA,2001,2,41,30,3.7,1.7,0.6,0.5,0.087,0.095,0.166,0.518,0.085,2001-02
2617,Ansu Sesay,SEA,25.0,205.74,102.0582,Mississippi,USA,1998,2,30,9,6.4,2.2,0.9,-7.5,0.066,0.124,0.186,0.5489999999999999,0.091,2001-02
2635,Antonis Fotsis,MEM,21.0,208.28,99.336648,,Greece,2001,2,47,28,3.9,2.2,0.4,-6.1,0.088,0.121,0.19,0.479,0.057,2001-02
2642,Predrag Savovic,DEN,27.0,198.12,102.0582,Hawaii,Yugoslavia,Undrafted,Undrafted,Undrafted,27,3.1,0.9,0.8,-9.8,0.038,0.077,0.205,0.392,0.1689999999999999,2002-03
2651,Melvin Ely,LAC,25.0,208.28,117.93392,Fresno State,USA,2002,1,12,52,4.5,3.3,0.3,3.4,0.094,0.154,0.153,0.54,0.03,2002-03
2652,Mehmet Okur,DET,24.0,210.82,112.944408,,Turkey,2001,2,37,72,6.9,4.7,1.0,4.3,0.099,0.1939999999999999,0.19,0.514,0.094,2002-03
2656,Marko Jaric,LAC,24.0,200.66,89.811216,,Serbia,2000,2,30,66,7.4,2.4,2.9,1.4,0.03,0.104,0.198,0.498,0.237,2002-03
2662,Mike Wilks,MIN,24.0,177.8,83.91452,Rice,USA,Undrafted,Undrafted,Undrafted,46,3.2,1.5,2.0,-1.5,0.036,0.086,0.1369999999999999,0.436,0.22,2002-03
2666,Mike Batiste,MEM,25.0,203.2,102.0582,Arizona State,USA,Undrafted,Undrafted,Undrafted,75,6.4,3.4,0.7,-6.2,0.077,0.165,0.211,0.476,0.074,2002-03
2668,Mike Dunleavy,GSW,22.0,205.74,100.243832,Duke,USA,2002,1,3,82,5.7,2.6,1.3,2.5,0.055,0.123,0.176,0.505,0.125,2002-03
2675,Paul Shirley,ATL,25.0,208.28,104.32616,Iowa State,USA,Undrafted,Undrafted,Undrafted,2,0.0,0.5,0.0,66.5,0.0,0.143,0.252,0.0,0.0,2002-03
2678,Nene,DEN,20.0,210.82,117.93392,,Brazil,2002,1,7,80,10.5,6.1,1.9,-7.0,0.108,0.156,0.191,0.545,0.119,2002-03
2680,Nikoloz Tskitishvili,DEN,20.0,213.36,102.0582,,Georgia,2002,1,5,81,3.9,2.2,1.1,-9.8,0.053,0.107,0.1669999999999999,0.374,0.113,2002-03
2685,Pat Burke,ORL,29.0,210.82,113.398,Auburn,Ireland,Undrafted,Undrafted,Undrafted,62,4.3,2.4,0.4,-11.9,0.076,0.135,0.208,0.415,0.0559999999999999,2002-03
2688,Nate Huffman,TOR,28.0,215.9,111.13004,Central Michigan,USA,Undrafted,Undrafted,Undrafted,7,3.3,3.3,0.7,0.7,0.134,0.241,0.175,0.4029999999999999,0.1,2002-03
2691,Marcus Haislip,MIL,22.0,208.28,104.32616,Tennessee,USA,2002,1,13,39,4.1,1.4,0.2,-3.8,0.054,0.087,0.1989999999999999,0.474,0.036,2002-03
2701,Ken Johnson,MIA,25.0,208.28,108.86208,Ohio State,USA,2001,2,48,16,2.0,2.0,0.0,-5.9,0.031,0.187,0.139,0.4039999999999999,0.0,2002-03
2706,Kareem Rush,LAL,22.0,198.12,97.52228,Missouri,USA,2002,1,20,76,3.0,1.2,0.9,-3.5,0.033,0.088,0.162,0.447,0.119,2002-03
2708,Junior Harrington,DEN,22.0,193.04,86.18248,Wingate,USA,Undrafted,Undrafted,Undrafted,82,5.1,3.0,3.4,-8.8,0.025,0.129,0.152,0.405,0.2339999999999999,2002-03
2710,Juaquin Hawkins,HOU,29.0,200.66,92.98636,Long Beach State,USA,Undrafted,Undrafted,Undrafted,58,2.3,1.3,0.8,2.0,0.03,0.099,0.128,0.427,0.107,2002-03
2711,Juan Dixon,WAS,24.0,190.5,74.389088,Maryland,USA,2002,1,17,42,6.4,1.7,1.0,-2.4,0.024,0.108,0.238,0.4639999999999999,0.118,2002-03
2722,Manu Ginobili,SAS,25.0,198.12,95.25432,,Argentina,1999,2,57,69,7.6,2.3,2.0,6.8,0.039,0.091,0.182,0.556,0.163,2002-03
2726,Maceo Baston,TOR,27.0,205.74,97.52228,Michigan,USA,1998,2,58,16,2.5,1.4,0.0,-14.9,0.048,0.178,0.161,0.6609999999999999,0.0,2002-03
2730,Lonny Baxter,CHI,24.0,203.2,117.93392,Maryland,USA,2002,2,43,55,4.8,3.0,0.3,-4.0,0.103,0.159,0.1889999999999999,0.521,0.04,2002-03
2752,Sean Lampley,MIA,23.0,200.66,102.965384,California,USA,2001,2,44,35,4.8,2.4,0.9,-3.3,0.061,0.132,0.182,0.512,0.12,2002-03
2764,Smush Parker,CLE,22.0,193.04,81.64656,Fordham,USA,Undrafted,Undrafted,Undrafted,66,6.2,1.8,2.5,-9.6,0.0289999999999999,0.095,0.2019999999999999,0.523,0.239,2002-03
2769,Ryan Humphrey,MEM,23.0,203.2,106.59412,Notre Dame,USA,2002,1,19,48,1.9,2.1,0.2,-5.6,0.08,0.1639999999999999,0.159,0.3389999999999999,0.043,2002-03
2776,Rasual Butler,MIA,24.0,200.66,92.98636,La Salle,USA,2002,2,52,72,7.5,2.6,1.3,-8.0,0.021,0.118,0.215,0.437,0.1159999999999999,2002-03
2778,Reggie Evans,SEA,23.0,203.2,111.13004,Iowa,USA,Undrafted,Undrafted,Undrafted,67,3.2,6.6,0.5,-0.4,0.141,0.252,0.089,0.51,0.037,2002-03
2786,Robert Archibald,MEM,23.0,210.82,113.398,Illinois,Scotland,2002,2,31,12,1.6,1.4,0.3,-7.2,0.088,0.162,0.225,0.34,0.071,2002-03
2793,Roger Mason Jr.,CHI,22.0,195.58,90.7184,Virginia,USA,2002,2,30,17,1.8,0.7,0.7,-6.2,0.02,0.093,0.148,0.471,0.1639999999999999,2002-03
2797,Qyntel Woods,POR,22.0,203.2,100.243832,Northeast Mississippi Community College,USA,2002,1,21,53,2.4,1.0,0.2,-8.6,0.051,0.146,0.208,0.505,0.064,2002-03
2806,Vincent Yarbrough,DEN,22.0,200.66,95.25432,Tennessee,USA,2002,2,32,59,6.9,2.7,2.2,-7.6,0.0289999999999999,0.115,0.174,0.446,0.16,2002-03
2817,Yao Ming,HOU,22.0,226.06,134.26323200000002,,China,2002,1,1,82,13.5,8.2,1.7,2.2,0.099,0.223,0.222,0.57,0.104,2002-03
2830,Tamar Slay,NJN,23.0,203.2,97.52228,Marshall,USA,2002,2,53,36,2.6,0.9,0.4,-0.8,0.033,0.1009999999999999,0.213,0.428,0.086,2002-03
2832,Tayshaun Prince,DET,23.0,205.74,97.52228,Kentucky,USA,2002,1,23,42,3.3,1.1,0.6,-3.8,0.013,0.108,0.1639999999999999,0.546,0.104,2002-03
2839,Tito Maddox,HOU,22.0,193.04,86.18248,Fresno State,USA,2002,2,37,9,1.2,0.8,0.6,-5.3,0.031,0.162,0.237,0.354,0.217,2002-03
2851,John Salmons,PHI,23.0,200.66,95.25432,Miami (FL),USA,2002,1,26,64,2.1,0.9,0.7,2.5,0.039,0.102,0.145,0.502,0.153,2002-03
2855,Chris Jefferies,TOR,23.0,203.2,97.52228,Fresno State,USA,2002,1,27,51,3.9,1.2,0.4,-7.4,0.025,0.081,0.176,0.4629999999999999,0.057,2002-03
2866,Casey Jacobsen,PHX,22.0,198.12,97.52228,Stanford,USA,2002,1,22,72,5.1,1.2,1.0,4.3,0.0279999999999999,0.054,0.166,0.493,0.1009999999999999,2002-03
2867,Caron Butler,MIA,23.0,200.66,98.429464,Connecticut,USA,2002,1,10,78,15.4,5.1,2.7,-7.6,0.053,0.11,0.2289999999999999,0.502,0.14,2002-03
2868,Carlos Boozer,CLE,21.0,205.74,127.00576,Duke,USA,2002,2,34,81,10.0,7.5,1.3,-11.9,0.108,0.231,0.17,0.5770000000000001,0.09,2002-03
2876,Cezary Trybanski,MEM,23.0,218.44,108.86208,,Poland,Undrafted,Undrafted,Undrafted,15,0.9,0.9,0.1,-11.1,0.073,0.099,0.163,0.287,0.021,2002-03
2877,Chris Owens,MEM,24.0,200.66,111.13004,Texas,USA,2002,2,47,1,4.0,1.0,0.0,39.1,0.3329999999999999,0.0,0.288,0.667,0.0,2002-03
2884,Dan Gadzuric,MIL,25.0,210.82,108.86208,UCLA,Netherlands,2002,2,33,49,3.4,4.0,0.2,-2.3,0.099,0.198,0.119,0.498,0.018,2002-03
2885,Dan Dickau,ATL,24.0,182.88,86.18248,Gonzaga,USA,2002,1,28,50,3.7,0.9,1.7,-14.5,0.019,0.078,0.201,0.504,0.292,2002-03
2891,Dajuan Wagner,CLE,20.0,190.5,90.7184,Memphis,USA,2002,1,6,47,13.4,1.7,2.8,-9.5,0.016,0.051,0.238,0.466,0.1689999999999999,2002-03
2902,Chris Wilcox,LAC,20.0,208.28,100.243832,Maryland,USA,2002,1,8,46,3.7,2.3,0.5,3.2,0.08,0.16,0.18,0.528,0.076,2002-03
2916,Amar'e Stoudemire,PHX,20.0,208.28,111.13004,,USA,2002,1,9,82,13.5,8.8,1.0,-0.8,0.109,0.206,0.214,0.53,0.05,2002-03
2926,Adam Harrington,DEN,22.0,195.58,90.7184,Auburn,USA,Undrafted,Undrafted,Undrafted,19,1.6,0.4,0.6,-15.7,0.01,0.088,0.1669999999999999,0.387,0.179,2002-03
2941,Bostjan Nachbar,HOU,22.0,205.74,100.243832,,Slovenia,2002,1,15,14,2.1,0.8,0.2,-12.2,0.042,0.108,0.2319999999999999,0.41,0.079,2002-03
2957,Antoine Rigaudeau,DAL,31.0,200.66,95.25432,,USA,Undrafted,Undrafted,Undrafted,11,1.5,0.7,0.5,-33.7,0.044,0.055,0.211,0.243,0.128,2002-03
2963,Jamal Sampson,MIL,20.0,210.82,106.59412,California,USA,2002,2,46,5,0.0,0.4,0.2,12.3,0.125,0.125,0.118,0.0,0.3329999999999999,2002-03
2971,Jannero Pargo,LAL,23.0,187.96,77.11064,Arkansas,USA,Undrafted,Undrafted,Undrafted,34,2.5,1.1,1.1,-0.1,0.027,0.1009999999999999,0.15,0.449,0.168,2002-03
2973,J.R. Bremer,BOS,22.0,187.96,83.91452,St. Bonaventure,USA,Undrafted,Undrafted,Undrafted,64,8.3,2.3,2.6,-2.1,0.013,0.1,0.18,0.515,0.19,2002-03
2975,Igor Rakocevic,MIN,25.0,187.96,83.46092800000001,,Serbia and Montenegro,2000,2,51,42,1.9,0.4,0.8,10.2,0.021,0.059,0.182,0.528,0.2019999999999999,2002-03
2980,Guy Rucker,GSW,25.0,205.74,122.46984,Iowa,USA,1999,Undrafted,Undrafted,3,0.0,0.3,0.3,-53.6,0.0,0.3329999999999999,0.0,0.0,0.5,2002-03
2984,Jared Jeffries,WAS,21.0,210.82,104.32616,Indiana,USA,2002,1,11,20,4.0,2.9,0.8,6.6,0.11,0.131,0.156,0.521,0.091,2002-03
2990,Jiri Welsch,GSW,23.0,200.66,94.347136,,Czech Republic,2002,1,16,37,1.6,0.8,0.7,-0.4,0.0559999999999999,0.067,0.192,0.348,0.171,2002-03
3003,Jay Williams,CHI,21.0,187.96,88.45044,Duke,USA,2002,1,2,75,9.5,2.6,4.7,-9.8,0.016,0.093,0.209,0.472,0.297,2002-03
3013,Gordan Giricek,ORL,26.0,198.12,97.975872,,Croatia,1999,2,40,76,12.3,3.1,1.8,-3.6,0.019,0.105,0.212,0.529,0.108,2002-03
3018,Drew Gooden,ORL,21.0,208.28,104.32616,Kansas,USA,2002,1,4,70,12.5,6.5,1.2,-3.7,0.1,0.178,0.243,0.503,0.076,2002-03
3027,Devin Brown,DEN,24.0,195.58,106.59412,Texas-San Antonio,USA,Undrafted,Undrafted,Undrafted,10,3.0,1.8,0.7,-8.4,0.083,0.111,0.212,0.389,0.135,2002-03
3048,Fred Jones,IND,24.0,187.96,98.883056,Oregon,USA,2002,1,14,19,1.2,0.5,0.3,-4.6,0.039,0.044,0.128,0.446,0.078,2002-03
3050,Frank Williams,NYK,23.0,190.5,92.98636,Illinois,USA,2002,1,25,21,1.3,0.9,1.6,-29.2,0.02,0.119,0.146,0.3929999999999999,0.374,2002-03
3052,Flip Murray,SEA,23.0,193.04,86.18248,Shaw,USA,2002,2,41,14,1.9,0.3,0.4,-4.1,0.0,0.068,0.316,0.391,0.143,2002-03
3063,Efthimios Rentzias,PHI,27.0,210.82,113.398,,Greece,1996,1,23,35,1.5,0.7,0.2,-12.0,0.074,0.152,0.2,0.413,0.086,2002-03
3073,Chris Kaman,LAC,22.0,213.36,121.562656,Central Michigan,USA,2003,1,6,82,6.1,5.6,1.0,-7.5,0.08,0.2019999999999999,0.16,0.502,0.078,2003-04
3076,Chris Bosh,TOR,20.0,208.28,95.25432,Georgia Tech,USA,2003,1,4,75,11.5,7.4,1.0,-3.4,0.087,0.171,0.182,0.513,0.0559999999999999,2003-04
3085,Carmelo Anthony,DEN,20.0,203.2,99.79024,Syracuse,USA,2003,1,3,82,21.0,6.1,2.8,0.6,0.069,0.122,0.283,0.509,0.134,2003-04
3100,Darko Milicic,DET,19.0,213.36,111.13004,,Serbia,2003,1,2,34,1.4,1.3,0.2,-12.6,0.08,0.212,0.271,0.318,0.095,2003-04
3101,Darius Songaila,SAC,26.0,205.74,112.490816,Wake Forest,Lithuania,2002,2,49,73,4.6,3.1,0.7,7.0,0.107,0.156,0.1639999999999999,0.541,0.077,2003-04
3114,Dahntay Jones,MEM,23.0,198.12,95.25432,Duke,USA,2003,1,20,20,1.8,1.2,0.6,-11.2,0.052,0.122,0.21,0.311,0.138,2003-04
3116,Curtis Borchardt,UTA,23.0,213.36,108.86208,Stanford,USA,2002,1,18,16,3.6,3.4,0.9,-6.2,0.066,0.203,0.149,0.4539999999999999,0.0969999999999999,2003-04
3121,David West,NOH,23.0,205.74,108.86208,Xavier,USA,2003,1,18,71,3.8,4.2,0.8,-5.1,0.135,0.242,0.151,0.519,0.12,2003-04
3130,Ben Handlogten,UTA,30.0,208.28,108.86208,Western Michigan,USA,Undrafted,Undrafted,Undrafted,17,4.0,3.2,0.4,-4.7,0.156,0.244,0.187,0.5770000000000001,0.063,2003-04
3138,Boris Diaw,ATL,22.0,203.2,97.52228,,France,2003,1,21,76,4.5,4.5,2.4,-5.9,0.068,0.138,0.114,0.483,0.154,2003-04
3142,Brandon Hunter,BOS,23.0,200.66,117.93392,Ohio,USA,2003,2,56,36,3.5,3.3,0.5,-0.8,0.134,0.185,0.168,0.4629999999999999,0.077,2003-04
3153,Brian Cook,LAL,23.0,205.74,106.140528,Illinois,USA,2003,1,24,35,4.4,2.9,0.6,-2.5,0.071,0.19,0.172,0.505,0.079,2003-04
3160,Alex Garcia,SAS,24.0,190.5,88.45044,,USA,Undrafted,Undrafted,Undrafted,2,1.5,0.0,0.0,11.9,0.0,0.0,0.282,0.19,0.0,2003-04
3162,Britton Johnsen,ORL,24.0,208.28,95.25432,Utah,USA,Undrafted,Undrafted,Undrafted,20,2.1,2.3,0.6,-16.4,0.053,0.127,0.126,0.318,0.072,2003-04
3181,Jarvis Hayes,WAS,22.0,200.66,99.79024,Georgia,USA,2003,1,10,70,9.6,3.8,1.5,-7.2,0.037,0.108,0.186,0.456,0.092,2003-04
3187,James Jones,IND,23.0,203.2,97.52228,Miami (FL),USA,2003,2,49,6,1.2,0.3,0.0,-10.0,0.0,0.095,0.1939999999999999,0.354,0.0,2003-04
3201,Ime Udoka,LAL,26.0,195.58,97.52228,Portland State,USA,Undrafted,Undrafted,Undrafted,4,2.0,1.3,0.5,-17.6,0.043,0.154,0.245,0.372,0.154,2003-04
3203,Jason Kapono,CLE,23.0,203.2,96.615096,UCLA,USA,2003,2,31,41,3.5,1.3,0.3,-7.6,0.048,0.094,0.17,0.519,0.06,2003-04
3207,Josh Howard,DAL,24.0,200.66,95.25432,Wake Forest,USA,2003,1,29,67,8.6,5.5,1.4,8.2,0.1009999999999999,0.157,0.181,0.485,0.085,2003-04
3208,Josh Davis,ATL,23.0,203.2,108.86208,Wyoming,USA,Undrafted,Undrafted,Undrafted,4,1.3,1.3,0.0,-24.3,0.048,0.222,0.135,0.46,0.0,2003-04
3210,Kaniel Dickens,POR,25.0,203.2,97.52228,Idaho,USA,2000,2,50,3,2.3,0.7,0.0,-23.2,0.1669999999999999,0.0,0.151,0.902,0.0,2003-04
3222,Jerome Beasley,MIA,24.0,205.74,107.501304,North Dakota,USA,2003,2,33,2,1.0,0.5,0.0,40.4,0.0,0.143,0.2789999999999999,0.3329999999999999,0.0,2003-04
3233,Hiram Fuller,ATL,23.0,205.74,108.86208,Fresno State,USA,Undrafted,Undrafted,Undrafted,4,2.0,2.8,0.5,3.0,0.0819999999999999,0.149,0.147,0.376,0.095,2003-04
3239,Dwyane Wade,MIA,22.0,193.04,96.161504,Marquette,USA,2003,1,5,61,16.2,4.0,4.5,1.9,0.046,0.088,0.246,0.53,0.241,2003-04
3250,Desmond Penigar,ORL,22.0,200.66,111.13004,Utah State,USA,Undrafted,Undrafted,Undrafted,10,3.2,2.4,0.3,7.8,0.077,0.247,0.183,0.5379999999999999,0.053,2003-04
3252,Desmond Ferguson,POR,26.0,200.66,95.25432,Detroit Mercy,USA,Undrafted,Undrafted,Undrafted,7,1.9,0.6,0.1,20.5,0.0,0.133,0.239,0.505,0.071,2003-04
3275,Francisco Elson,DEN,28.0,213.36,106.59412,California,Netherlands,1999,2,41,62,3.5,3.3,0.5,-1.2,0.083,0.178,0.13,0.498,0.06,2003-04
3287,Keith Bogans,ORL,24.0,195.58,97.52228,Kentucky,USA,2003,2,43,73,6.8,4.3,1.3,-10.2,0.066,0.139,0.145,0.499,0.087,2003-04
3292,Sasha Pavlovic,UTA,20.0,200.66,95.25432,,Montenegro,2003,1,19,79,4.8,2.0,0.8,-4.9,0.048,0.129,0.198,0.4629999999999999,0.098,2003-04
3308,Slavko Vranes,POR,21.0,226.06,124.7378,,USA,2003,2,39,1,0.0,0.0,0.0,-10.0,0.0,0.0,0.145,0.0,0.0,2003-04
3317,Raul Lopez,UTA,24.0,182.88,72.57472,,Spain,2001,1,24,82,7.0,1.9,3.7,-2.2,0.019,0.1,0.215,0.503,0.364,2003-04
3319,Reece Gaines,ORL,23.0,198.12,92.98636,Louisville,USA,2003,1,15,38,1.8,1.0,1.1,-3.0,0.025,0.104,0.15,0.356,0.185,2003-04
3324,Richie Frahm,SEA,26.0,195.58,95.25432,Gonzaga,USA,Undrafted,Undrafted,Undrafted,54,3.4,1.0,0.4,7.2,0.031,0.114,0.155,0.608,0.081,2003-04
3338,Ronald Dupree,CHI,23.0,200.66,94.800728,Louisiana State,USA,Undrafted,Undrafted,Undrafted,47,6.2,3.6,1.2,-6.6,0.062,0.14,0.183,0.445,0.103,2003-04
3342,Steve Blake,WAS,24.0,190.5,78.017824,Maryland,USA,2003,2,38,75,5.9,1.6,2.8,-4.4,0.0139999999999999,0.083,0.182,0.509,0.26,2003-04
3347,Udonis Haslem,MIA,24.0,203.2,103.418976,Florida,USA,Undrafted,Undrafted,Undrafted,75,7.3,6.3,0.7,0.0,0.123,0.188,0.157,0.521,0.049,2003-04
3359,Willie Green,PHI,22.0,193.04,90.7184,Detroit Mercy,USA,2003,2,41,53,6.9,1.2,1.0,-4.0,0.024,0.074,0.275,0.4639999999999999,0.151,2003-04
3362,Zarko Cabarkapa,PHX,23.0,210.82,106.59412,,Serbia and Montenegro,2003,1,17,49,4.1,2.0,0.8,-11.7,0.052,0.146,0.213,0.461,0.12,2003-04
3363,Zaza Pachulia,ORL,20.0,210.82,108.86208,,Georgia,2003,2,42,59,3.3,2.9,0.2,-6.2,0.1159999999999999,0.186,0.168,0.452,0.033,2003-04
3366,Zoran Planinic,NJN,21.0,200.66,88.45044,,Croatia,2003,1,22,49,3.1,1.1,1.4,-9.4,0.036,0.109,0.1969999999999999,0.492,0.2739999999999999,2003-04
3369,Troy Bell,MEM,23.0,185.42,81.64656,Boston College,USA,2003,1,16,6,1.8,0.7,0.7,8.0,0.0969999999999999,0.03,0.293,0.285,0.182,2003-04
3374,T.J. Ford,MIL,21.0,182.88,74.84268,Texas,USA,2003,1,8,55,7.1,3.2,6.5,-0.2,0.027,0.105,0.176,0.4429999999999999,0.375,2003-04
3378,Theron Smith,MEM,23.0,203.2,102.0582,Ball State,USA,Undrafted,Undrafted,Undrafted,20,2.2,2.1,0.4,0.7,0.083,0.177,0.153,0.473,0.065,2003-04
3388,Torraye Braggs,WAS,28.0,203.2,111.13004,Xavier,USA,1998,2,57,15,2.7,2.6,0.5,9.1,0.157,0.176,0.16,0.522,0.083,2003-04
3392,Travis Hansen,ATL,26.0,198.12,92.98636,Brigham Young,USA,2003,2,37,41,3.0,1.7,0.5,-0.9,0.068,0.09,0.139,0.433,0.059,2003-04
3393,Travis Outlaw,POR,19.0,205.74,95.25432,,USA,2003,1,23,8,1.0,0.5,0.1,-61.0,0.111,0.154,0.246,0.457,0.143,2003-04
3396,Keith McLeod,MIN,24.0,187.96,86.18248,Bowling Green,USA,Undrafted,Undrafted,Undrafted,33,2.7,1.0,1.8,-6.4,0.017,0.083,0.1639999999999999,0.436,0.258,2003-04
3403,Luke Ridnour,SEA,23.0,187.96,79.3786,Oregon,USA,2003,1,14,69,5.5,1.6,2.4,-7.1,0.036,0.081,0.193,0.496,0.266,2003-04
3404,Luke Walton,LAL,24.0,203.2,106.59412,Arizona,USA,2003,2,32,72,2.4,1.8,1.6,1.4,0.061,0.15,0.139,0.505,0.246,2003-04
3405,Maciej Lampe,PHX,19.0,210.82,108.86208,,Poland,2003,2,30,21,4.6,2.1,0.4,-11.8,0.048,0.1669999999999999,0.218,0.512,0.069,2003-04
3411,Marcus Banks,BOS,22.0,187.96,90.7184,Nevada-Las Vegas,USA,2003,1,13,81,5.9,1.6,2.2,-2.8,0.026,0.085,0.206,0.48,0.226,2003-04
3420,Marquis Daniels,DAL,23.0,198.12,90.7184,Auburn,USA,Undrafted,Undrafted,Undrafted,56,8.5,2.6,2.1,2.5,0.071,0.086,0.208,0.536,0.168,2003-04
3422,Linton Johnson,CHI,24.0,203.2,92.98636,Tulane,USA,Undrafted,Undrafted,Undrafted,41,4.2,4.5,0.7,-10.3,0.079,0.188,0.153,0.3939999999999999,0.065,2003-04
3428,Kendrick Perkins,BOS,19.0,208.28,127.00576,,USA,2003,1,27,10,2.2,1.4,0.3,21.3,0.156,0.29,0.281,0.58,0.115,2003-04
3437,Matt Barnes,LAC,24.0,200.66,106.59412,UCLA,USA,2002,2,45,38,4.5,4.0,1.3,-13.4,0.0819999999999999,0.161,0.129,0.519,0.1159999999999999,2003-04
3439,Kirk Penney,MIA,23.0,195.58,99.79024,Wisconsin,USA,Undrafted,Undrafted,Undrafted,2,1.5,0.5,0.5,-9.0,0.0,0.059,0.218,0.25,0.083,2003-04
3443,Kyle Korver,PHI,23.0,200.66,95.25432,Creighton,USA,2003,2,51,74,4.5,1.5,0.5,-1.9,0.039,0.109,0.201,0.489,0.088,2003-04
3448,LeBron James,CLE,19.0,203.2,108.86208,,USA,2003,1,1,79,20.9,5.5,5.9,-2.6,0.035,0.1169999999999999,0.28,0.488,0.268,2003-04
3449,Leandro Barbosa,PHX,21.0,190.5,79.83219199999998,,Brazil,2003,1,28,70,7.9,1.8,2.4,-4.0,0.018,0.075,0.183,0.5529999999999999,0.175,2003-04
3450,Kirk Hinrich,CHI,23.0,190.5,86.18248,Kansas,USA,2003,1,7,76,12.0,3.4,6.8,-4.6,0.017,0.089,0.183,0.51,0.32,2003-04
3452,Matt Carroll,SAS,23.0,198.12,96.161504,Notre Dame,USA,Undrafted,Undrafted,Undrafted,16,1.2,0.4,0.1,-13.7,0.015,0.078,0.156,0.51,0.05,2003-04
3453,Maurice Carter,NOH,27.0,195.58,95.25432,Louisiana State,USA,Undrafted,Undrafted,Undrafted,10,4.2,1.1,0.4,1.8,0.022,0.089,0.222,0.479,0.07,2003-04
3459,Omar Cook,POR,22.0,185.42,86.18248,St. John's (NY),USA,2001,2,31,17,0.8,0.4,1.4,-8.5,0.024,0.027,0.123,0.259,0.282,2003-04
3477,Ndudi Ebi,MIN,20.0,205.74,90.7184,,USA,2003,1,26,17,0.8,0.2,0.2,-12.8,0.074,0.0279999999999999,0.298,0.412,0.2,2003-04
3494,Michael Sweetney,NYK,21.0,203.2,117.93392,Georgetown,USA,2003,1,9,42,4.3,3.7,0.3,3.2,0.1689999999999999,0.212,0.184,0.544,0.049,2003-04
3495,Mickael Pietrus,GSW,22.0,198.12,95.25432,,France,2003,1,11,53,5.3,2.2,0.5,6.4,0.069,0.105,0.184,0.528,0.06,2003-04
3504,Mo Williams,UTA,21.0,185.42,83.91452,Alabama,USA,2003,2,47,57,5.0,1.3,1.3,-6.6,0.035,0.08,0.2239999999999999,0.433,0.196,2003-04
3520,Maurice Baker,POR,25.0,187.96,90.7184,Oklahoma State,USA,Undrafted,Undrafted,Undrafted,5,0.0,0.4,0.2,27.3,0.063,0.0559999999999999,0.05,0.0,0.077,2004-05
3522,Matt Freije,NOH,23.0,208.28,112.944408,Vanderbilt,USA,2004,2,53,23,4.0,2.7,0.9,-9.9,0.042,0.132,0.159,0.356,0.079,2004-05
3524,Matt Bonner,TOR,25.0,208.28,108.86208,Florida,USA,2003,2,45,82,7.2,3.5,0.6,-1.0,0.077,0.134,0.157,0.596,0.054,2004-05
3531,Mark Jones,ORL,30.0,198.12,97.52228,Central Florida,USA,2004,4,82,10,2.3,1.3,0.6,-0.4,0.05,0.067,0.133,0.325,0.075,2004-05
3533,Mario Kasun,ORL,25.0,213.36,117.93392,,Croatia,2002,2,40,44,2.7,2.9,0.2,-5.4,0.157,0.243,0.168,0.505,0.035,2004-05
3541,Pape Sow,TOR,23.0,208.28,113.398,Cal State-Fullerton,Senegal,2004,2,47,27,2.3,2.1,0.1,0.3,0.084,0.193,0.146,0.444,0.012,2004-05
3548,Nick Collison,SEA,24.0,205.74,115.66596,Kansas,USA,2003,1,12,82,5.6,4.6,0.4,4.2,0.134,0.185,0.155,0.569,0.04,2004-05
3550,Nenad Krstic,NJN,21.0,213.36,108.86208,,Serbia and Montenegro,2002,1,24,75,10.0,5.3,1.0,1.4,0.098,0.15,0.19,0.547,0.067,2004-05
3568,Kris Humphries,UTA,20.0,205.74,106.59412,Minnesota,USA,2004,1,14,67,4.1,2.9,0.6,-12.2,0.093,0.184,0.201,0.419,0.095,2004-05
3570,Kirk Snyder,UTA,22.0,198.12,102.0582,Nevada,USA,2004,1,16,68,5.0,1.8,0.5,-10.9,0.069,0.104,0.221,0.456,0.073,2004-05
3576,Kevin Martin,SAC,22.0,200.66,83.91452,Western Carolina,USA,2004,1,26,45,2.9,1.3,0.5,3.0,0.071,0.071,0.161,0.4639999999999999,0.071,2004-05
3602,Luol Deng,CHI,20.0,203.2,99.79024,Duke,United Kingdom,2004,1,7,61,11.7,5.3,2.2,4.1,0.064,0.15,0.225,0.496,0.141,2004-05
3605,Luke Jackson,CLE,23.0,200.66,97.52228,Oregon,USA,2004,1,10,10,2.9,0.6,0.3,-23.0,0.039,0.111,0.308,0.489,0.1669999999999999,2004-05
3606,Luis Flores,DEN,24.0,187.96,88.45044,Manhattan,USA,2004,2,55,16,2.2,0.2,0.7,13.1,0.015,0.0289999999999999,0.242,0.586,0.262,2004-05
3611,Lionel Chalmers,LAC,24.0,182.88,81.64656,Xavier,USA,2004,2,33,36,3.1,0.9,1.4,-3.9,0.012,0.074,0.181,0.409,0.211,2004-05
3622,Pavel Podkolzin,DAL,20.0,226.06,117.93392,,Russia,2004,1,21,5,0.2,0.4,0.0,-12.2,0.0,0.3329999999999999,0.209,0.568,0.0,2004-05
3624,Peter John Ramos,WAS,20.0,220.98,124.7378,,Puerto Rico,2004,2,32,6,1.8,0.7,0.0,-12.7,0.048,0.25,0.29,0.506,0.0,2004-05
3632,Tony Bobbitt,LAL,25.0,193.04,86.18248,Cincinnati,USA,Undrafted,Undrafted,Undrafted,2,2.5,1.5,0.0,-4.2,0.0,0.1669999999999999,0.195,0.5,0.0,2004-05
3634,Tony Allen,BOS,23.0,193.04,96.615096,Oklahoma State,USA,2004,1,25,77,6.4,2.9,0.8,6.3,0.079,0.126,0.187,0.542,0.08,2004-05
3660,Yuta Tabuse,PHX,24.0,175.26,74.84268,Brigham Young-Hawaii,USA,Undrafted,Undrafted,Undrafted,4,1.8,1.0,0.8,2.7,0.087,0.105,0.192,0.451,0.25,2004-05
3674,Viktor Khryapa,POR,22.0,205.74,95.25432,,Russia,2004,1,22,32,4.2,3.4,0.8,-10.0,0.06,0.171,0.15,0.474,0.08,2004-05
3679,Trevor Ariza,NYK,20.0,203.2,90.7184,UCLA,USA,2004,2,43,80,5.9,3.0,1.1,-1.2,0.077,0.129,0.178,0.503,0.1009999999999999,2004-05
3683,Robert Swift,SEA,19.0,213.36,111.13004,,USA,2004,1,12,16,0.9,0.3,0.1,-27.8,0.015,0.078,0.13,0.501,0.051,2004-05
3701,Rafael Araujo,TOR,24.0,210.82,127.00576,Brigham Young,Brazil,2004,1,8,59,3.3,3.1,0.3,-1.7,0.089,0.2019999999999999,0.154,0.492,0.032,2004-05
3704,Quinton Ross,LAC,24.0,198.12,87.543256,Southern Methodist,USA,Undrafted,Undrafted,Undrafted,78,5.1,2.7,1.4,-5.6,0.045,0.108,0.1369999999999999,0.471,0.109,2004-05
3716,Shaun Livingston,LAC,19.0,200.66,82.553744,,USA,2004,1,4,30,7.4,3.0,5.0,-2.0,0.034,0.095,0.175,0.461,0.287,2004-05
3721,Sebastian Telfair,POR,20.0,182.88,72.57472,,USA,2004,1,13,68,6.8,1.5,3.3,-7.5,0.009,0.079,0.211,0.471,0.28,2004-05
3724,Justin Reed,BOS,23.0,203.2,108.86208,Mississippi,USA,2004,2,40,23,1.8,0.7,0.4,8.0,0.089,0.087,0.163,0.5760000000000001,0.128,2004-05
3726,Sasha Vujacic,LAL,21.0,200.66,87.543256,,Slovenia,2004,1,27,35,2.9,1.8,1.5,-1.4,0.036,0.14,0.152,0.4029999999999999,0.185,2004-05
3734,Royal Ivey,ATL,23.0,190.5,90.7184,Texas,USA,2004,2,37,62,3.5,1.4,1.7,-4.1,0.026,0.099,0.156,0.484,0.1969999999999999,2004-05
3747,Chris Duhon,CHI,22.0,185.42,83.91452,Duke,USA,2004,2,38,82,5.9,2.6,4.9,1.8,0.012,0.1,0.131,0.471,0.28,2004-05
3755,Carlos Delfino,DET,22.0,198.12,104.32616,,Argentina,2003,1,25,30,3.9,1.8,1.3,-2.5,0.035,0.114,0.162,0.431,0.138,2004-05
3772,David Harrison,IND,22.0,213.36,127.00576,Colorado,USA,2004,1,29,43,6.1,3.1,0.3,-1.2,0.086,0.1369999999999999,0.179,0.589,0.032,2004-05
3786,Damien Wilkins,SEA,25.0,198.12,102.0582,Georgia,USA,Undrafted,Undrafted,Undrafted,29,6.3,2.3,0.9,-8.0,0.066,0.095,0.181,0.5,0.091,2004-05
3790,DJ Mbenga,DAL,24.0,213.36,111.13004,,Democratic Republic of the Congo,Undrafted,Undrafted,Undrafted,15,1.0,0.5,0.0,-34.4,0.052,0.102,0.162,0.476,0.0,2004-05
3794,Corsley Edwards,NOH,26.0,205.74,124.7378,Central Connecticut State,USA,2002,2,57,10,2.7,2.5,0.3,-14.6,0.1119999999999999,0.149,0.166,0.372,0.057,2004-05
3803,Andris Biedrins,GSW,19.0,210.82,108.86208,,Latvia,2004,1,11,30,3.6,3.9,0.4,6.1,0.134,0.1969999999999999,0.124,0.57,0.047,2004-05
3805,Andres Nocioni,CHI,25.0,200.66,102.0582,,Argentina,Undrafted,Undrafted,Undrafted,81,8.4,4.8,1.5,-3.8,0.0409999999999999,0.193,0.196,0.484,0.111,2004-05
3808,Andre Iguodala,PHI,21.0,198.12,93.893544,Arizona,USA,2004,1,9,82,9.0,5.7,3.0,0.8,0.037,0.158,0.129,0.58,0.139,2004-05
3809,Andre Emmett,MEM,22.0,195.58,104.32616,Texas Tech,USA,2004,2,35,8,0.9,0.3,0.0,-16.0,0.0,0.083,0.175,0.427,0.0,2004-05
3815,Al Jefferson,BOS,20.0,208.28,120.20188,,USA,2004,1,15,71,6.7,4.4,0.3,-1.7,0.1369999999999999,0.205,0.212,0.5539999999999999,0.042,2004-05
3823,Anderson Varejao,CLE,22.0,208.28,104.32616,,Brazil,2004,2,30,54,4.9,4.8,0.5,4.9,0.139,0.211,0.142,0.534,0.05,2004-05
3824,Andre Barrett,ORL,23.0,177.8,78.471416,Seton Hall,USA,Undrafted,Undrafted,Undrafted,38,3.1,1.1,1.8,2.1,0.026,0.068,0.15,0.446,0.2269999999999999,2004-05
3831,Brandin Knight,HOU,23.0,182.88,81.64656,Pittsburgh,USA,Undrafted,Undrafted,Undrafted,1,0.0,0.0,1.0,-10.1,0.0,0.0,0.143,0.0,0.3329999999999999,2004-05
3839,Billy Thomas,NJN,29.0,195.58,98.883056,Kansas,USA,Undrafted,Undrafted,Undrafted,25,3.7,1.4,0.7,-1.9,0.025,0.1,0.146,0.47,0.078,2004-05
3840,Bernard Robinson,CHA,24.0,198.12,95.25432,Michigan,USA,2004,2,45,31,3.0,1.5,1.0,-10.7,0.046,0.12,0.153,0.503,0.1689999999999999,2004-05
3841,Beno Udrih,SAS,22.0,190.5,90.7184,,Slovenia,2004,1,28,80,5.9,1.0,1.9,7.8,0.016,0.068,0.205,0.5489999999999999,0.233,2004-05
3844,Ben Gordon,CHI,22.0,190.5,90.7184,Connecticut,USA,2004,1,3,82,15.1,2.6,2.0,4.0,0.031,0.086,0.3,0.526,0.165,2004-05
3846,Awvee Storey,NJN,28.0,198.12,102.0582,Arizona State,USA,Undrafted,Undrafted,Undrafted,9,0.9,0.6,0.1,-18.1,0.133,0.037,0.191,0.368,0.071,2004-05
3851,Antonio Burks,MEM,25.0,182.88,88.45044,Memphis,USA,2004,2,36,24,3.0,0.5,1.2,-7.8,0.005,0.067,0.185,0.534,0.252,2004-05
3857,Delonte West,BOS,21.0,193.04,81.64656,Saint Joseph's,USA,2004,1,24,39,4.5,1.7,1.4,0.6,0.033,0.111,0.172,0.524,0.173,2004-05
3861,Jared Reiner,CHI,23.0,210.82,115.66596,Iowa,USA,Undrafted,Undrafted,Undrafted,19,1.1,2.0,0.1,-10.0,0.094,0.192,0.126,0.331,0.011,2004-05
3865,James Thomas,ATL,24.0,203.2,106.59412,Texas,USA,Undrafted,Undrafted,Undrafted,11,2.4,3.4,0.4,-28.8,0.155,0.2,0.113,0.574,0.061,2004-05
3868,Jameer Nelson,ORL,23.0,182.88,86.18248,Saint Joseph's,USA,2004,1,20,79,8.7,2.4,3.0,-3.7,0.036,0.0969999999999999,0.214,0.51,0.244,2004-05
3878,Jackson Vroman,NOH,24.0,208.28,99.79024,Iowa State,USA,2004,2,31,46,4.6,3.8,0.9,-7.9,0.104,0.1939999999999999,0.188,0.457,0.095,2004-05
3879,Jackie Butler,NYK,20.0,208.28,113.398,Southern Illinois,USA,Undrafted,Undrafted,Undrafted,3,3.3,0.0,0.0,5.1,0.0,0.0,0.595,1.025,0.0,2004-05
3881,JR Smith,NOH,19.0,198.12,99.79024,,USA,2004,1,18,76,10.3,2.0,1.9,-13.0,0.023,0.075,0.2289999999999999,0.478,0.142,2004-05
3887,Josh Smith,ATL,19.0,205.74,102.0582,,USA,2004,1,17,74,9.7,6.2,1.7,-8.9,0.08,0.178,0.182,0.506,0.1,2004-05
3890,Josh Childress,ATL,22.0,203.2,95.25432,Stanford,USA,2004,1,6,80,10.1,6.0,1.9,-10.5,0.091,0.146,0.158,0.5429999999999999,0.1,2004-05
3895,John Edwards,IND,23.0,213.36,124.7378,Kent State,USA,Undrafted,Undrafted,Undrafted,25,1.2,0.8,0.1,-26.6,0.075,0.1,0.165,0.401,0.0409999999999999,2004-05
3899,Ibrahim Kutluay,SEA,31.0,198.12,90.7184,,USA,Undrafted,Undrafted,Undrafted,5,0.0,0.2,0.0,-88.4,0.0,0.077,0.158,0.0,0.0,2004-05
3924,Dwight Howard,ORL,19.0,210.82,113.398,,USA,2004,1,1,82,12.0,10.0,0.9,-2.0,0.124,0.222,0.168,0.5710000000000001,0.043,2004-05
3932,Horace Jenkins,DET,30.0,185.42,81.64656,William Paterson,USA,Undrafted,Undrafted,Undrafted,15,2.8,0.6,0.6,-4.7,0.032,0.062,0.2689999999999999,0.414,0.214,2004-05
3934,Devin Harris,DAL,22.0,190.5,83.91452,Wisconsin,USA,2004,1,5,76,5.7,1.3,2.2,-0.6,0.027,0.072,0.186,0.53,0.2289999999999999,2004-05
3940,Donta Smith,ATL,21.0,200.66,97.52228,Southeastern Illinois,USA,2004,2,34,38,3.3,1.4,1.0,-6.1,0.046,0.093,0.162,0.473,0.141,2004-05
3945,Emeka Okafor,CHA,22.0,208.28,114.305184,Connecticut,USA,2004,1,2,73,15.1,10.9,0.9,-7.3,0.114,0.241,0.217,0.479,0.042,2004-05
3946,Ha Ha,POR,19.0,220.98,138.34556,Yonsei (KOR),South Korea,2004,2,46,19,1.4,0.9,0.1,-2.7,0.069,0.121,0.175,0.467,0.03,2004-05
3955,Geno Carlisle,POR,28.0,190.5,90.7184,California,USA,Undrafted,Undrafted,Undrafted,6,1.3,0.2,0.2,-27.7,0.071,0.0,0.185,0.7090000000000001,0.111,2004-05
3967,Erik Daniels,SAC,23.0,203.2,97.068688,Kentucky,USA,Undrafted,Undrafted,Undrafted,21,0.6,0.9,0.2,-23.2,0.09,0.162,0.141,0.361,0.118,2004-05
3971,Dorell Wright,MIA,19.0,200.66,95.25432,,USA,2004,1,19,3,2.3,0.3,1.0,-7.1,0.0,0.038,0.237,0.306,0.176,2004-05
3985,Travis Diener,ORL,24.0,185.42,79.3786,Marquette,USA,2005,2,38,23,3.8,0.9,0.7,-13.7,0.017,0.086,0.149,0.614,0.126,2005-06
4002,Sarunas Jasikevicius,IND,30.0,193.04,89.357624,Maryland,USSR,Undrafted,Undrafted,Undrafted,75,7.3,2.0,3.0,0.8,0.0139999999999999,0.094,0.178,0.561,0.257,2005-06
4007,Ryan Gomes,BOS,23.0,200.66,113.398,Providence,USA,2005,2,50,61,7.6,4.9,1.0,0.0,0.092,0.173,0.16,0.5479999999999999,0.069,2005-06
4011,Ronnie Price,SAC,23.0,187.96,86.18248,Utah Valley,USA,Undrafted,Undrafted,Undrafted,29,2.1,0.5,0.4,-8.0,0.036,0.075,0.2289999999999999,0.474,0.153,2005-06
4013,Ronny Turiaf,LAL,23.0,208.28,112.944408,Gonzaga,France,2005,2,37,23,2.0,1.6,0.3,-0.9,0.079,0.203,0.142,0.537,0.078,2005-06
4014,Salim Stoudamire,ATL,23.0,185.42,81.19296800000001,Arizona,USA,2005,2,31,61,9.7,1.9,1.2,-5.4,0.011,0.102,0.2239999999999999,0.545,0.107,2005-06
4016,Sean May,CHA,22.0,205.74,120.655472,North Carolina,USA,2005,1,13,23,8.2,4.7,1.0,-3.1,0.115,0.211,0.251,0.474,0.105,2005-06
4017,Sergei Monia,SAC,23.0,203.2,99.79024,,Russia,2004,1,23,26,3.0,2.0,0.7,-24.5,0.038,0.152,0.143,0.413,0.091,2005-06
4022,Stephen Graham,CLE,24.0,198.12,97.52228,Oklahoma State,USA,Undrafted,Undrafted,Undrafted,22,2.6,1.2,0.3,5.6,0.03,0.161,0.19,0.479,0.063,2005-06
4028,Shavlik Randolph,PHI,22.0,208.28,108.86208,Duke,USA,Undrafted,Undrafted,Undrafted,57,2.3,2.3,0.3,4.4,0.133,0.183,0.14,0.511,0.062,2005-06
4030,Sharrod Ford,PHX,24.0,205.74,106.59412,Clemson,USA,Undrafted,Undrafted,Undrafted,3,1.3,1.0,0.0,-24.7,0.111,0.133,0.162,0.667,0.0,2005-06
4037,Von Wafer,LAL,20.0,195.58,95.25432,Florida State,USA,2005,2,39,16,1.3,0.5,0.3,-11.6,0.062,0.045,0.268,0.241,0.114,2005-06
4038,Jason Maxiell,DET,23.0,200.66,117.93392,Cincinnati,USA,2005,1,26,26,2.3,1.1,0.1,-24.6,0.088,0.1169999999999999,0.228,0.414,0.031,2005-06
4044,Jarrett Jack,POR,22.0,190.5,91.625584,Georgia Tech,USA,2005,1,22,79,6.7,2.0,2.8,-12.8,0.013,0.107,0.179,0.528,0.249,2005-06
4048,James Singleton,LAC,24.0,203.2,97.52228,Murray State,USA,Undrafted,Undrafted,Undrafted,59,3.4,3.3,0.5,-1.1,0.102,0.21,0.125,0.5870000000000001,0.059,2005-06
4066,Ike Diogu,GSW,22.0,203.2,115.66596,Arizona State,USA,2005,1,9,69,7.0,3.3,0.4,-3.7,0.1009999999999999,0.156,0.208,0.596,0.051,2005-06
4074,Wayne Simien,MIA,23.0,205.74,113.398,Kansas,USA,2005,1,29,43,3.4,2.0,0.2,-3.6,0.106,0.136,0.177,0.541,0.031,2005-06
4075,Will Bynum,GSW,23.0,182.88,83.91452,Georgia Tech,USA,Undrafted,Undrafted,Undrafted,15,3.6,0.8,1.3,-17.9,0.02,0.063,0.198,0.457,0.218,2005-06
4078,Yaroslav Korolev,LAC,19.0,205.74,111.13004,,Russia,2005,1,12,24,1.1,0.5,0.4,-5.6,0.042,0.08,0.1369999999999999,0.392,0.12,2005-06
4087,John Lucas III,HOU,23.0,180.34,81.64656,Oklahoma State,USA,Undrafted,Undrafted,Undrafted,13,2.3,0.4,0.9,-9.7,0.02,0.038,0.186,0.417,0.2,2005-06
4089,Johan Petro,SEA,20.0,213.36,112.037224,,France,2005,1,25,68,5.2,4.4,0.2,-6.3,0.103,0.178,0.141,0.53,0.018,2005-06
4090,Joey Graham,TOR,24.0,200.66,102.0582,Oklahoma State,USA,2005,1,16,80,6.7,3.1,0.8,-4.5,0.043,0.144,0.1669999999999999,0.564,0.061,2005-06
4102,Robert Whaley,UTA,24.0,208.28,117.93392,Walsh,USA,2005,2,51,23,2.1,1.9,0.7,-12.6,0.087,0.145,0.158,0.411,0.138,2005-06
4106,Luke Schenscher,CHI,24.0,215.9,120.20188,Georgia Tech,USA,Undrafted,Undrafted,Undrafted,20,1.8,1.5,0.4,0.0,0.061,0.16,0.111,0.5670000000000001,0.072,2005-06
4109,Lou Williams,PHI,19.0,185.42,79.3786,,USA,2005,2,45,30,1.9,0.6,0.3,-6.5,0.025,0.134,0.2339999999999999,0.485,0.12,2005-06
4115,Linas Kleiza,DEN,21.0,203.2,111.13004,Missouri,Lithuania,2005,1,27,61,3.5,1.9,0.2,-2.2,0.083,0.173,0.1889999999999999,0.51,0.047,2005-06
4118,Lawrence Roberts,MEM,23.0,205.74,108.86208,Mississippi State,USA,2005,2,55,33,1.5,1.5,0.2,1.1,0.166,0.148,0.154,0.471,0.048,2005-06
4121,Luther Head,HOU,23.0,190.5,83.91452,Illinois,USA,2005,1,24,80,8.8,3.3,2.7,-0.8,0.017,0.1159999999999999,0.1669999999999999,0.517,0.1669999999999999,2005-06
4123,Marvin Williams,ATL,20.0,205.74,104.32616,North Carolina,USA,2005,1,2,79,8.5,4.8,0.8,-2.0,0.073,0.161,0.166,0.523,0.052,2005-06
4124,Martynas Andriuskevicius,CLE,20.0,218.44,108.86208,,Lithuania,2005,2,44,6,0.0,0.7,0.0,37.1,0.125,0.375,0.042,0.0,0.0,2005-06
4125,Martell Webster,POR,19.0,200.66,95.25432,,USA,2005,1,6,61,6.6,2.1,0.6,-14.6,0.0289999999999999,0.12,0.183,0.5329999999999999,0.055,2005-06
4145,Julius Hodge,DEN,22.0,200.66,95.25432,North Carolina State,USA,2005,1,20,14,0.9,0.5,0.4,-0.9,0.1669999999999999,0.054,0.3339999999999999,0.3929999999999999,0.3329999999999999,2005-06
4152,Jose Calderon,TOR,24.0,190.5,95.25432,,Spain,Undrafted,Undrafted,Undrafted,64,5.5,2.2,4.5,-3.2,0.024,0.09,0.141,0.495,0.301,2005-06
4155,Josh Powell,DAL,23.0,205.74,102.0582,North Carolina State,USA,Undrafted,Undrafted,Undrafted,37,3.0,2.2,0.2,1.5,0.09,0.151,0.1369999999999999,0.546,0.034,2005-06
4170,Kevin Burleson,CHA,27.0,190.5,92.98636,Minnesota,USA,Undrafted,Undrafted,Undrafted,39,1.8,0.7,1.2,-0.9,0.013,0.081,0.159,0.367,0.242,2005-06
4194,Randy Holcomb,CHI,26.0,205.74,99.79024,San Diego State,USA,2002,2,56,4,0.5,0.3,0.0,7.0,0.1669999999999999,0.0,0.05,1.0,0.0,2005-06
4203,Raymond Felton,CHA,22.0,185.42,89.811216,North Carolina,USA,2005,1,5,80,11.9,3.3,5.6,-3.4,0.035,0.0969999999999999,0.215,0.483,0.298,2005-06
4205,Rawle Marshall,DAL,24.0,200.66,86.18248,Oakland,USA,Undrafted,Undrafted,Undrafted,23,3.1,1.3,0.4,-2.0,0.042,0.104,0.174,0.488,0.07,2005-06
4210,Rashad McCants,MIN,21.0,193.04,93.893544,North Carolina,USA,2005,1,14,79,7.9,1.8,0.8,-3.6,0.026,0.095,0.2319999999999999,0.539,0.088,2005-06
4213,Orien Greene,BOS,24.0,193.04,94.347136,Louisiana-Lafayette,USA,2005,2,53,80,3.2,1.8,1.6,-4.3,0.036,0.106,0.145,0.449,0.178,2005-06
4227,Matt Walsh,MIA,23.0,198.12,99.79024,Florida,USA,Undrafted,Undrafted,Undrafted,2,1.0,0.0,0.0,-140.5,0.0,0.0,0.324,0.532,0.0,2005-06
4229,Melvin Sanders,SAS,25.0,195.58,95.25432,Oklahoma State,USA,Undrafted,Undrafted,Undrafted,16,2.6,1.4,0.2,-2.8,0.044,0.211,0.191,0.5479999999999999,0.048,2005-06
4238,Nate Robinson,NYK,22.0,175.26,81.64656,Washington,USA,2005,1,21,72,9.3,2.3,2.0,-3.3,0.045,0.087,0.2269999999999999,0.512,0.17,2005-06
4241,Monta Ellis,GSW,20.0,190.5,80.28578399999998,,USA,2005,2,40,49,6.8,2.1,1.6,-0.1,0.027,0.106,0.196,0.486,0.152,2005-06
4248,Noel Felix,SEA,24.0,205.74,102.0582,Fresno State,USA,Undrafted,Undrafted,Undrafted,12,1.5,1.1,0.2,-4.5,0.043,0.152,0.2019999999999999,0.316,0.043,2005-06
4255,Brandon Bass,NOK,21.0,203.2,108.86208,Louisiana State,USA,2005,2,33,29,2.3,2.3,0.1,-9.6,0.084,0.217,0.159,0.434,0.02,2005-06
4257,Bracey Wright,MIN,21.0,190.5,95.25432,Indiana,USA,2005,2,47,7,8.9,2.6,0.7,-4.3,0.025,0.12,0.228,0.534,0.072,2005-06
4270,Boniface Ndong,LAC,28.0,213.36,92.98636,,Senegal,Undrafted,Undrafted,Undrafted,23,2.2,1.6,0.3,-14.0,0.106,0.2,0.187,0.439,0.08,2005-06
4278,Charlie Villanueva,TOR,21.0,210.82,108.86208,Connecticut,USA,2005,1,7,81,13.0,6.4,1.1,-0.8,0.09,0.181,0.215,0.521,0.063,2005-06
4281,Channing Frye,NYK,23.0,210.82,112.490816,Arizona,USA,2005,1,8,65,12.3,5.8,0.8,-2.6,0.1,0.183,0.236,0.541,0.066,2005-06
4289,CJ Miles,UTA,19.0,198.12,95.25432,,USA,2005,2,34,23,3.4,1.7,0.7,-4.5,0.1,0.126,0.214,0.456,0.142,2005-06
4296,Arvydas Macijauskas,NOK,26.0,193.04,97.068688,,Lithuania,Undrafted,Undrafted,Undrafted,19,2.3,0.5,0.3,-10.8,0.0279999999999999,0.065,0.1969999999999999,0.462,0.071,2005-06
4298,Amir Johnson,DET,19.0,205.74,95.25432,,USA,2005,2,56,3,6.7,1.3,1.0,-24.1,0.1,0.026,0.17,0.85,0.125,2005-06
4303,Alex Scales,SAS,27.0,193.04,88.45044,Oregon,USA,Undrafted,Undrafted,Undrafted,1,0.0,0.0,0.0,0.0,0.0,0.0,0.0,0.0,0.0,2005-06
4304,Alex Acker,DET,23.0,195.58,83.91452,Pepperdine,USA,2005,2,60,5,1.8,1.0,0.8,-44.4,0.034,0.138,0.228,0.281,0.19,2005-06
4305,Andray Blatche,WAS,19.0,210.82,106.59412,,USA,2005,2,49,29,2.2,1.3,0.3,-2.6,0.08,0.184,0.222,0.45,0.103,2005-06
4312,Aaron Miles,GSW,23.0,185.42,86.18248,Kansas,USA,Undrafted,Undrafted,Undrafted,19,0.8,0.7,1.3,-3.9,0.0,0.154,0.113,0.405,0.308,2005-06
4315,Alan Anderson,CHA,23.0,198.12,99.79024,Michigan State,USA,Undrafted,Undrafted,Undrafted,36,5.8,1.9,0.9,-0.3,0.044,0.1,0.182,0.52,0.093,2005-06
4323,Antoine Wright,NJN,22.0,200.66,95.25432,Texas A&M,USA,2005,1,15,39,1.8,0.8,0.3,-6.4,0.026,0.073,0.148,0.386,0.057,2005-06
4325,Anthony Roberson,MEM,23.0,187.96,81.64656,Florida,USA,Undrafted,Undrafted,Undrafted,16,2.2,0.4,0.3,4.9,0.0,0.069,0.206,0.5489999999999999,0.122,2005-06
4327,Anthony Grundy,ATL,27.0,190.5,83.91452,North Carolina State,USA,Undrafted,Undrafted,Undrafted,12,4.3,1.4,0.8,10.7,0.011,0.144,0.22,0.589,0.13,2005-06
4328,Hakim Warrick,MEM,23.0,205.74,99.336648,Syracuse,USA,2005,1,19,68,4.1,2.1,0.4,-5.0,0.069,0.1639999999999999,0.221,0.499,0.08,2005-06
4333,Andrew Bynum,LAL,18.0,213.36,124.7378,,USA,2005,1,10,46,1.6,1.7,0.2,-4.0,0.11,0.154,0.152,0.3939999999999999,0.044,2005-06
4334,Andrew Bogut,MIL,21.0,213.36,111.13004,Utah,Australia,2005,1,1,82,9.4,7.0,2.3,0.8,0.094,0.196,0.159,0.555,0.133,2005-06
4337,Andre Owens,UTA,25.0,193.04,90.7184,Houston,USA,Undrafted,Undrafted,Undrafted,23,3.0,0.9,0.3,-10.0,0.054,0.062,0.203,0.421,0.079,2005-06
4341,Chris Taft,GSW,21.0,208.28,118.38751200000002,Pittsburgh,USA,2005,2,42,17,2.8,2.1,0.1,4.2,0.142,0.156,0.134,0.578,0.024,2005-06
4348,Eddie Basden,CHI,23.0,195.58,97.52228,North Carolina-Charlotte,USA,Undrafted,Undrafted,Undrafted,19,2.1,1.5,0.4,10.2,0.0579999999999999,0.1689999999999999,0.162,0.471,0.094,2005-06
4354,Dwayne Jones,BOS,23.0,210.82,113.398,Saint Joseph's,USA,Undrafted,Undrafted,Undrafted,14,1.0,2.2,0.1,12.5,0.1639999999999999,0.273,0.1,0.445,0.034,2005-06
4360,Earl Barron,MIA,24.0,213.36,122.46984,Memphis,USA,Undrafted,Undrafted,Undrafted,8,1.6,1.3,0.0,-42.0,0.05,0.195,0.233,0.366,0.0,2005-06
4365,Chris Paul,NOK,21.0,182.88,79.3786,Wake Forest,USA,2005,1,4,78,16.1,5.1,7.8,-3.9,0.025,0.147,0.22,0.546,0.3779999999999999,2005-06
4371,Gerald Green,BOS,20.0,203.2,90.7184,,USA,2005,1,18,32,5.2,1.3,0.6,-3.6,0.036,0.096,0.2189999999999999,0.541,0.093,2005-06
4372,Gerald Fitch,MIA,23.0,190.5,85.275296,Kentucky,USA,Undrafted,Undrafted,Undrafted,18,4.7,1.7,1.8,0.3,0.033,0.105,0.216,0.424,0.228,2005-06
4375,Francisco Garcia,SAC,24.0,200.66,88.45044,Louisville,Dominican Republic,2005,1,23,67,5.6,2.8,1.4,-0.8,0.035,0.126,0.158,0.51,0.118,2005-06
4378,Fabricio Oberto,SAS,31.0,208.28,111.13004,,Argentina,Undrafted,Undrafted,Undrafted,59,1.7,2.1,0.5,-1.9,0.139,0.156,0.127,0.491,0.089,2005-06
4383,Donell Taylor,WAS,23.0,195.58,83.007336,Alabama-Birmingham,USA,Undrafted,Undrafted,Undrafted,51,2.7,1.0,0.9,2.8,0.04,0.1,0.188,0.452,0.17,2005-06
4385,Esteban Batista,ATL,22.0,208.28,122.46984,,Uruguay,Undrafted,Undrafted,Undrafted,57,1.8,2.5,0.1,-2.8,0.1369999999999999,0.206,0.123,0.489,0.021,2005-06
4386,Dijon Thompson,PHX,23.0,200.66,88.45044,UCLA,USA,2005,2,54,10,2.8,1.1,0.1,-8.7,0.093,0.156,0.272,0.541,0.042,2005-06
4387,Danny Granger,IND,23.0,205.74,103.418976,New Mexico,USA,2005,1,17,78,7.5,4.9,1.2,-1.4,0.087,0.16,0.166,0.54,0.092,2005-06
4389,Daniel Ewing,LAC,23.0,190.5,83.91452,Duke,USA,2005,2,32,66,3.8,1.3,1.3,-1.2,0.0279999999999999,0.072,0.16,0.4579999999999999,0.145,2005-06
4402,Chuck Hayes,HOU,23.0,198.12,109.769264,Kentucky,USA,Undrafted,Undrafted,Undrafted,40,3.7,4.5,0.4,9.2,0.14,0.253,0.12,0.589,0.044,2005-06
4410,Devin Green,LAL,23.0,200.66,96.161504,Hampton,USA,Undrafted,Undrafted,Undrafted,27,0.9,0.9,0.3,-16.1,0.085,0.1169999999999999,0.144,0.336,0.0969999999999999,2005-06
4415,Derrick Zimmerman,NJN,24.0,190.5,88.45044,Mississippi State,USA,2003,2,40,2,2.0,2.0,3.5,-14.7,0.037,0.1669999999999999,0.111,0.667,0.467,2005-06
4419,Deron Williams,UTA,22.0,190.5,95.25432,Illinois,USA,2005,1,3,80,10.8,2.4,4.5,-2.9,0.018,0.083,0.201,0.5,0.2739999999999999,2005-06
4428,Deng Gai,PHI,24.0,205.74,113.398,Fairfield,Sudan (UK),Undrafted,Undrafted,Undrafted,2,0.0,0.0,0.0,-29.1,0.0,0.0,0.0,0.0,0.0,2005-06
4429,David Lee,NYK,23.0,205.74,112.944408,Florida,USA,2005,1,30,67,5.1,4.5,0.6,-4.0,0.118,0.208,0.134,0.609,0.062,2005-06
4434,Chris McCray,MIL,23.0,195.58,87.089664,Maryland,USA,Undrafted,Undrafted,Undrafted,5,0.0,0.0,0.0,-10.7,0.0,0.0,0.182,0.0,0.0,2006-07
4435,Chris Quinn,MIA,23.0,187.96,83.91452,Notre Dame,USA,Undrafted,Undrafted,Undrafted,42,3.4,0.7,1.5,2.1,0.017,0.073,0.2,0.479,0.289,2006-07
4443,Cedric Simmons,NOK,21.0,205.74,106.59412,North Carolina State,USA,2006,1,15,43,2.9,2.5,0.3,-9.2,0.091,0.133,0.144,0.43,0.037,2006-07
4444,Cedric Bozeman,ATL,24.0,198.12,93.893544,UCLA,USA,Undrafted,Undrafted,Undrafted,23,1.1,1.0,0.4,-5.2,0.016,0.1119999999999999,0.1119999999999999,0.312,0.075,2006-07
4462,David Noel,MIL,23.0,198.12,104.32616,North Carolina,USA,2006,2,39,68,2.7,1.8,1.0,-8.2,0.059,0.123,0.136,0.47,0.122,2006-07
4471,Daniel Gibson,CLE,21.0,187.96,86.18248,Texas,USA,2006,2,42,60,4.6,1.5,1.2,3.8,0.032,0.077,0.135,0.556,0.11,2006-07
4476,Damir Markota,MIL,21.0,208.28,102.0582,,USA,2006,2,59,30,1.7,1.0,0.2,-17.6,0.076,0.129,0.193,0.449,0.059,2006-07
4483,Craig Smith,MIN,23.0,200.66,123.377024,Boston College,USA,2006,2,36,82,7.4,5.1,0.6,-4.8,0.119,0.211,0.187,0.5579999999999999,0.0559999999999999,2006-07
4490,Andreas Glyniadakis,SEA,25.0,215.9,127.00576,,USA,2003,2,58,13,1.3,0.6,0.1,-20.4,0.031,0.09,0.154,0.475,0.02,2006-07
4491,Andrea Bargnani,TOR,21.0,213.36,113.398,,Italy,2006,1,1,65,11.6,3.9,0.8,2.1,0.038,0.148,0.226,0.546,0.051,2006-07
4494,Andre Brown,SEA,26.0,205.74,111.13004,DePaul,USA,Undrafted,Undrafted,Undrafted,38,2.4,1.9,0.1,-2.5,0.119,0.201,0.183,0.5770000000000001,0.0139999999999999,2006-07
4502,Allan Ray,BOS,23.0,187.96,86.18248,Villanova,USA,Undrafted,Undrafted,Undrafted,47,6.2,1.5,0.9,-3.2,0.0279999999999999,0.096,0.2019999999999999,0.512,0.105,2006-07
4503,Alexander Johnson,MEM,24.0,205.74,108.86208,Florida State,USA,2006,2,45,59,4.4,3.1,0.3,-1.9,0.086,0.216,0.161,0.588,0.033,2006-07
4510,Adam Morrison,CHA,22.0,203.2,92.98636,Gonzaga,USA,2006,1,3,78,11.8,2.9,2.1,-7.0,0.026,0.092,0.22,0.45,0.121,2006-07
4519,Brandon Roy,POR,22.0,198.12,103.872568,Washington,USA,2006,1,6,57,16.8,4.4,4.0,-6.1,0.034,0.121,0.2269999999999999,0.5479999999999999,0.2019999999999999,2006-07
4543,Bobby Jones,PHI,23.0,200.66,97.52228,Washington,USA,2006,2,37,44,2.5,1.3,0.4,5.8,0.075,0.125,0.176,0.495,0.075,2006-07
4551,Quincy Douby,SAC,23.0,190.5,79.3786,Rutgers,USA,2006,1,19,42,2.8,0.9,0.4,-6.2,0.032,0.08,0.178,0.449,0.071,2006-07
4554,Pops Mensah-Bonsu,DAL,23.0,205.74,108.86208,George Washington,USA,Undrafted,Undrafted,Undrafted,12,2.4,1.8,0.0,7.0,0.136,0.19,0.214,0.5820000000000001,0.0,2006-07
4557,Paul Millsap,UTA,22.0,203.2,117.026736,Louisiana Tech,USA,2006,2,47,82,6.8,5.2,0.8,4.9,0.152,0.208,0.178,0.5710000000000001,0.068,2006-07
4558,Paul Davis,LAC,22.0,210.82,122.46984,Michigan State,USA,2006,2,34,31,1.6,1.4,0.2,-3.7,0.1159999999999999,0.146,0.161,0.452,0.08,2006-07
4560,Patrick O'Bryant,GSW,21.0,213.36,112.944408,Bradley,USA,2006,1,9,16,1.9,1.3,0.6,5.1,0.074,0.13,0.174,0.3929999999999999,0.106,2006-07
4563,Rajon Rondo,BOS,21.0,185.42,77.56423199999999,Kentucky,USA,2006,1,21,78,6.4,3.7,3.8,-0.3,0.047,0.147,0.1639999999999999,0.472,0.26,2006-07
4564,Randolph Morris,NYK,21.0,210.82,117.93392,Kentucky,USA,Undrafted,Undrafted,Undrafted,5,0.8,1.8,0.2,-11.8,0.023,0.276,0.107,0.231,0.037,2006-07
4565,Randy Foye,MIN,23.0,193.04,96.615096,Villanova,USA,2006,1,7,82,10.1,2.7,2.8,-5.1,0.031,0.108,0.228,0.536,0.216,2006-07
4568,Rodney Carney,PHI,23.0,200.66,92.98636,Memphis,USA,2006,1,16,67,6.6,1.9,0.4,-5.1,0.04,0.091,0.186,0.514,0.037,2006-07
4570,Robert Hite,MIA,23.0,187.96,83.46092800000001,Miami (FL),USA,Undrafted,Undrafted,Undrafted,12,4.3,1.3,0.7,-7.5,0.0279999999999999,0.103,0.237,0.391,0.1159999999999999,2006-07
4574,Renaldo Major,GSW,25.0,200.66,86.18248,Fresno State,USA,Undrafted,Undrafted,Undrafted,1,5.0,2.0,0.0,21.5,0.0,0.091,0.171,0.23,0.0,2006-07
4576,Renaldo Balkman,NYK,22.0,203.2,94.347136,South Carolina,USA,2006,1,20,68,4.9,4.3,0.6,1.2,0.104,0.211,0.154,0.531,0.071,2006-07
4586,Roger Powell,UTA,24.0,198.12,99.79024,Illinois,USA,Undrafted,Undrafted,Undrafted,3,0.7,1.0,0.0,-55.2,0.231,0.0,0.216,0.258,0.0,2006-07
4587,PJ Tucker,TOR,22.0,195.58,102.0582,Texas,USA,2006,2,35,17,1.8,1.4,0.2,-20.5,0.122,0.1939999999999999,0.1689999999999999,0.5329999999999999,0.061,2006-07
4598,Maurice Ager,DAL,23.0,195.58,91.625584,Michigan State,USA,2006,1,28,32,2.2,0.7,0.2,-14.2,0.005,0.107,0.214,0.408,0.065,2006-07
4608,Mickael Gelabale,SEA,24.0,200.66,97.52228,,USA,2005,2,48,70,4.6,2.5,0.8,-2.8,0.0559999999999999,0.11,0.128,0.535,0.07,2006-07
4616,Mouhamed Sene,SEA,21.0,210.82,104.32616,,Senegal,2006,1,10,28,1.9,1.6,0.0,-16.5,0.096,0.215,0.19,0.429,0.0,2006-07
4620,Mile Ilic,NJN,23.0,215.9,115.66596,,USA,2005,2,43,5,0.0,0.2,0.0,-143.1,0.0,0.25,0.75,0.0,0.0,2006-07
4625,Mike Hall,WAS,23.0,203.2,104.32616,George Washington,USA,Undrafted,Undrafted,Undrafted,2,1.0,1.0,0.5,-20.7,0.063,0.1669999999999999,0.125,0.25,0.1,2006-07
4646,Thabo Sefolosha,CHI,23.0,200.66,97.52228,,Switzerland,2006,1,13,71,3.6,2.2,0.8,6.1,0.045,0.158,0.172,0.4639999999999999,0.109,2006-07
4648,Tarence Kinsey,MEM,23.0,198.12,85.728888,South Carolina,USA,Undrafted,Undrafted,Undrafted,48,7.7,2.0,0.9,-6.4,0.036,0.083,0.181,0.532,0.068,2006-07
4649,Tyrus Thomas,CHI,20.0,205.74,97.52228,Louisiana State,USA,2006,1,4,72,5.2,3.7,0.6,8.1,0.107,0.203,0.204,0.521,0.066,2006-07
4652,Uros Slokar,TOR,24.0,208.28,107.954896,,USA,2005,2,58,20,1.9,0.7,0.1,-28.7,0.092,0.13,0.237,0.599,0.036,2006-07
4658,Yakhouba Diawara,DEN,24.0,200.66,102.0582,Pepperdine,USA,Undrafted,Undrafted,Undrafted,64,4.4,1.7,0.9,2.1,0.025,0.077,0.127,0.45,0.068,2006-07
4660,Will Conroy,LAC,24.0,187.96,88.45044,Washington,USA,Undrafted,Undrafted,Undrafted,7,0.0,1.0,1.3,-10.8,0.065,0.085,0.061,0.0,0.3,2006-07
4662,Will Blalock,DET,23.0,182.88,92.98636,Iowa State,USA,2006,2,60,14,1.8,1.1,1.2,-6.7,0.038,0.066,0.12,0.3829999999999999,0.193,2006-07
4663,Walter Herrmann,CHA,28.0,205.74,102.0582,,USA,Undrafted,Undrafted,Undrafted,48,9.2,2.9,0.5,-1.3,0.035,0.146,0.19,0.625,0.049,2006-07
4670,Vassilis Spanoulis,HOU,24.0,193.04,88.45044,,USA,2004,2,50,31,2.7,0.7,0.9,-4.1,0.021,0.071,0.208,0.47,0.207,2006-07
4672,Ronnie Brewer,UTA,22.0,200.66,98.883056,Arkansas,USA,2006,1,14,56,4.6,1.3,0.4,-1.5,0.064,0.072,0.166,0.5660000000000001,0.057,2006-07
4686,Ryan Hollins,CHA,22.0,213.36,104.32616,UCLA,USA,2006,2,50,27,2.4,1.1,0.0,-24.4,0.066,0.147,0.172,0.597,0.01,2006-07
4688,Rudy Gay,MEM,20.0,205.74,99.79024,Connecticut,USA,2006,1,8,78,10.8,4.5,1.3,-2.5,0.052,0.143,0.209,0.497,0.078,2006-07
4692,Sergio Rodriguez,POR,21.0,190.5,76.203456,,Spain,2006,1,27,67,3.7,1.4,3.3,-8.5,0.027,0.104,0.175,0.493,0.416,2006-07
4695,Shannon Brown,CLE,21.0,193.04,92.98636,Michigan State,USA,2006,1,25,23,3.2,0.9,0.4,-14.0,0.034,0.09,0.218,0.455,0.091,2006-07
4696,Steve Novak,HOU,24.0,208.28,99.79024,Marquette,USA,2006,2,32,35,1.5,0.7,0.2,-8.7,0.022,0.136,0.134,0.501,0.055,2006-07
4705,Solomon Jones,ATL,22.0,208.28,104.32616,South Florida,USA,2006,2,33,58,3.3,2.3,0.2,-13.5,0.091,0.163,0.128,0.5870000000000001,0.0279999999999999,2006-07
4707,Shelden Williams,ATL,23.0,205.74,113.398,Duke,USA,2006,1,5,81,5.5,5.4,0.5,-8.0,0.102,0.241,0.159,0.518,0.051,2006-07
4708,Shawne Williams,IND,21.0,205.74,102.0582,Memphis,USA,2006,1,17,46,3.9,1.8,0.5,-11.7,0.072,0.108,0.161,0.5329999999999999,0.068,2006-07
4720,JJ Redick,ORL,23.0,193.04,86.18248,Duke,USA,2006,1,11,42,6.0,1.2,0.9,-2.0,0.02,0.081,0.18,0.569,0.1,2006-07
4721,J.J. Barea,DAL,23.0,182.88,79.3786,Northeastern,Puerto Rico,Undrafted,Undrafted,Undrafted,33,2.4,0.8,0.7,-5.7,0.0409999999999999,0.115,0.25,0.44,0.24,2006-07
4722,Ivan McFarlin,PHI,25.0,200.66,103.872568,Oklahoma State,USA,Undrafted,Undrafted,Undrafted,11,1.4,1.0,0.1,-19.2,0.179,0.138,0.179,0.466,0.038,2006-07
4726,Hilton Armstrong,NOK,22.0,210.82,106.59412,Connecticut,USA,2006,1,12,56,3.1,2.7,0.2,-1.1,0.106,0.166,0.141,0.57,0.027,2006-07
4728,Hassan Adams,NJN,23.0,193.04,99.79024,Arizona,USA,2006,2,54,61,2.9,1.3,0.2,2.6,0.089,0.095,0.1639999999999999,0.5770000000000001,0.043,2006-07
4746,James White,SAS,24.0,200.66,90.7184,Cincinnati,USA,2006,2,31,6,8.3,3.3,0.8,-5.8,0.025,0.148,0.183,0.525,0.065,2006-07
4749,James Lang,WAS,23.0,208.28,138.34556,,USA,2003,2,48,11,1.0,1.0,0.2,-0.3,0.104,0.109,0.115,0.491,0.054,2006-07
4751,James Augustine,ORL,23.0,208.28,106.59412,Illinois,USA,2006,2,41,2,1.0,1.5,1.0,-18.6,0.25,0.286,0.2019999999999999,0.3329999999999999,0.3329999999999999,2006-07
4774,Desmon Farmer,SEA,25.0,195.58,99.79024,Southern California,USA,Undrafted,Undrafted,Undrafted,8,1.6,0.1,1.1,16.2,0.0,0.03,0.2189999999999999,0.421,0.346,2006-07
4787,Ersan Ilyasova,MIL,20.0,205.74,106.59412,,Turkey,2005,2,36,66,6.1,2.9,0.7,-10.2,0.067,0.163,0.209,0.5,0.086,2006-07
4805,Leon Powe,BOS,23.0,203.2,108.86208,California,USA,2006,2,49,63,4.2,3.4,0.2,-3.6,0.152,0.22,0.178,0.5489999999999999,0.026,2006-07
4811,LaMarcus Aldridge,POR,21.0,210.82,111.13004,Texas,USA,2006,1,2,63,9.0,5.0,0.4,-2.7,0.125,0.157,0.191,0.5329999999999999,0.03,2006-07
4812,Kyle Lowry,MEM,21.0,182.88,79.3786,Villanova,USA,2006,1,24,10,5.6,3.1,3.2,18.0,0.079,0.143,0.161,0.556,0.2689999999999999,2006-07
4824,Lou Amundson,PHI,24.0,205.74,102.0582,Nevada-Las Vegas,USA,Undrafted,Undrafted,Undrafted,11,1.5,2.5,0.1,-13.1,0.141,0.192,0.12,0.412,0.02,2006-07
4825,Mardy Collins,NYK,22.0,198.12,99.79024,Temple,USA,2006,1,29,52,4.5,2.0,1.6,-6.1,0.043,0.12,0.188,0.445,0.188,2006-07
4826,Marcus Williams,NJN,21.0,190.5,92.98636,Connecticut,USA,2006,1,22,79,6.8,2.1,3.3,-0.3,0.026,0.1169999999999999,0.25,0.474,0.346,2006-07
4827,Marcus Vinicius,NOK,23.0,203.2,102.0582,,USA,2006,2,43,13,1.7,0.8,0.4,-22.4,0.0279999999999999,0.114,0.109,0.608,0.069,2006-07
4833,Kevinn Pinkney,BOS,23.0,208.28,111.13004,Nevada,USA,Undrafted,Undrafted,Undrafted,6,5.2,2.5,0.8,-4.6,0.076,0.118,0.151,0.501,0.078,2006-07
4835,Lynn Greer,MIL,27.0,187.96,79.3786,Temple,USA,Undrafted,Undrafted,Undrafted,41,4.1,0.7,1.3,-1.1,0.006,0.069,0.185,0.5379999999999999,0.205,2006-07
4847,Jorge Garbajosa,TOR,29.0,205.74,111.13004,,USA,Undrafted,Undrafted,Undrafted,67,8.5,4.9,1.9,3.5,0.03,0.175,0.155,0.503,0.099,2006-07
4848,Jordan Farmar,LAL,20.0,187.96,81.64656,UCLA,USA,2006,1,26,72,4.4,1.7,1.9,1.7,0.025,0.106,0.163,0.515,0.204,2006-07
4859,Jeremy Richardson,POR,23.0,200.66,88.45044,Delta State,USA,Undrafted,Undrafted,Undrafted,6,1.3,0.3,0.0,-5.6,0.071,0.067,0.142,0.667,0.0,2006-07
4867,Josh Boone,NJN,22.0,208.28,111.13004,Connecticut,USA,2006,1,23,61,4.2,2.9,0.2,4.0,0.111,0.185,0.174,0.5870000000000001,0.027,2006-07
4874,Kelenna Azubuike,GSW,23.0,195.58,99.79024,Kentucky,England,Undrafted,Undrafted,Undrafted,41,7.1,2.3,0.7,-9.9,0.04,0.11,0.187,0.5720000000000001,0.068,2006-07
4886,Justin Williams,SAC,23.0,208.28,104.32616,Wyoming,USA,Undrafted,Undrafted,Undrafted,26,5.0,4.4,0.1,-7.6,0.171,0.2289999999999999,0.174,0.5660000000000001,0.01,2006-07
4907,Gabe Pruitt,BOS,22.0,193.04,77.11064,Southern California,USA,2007,2,32,15,2.1,0.5,0.9,-4.5,0.012,0.09,0.212,0.401,0.245,2007-08
4911,Glen Davis,BOS,22.0,205.74,131.088088,Louisiana State,USA,2007,2,35,69,4.5,3.0,0.4,7.8,0.127,0.1369999999999999,0.176,0.545,0.053,2007-08
4916,Guillermo Diaz,LAC,23.0,187.96,83.91452,Miami (FL),USA,2006,2,52,6,0.8,0.3,0.2,-3.4,0.111,0.0,0.153,0.4029999999999999,0.071,2007-08
4921,Darryl Watkins,SAC,23.0,210.82,117.026736,Syracuse,USA,Undrafted,Undrafted,Undrafted,9,1.3,1.3,0.0,-13.0,0.0819999999999999,0.13,0.151,0.349,0.0,2007-08
4928,Demetris Nichols,CHI,23.0,203.2,97.975872,Syracuse,USA,2007,2,53,14,1.1,0.4,0.1,-23.3,0.0,0.1159999999999999,0.275,0.326,0.045,2007-08
4939,Dominic McGuire,WAS,22.0,205.74,99.79024,Fresno State,USA,2007,2,47,70,1.3,2.0,0.6,-13.4,0.086,0.144,0.108,0.397,0.096,2007-08
4949,Yi Jianlian,MIL,20.0,213.36,107.954896,,USA,2007,1,6,66,8.6,5.2,0.8,-7.7,0.074,0.179,0.188,0.485,0.0559999999999999,2007-08
4952,Wilson Chandler,NYK,21.0,203.2,99.79024,DePaul,USA,2007,1,23,35,7.3,3.6,0.9,-6.7,0.055,0.149,0.185,0.48,0.074,2007-08
4975,Ian Mahinmi,SAS,21.0,210.82,104.32616,,France,2005,1,28,6,3.5,0.8,0.2,-16.7,0.0,0.217,0.402,0.6579999999999999,0.125,2007-08
4993,Jared Dudley,CHA,22.0,200.66,102.0582,Boston College,USA,2007,1,22,73,5.8,3.9,1.1,-2.0,0.099,0.136,0.147,0.528,0.094,2007-08
4999,Jamario Moon,TOR,28.0,203.2,92.98636,Meridian Community College,USA,Undrafted,Undrafted,Undrafted,78,8.5,6.2,1.2,7.3,0.052,0.21,0.146,0.54,0.06,2007-08
5000,Darius Washington,SAS,22.0,187.96,88.45044,Memphis,USA,Undrafted,Undrafted,Undrafted,18,2.9,1.1,0.8,1.3,0.035,0.129,0.214,0.493,0.161,2007-08
5013,Arron Afflalo,DET,22.0,195.58,97.52228,UCLA,USA,2007,1,27,75,3.7,1.8,0.7,7.7,0.044,0.121,0.149,0.494,0.086,2007-08
5021,Blake Ahearn,MIA,24.0,187.96,86.18248,Missouri State,USA,Undrafted,Undrafted,Undrafted,12,5.8,1.6,1.6,-23.6,0.0069999999999999,0.113,0.254,0.495,0.288,2007-08
5032,Aaron Gray,CHI,23.0,213.36,122.46984,Pittsburgh,USA,2007,2,49,61,4.3,2.8,0.7,-1.0,0.127,0.188,0.221,0.529,0.113,2007-08
5033,Aaron Brooks,HOU,23.0,182.88,73.028312,Oregon,USA,2007,1,26,51,5.2,1.1,1.7,-0.5,0.026,0.085,0.2239999999999999,0.535,0.249,2007-08
5034,Acie Law,ATL,23.0,190.5,88.45044,Texas A&M,USA,2007,1,11,56,4.2,1.0,2.0,-7.2,0.016,0.062,0.1639999999999999,0.455,0.218,2007-08
5038,Al Horford,ATL,22.0,208.28,111.13004,Florida,Dominican Republic,2007,1,3,81,10.1,9.7,1.5,-2.4,0.113,0.247,0.162,0.539,0.078,2007-08
5040,Al Thornton,LAC,24.0,203.2,99.79024,Florida State,USA,2007,1,14,79,12.7,4.5,1.2,-9.2,0.052,0.141,0.242,0.504,0.084,2007-08
5041,Alando Tucker,PHX,24.0,198.12,92.98636,Wisconsin,USA,2007,1,29,6,3.7,1.3,0.0,-0.2,0.089,0.068,0.25,0.446,0.0,2007-08
5057,Brandan Wright,GSW,20.0,205.74,92.98636,North Carolina,USA,2007,1,8,38,4.0,2.6,0.2,-2.7,0.1009999999999999,0.172,0.161,0.583,0.035,2007-08
5062,Chris Richard,MIN,23.0,205.74,122.46984,Florida,USA,2007,2,41,52,1.9,2.6,0.3,-3.1,0.104,0.172,0.098,0.496,0.046,2007-08
5067,Coby Karl,LAL,25.0,195.58,97.52228,Boise State,USA,Undrafted,Undrafted,Undrafted,17,1.8,0.8,0.5,16.1,0.045,0.143,0.218,0.493,0.184,2007-08
5068,Corey Brewer,MIN,22.0,205.74,83.91452,Florida,USA,2007,1,7,79,5.8,3.7,1.4,-9.3,0.049,0.138,0.156,0.429,0.092,2007-08
5071,Courtney Sims,IND,24.0,210.82,111.13004,Michigan,USA,Undrafted,Undrafted,Undrafted,3,0.0,0.7,0.3,-6.2,0.083,0.091,0.034,0.0,0.143,2007-08
5074,DJ Strawberry,PHX,23.0,195.58,91.171992,Maryland,USA,2007,2,59,33,2.2,0.8,0.9,-3.2,0.034,0.073,0.1889999999999999,0.364,0.165,2007-08
5075,Daequan Cook,MIA,21.0,195.58,92.98636,Ohio State,USA,2007,1,21,59,8.8,3.0,1.3,-11.7,0.016,0.134,0.1969999999999999,0.48,0.095,2007-08
5096,C.J. Watson,GSW,24.0,187.96,81.64656,Tennessee,USA,Undrafted,Undrafted,Undrafted,32,3.7,1.0,1.1,1.9,0.036,0.055,0.153,0.519,0.139,2007-08
5099,Carl Landry,HOU,24.0,205.74,112.490816,Purdue,USA,2007,2,31,42,8.1,4.9,0.5,6.5,0.157,0.184,0.187,0.6409999999999999,0.05,2007-08
5111,Cheikh Samb,DET,23.0,215.9,111.13004,,USA,2006,2,51,4,1.8,1.8,0.0,9.2,0.15,0.138,0.089,0.7170000000000001,0.0,2007-08
5123,Luis Scola,HOU,28.0,205.74,111.13004,,Argentina,2002,2,55,82,10.3,6.4,1.3,4.1,0.0969999999999999,0.195,0.1969999999999999,0.5479999999999999,0.088,2007-08
5135,Lance Allred,CLE,27.0,210.82,113.398,Weber State,USA,Undrafted,Undrafted,Undrafted,3,1.0,0.3,0.0,-81.0,0.0,0.2,0.236,0.307,0.0,2007-08
5138,Kyrylo Fesenko,UTA,21.0,215.9,130.63449599999998,,Ukraine,2007,2,38,9,1.6,2.8,0.2,-2.9,0.212,0.186,0.15,0.3939999999999999,0.048,2007-08
5143,Marco Belinelli,GSW,22.0,195.58,87.089664,,Italy,2007,1,18,33,2.9,0.4,0.5,-10.1,0.011,0.05,0.184,0.49,0.099,2007-08
5155,Marcin Gortat,ORL,24.0,213.36,108.86208,,Poland,2005,2,57,6,3.0,2.7,0.3,-0.3,0.2,0.25,0.223,0.491,0.08,2007-08
5161,Mario West,ATL,24.0,195.58,95.25432,Georgia Tech,USA,Undrafted,Undrafted,Undrafted,64,0.9,0.8,0.2,2.1,0.12,0.098,0.115,0.488,0.072,2007-08
5179,Joel Anthony,MIA,25.0,205.74,111.13004,Nevada-Las Vegas,Canada,Undrafted,Undrafted,Undrafted,24,3.5,3.9,0.1,-13.9,0.091,0.135,0.099,0.521,0.011,2007-08
5182,Joakim Noah,CHI,23.0,210.82,105.233344,Florida,USA,2007,1,9,74,6.6,5.6,1.1,-0.4,0.124,0.182,0.155,0.539,0.087,2007-08
5185,Jermareo Davidson,CHA,23.0,208.28,104.32616,Alabama,USA,2007,2,36,38,3.2,1.6,0.3,-11.3,0.071,0.144,0.22,0.437,0.077,2007-08
5190,Jeff Green,SEA,21.0,205.74,106.59412,Georgetown,USA,2007,1,5,80,10.5,4.7,1.5,-11.0,0.05,0.136,0.195,0.491,0.0819999999999999,2007-08
5192,Javaris Crittenton,MEM,20.0,195.58,90.7184,Georgia Tech,USA,2007,1,19,50,5.6,2.2,1.0,-2.5,0.043,0.131,0.216,0.499,0.121,2007-08
5195,Jason Smith,PHI,22.0,213.36,108.86208,Colorado State,USA,2007,1,20,76,4.5,3.0,0.3,-0.5,0.081,0.1639999999999999,0.159,0.491,0.0279999999999999,2007-08
5199,Josh McRoberts,POR,21.0,208.28,108.86208,Duke,USA,2007,2,37,8,1.5,1.3,0.3,23.0,0.077,0.276,0.18,0.6,0.111,2007-08
5200,Kosta Perovic,GSW,23.0,218.44,108.86208,,USA,2006,2,38,7,1.4,1.9,0.1,2.7,0.15,0.1889999999999999,0.148,0.396,0.045,2007-08
5208,Kevin Durant,SEA,19.0,205.74,97.52228,Texas,USA,2007,1,2,80,20.3,4.4,2.4,-11.7,0.027,0.111,0.278,0.519,0.12,2007-08
5213,Keith Langford,SAS,24.0,193.04,97.52228,Kansas,USA,Undrafted,Undrafted,Undrafted,2,1.0,1.0,0.0,35.9,0.0,0.154,0.18,0.25,0.0,2007-08
5215,Kasib Powell,MIA,27.0,200.66,97.52228,Texas Tech,USA,Undrafted,Undrafted,Undrafted,11,7.6,4.0,1.6,-12.5,0.031,0.139,0.172,0.424,0.129,2007-08
5220,Julian Wright,NOH,21.0,203.2,102.0582,Kansas,USA,2007,1,13,57,3.9,2.1,0.7,3.6,0.061,0.156,0.166,0.581,0.1,2007-08
5222,Juan Carlos Navarro,MEM,28.0,190.5,77.11064,,Spain,2002,2,39,82,10.9,2.6,2.2,-7.9,0.018,0.0969999999999999,0.201,0.54,0.132,2007-08
5231,Sean Williams,NJN,21.0,208.28,106.59412,Boston College,USA,2007,1,17,73,5.6,4.4,0.4,-7.0,0.105,0.192,0.153,0.563,0.037,2007-08
5250,Rodney Stuckey,DET,22.0,195.58,92.98636,Eastern Washington,USA,2007,1,15,57,7.6,2.3,2.8,3.6,0.035,0.108,0.228,0.484,0.258,2007-08
5257,Thomas Gardner,CHI,23.0,195.58,102.0582,Missouri,USA,Undrafted,Undrafted,Undrafted,4,5.3,1.0,0.3,-7.2,0.061,0.025,0.257,0.44,0.038,2007-08
5260,Thaddeus Young,PHI,20.0,203.2,99.79024,Georgia Tech,USA,2007,1,12,74,8.2,4.2,0.8,6.0,0.092,0.141,0.174,0.57,0.0559999999999999,2007-08
5263,Taurean Green,DEN,21.0,182.88,80.28578399999998,Florida,USA,2007,2,52,17,1.6,0.6,0.6,5.4,0.0,0.141,0.23,0.446,0.208,2007-08
5274,Stephane Lasme,MIA,25.0,203.2,97.52228,Massachusetts,Gabon,2007,2,46,16,5.2,3.3,0.2,-6.4,0.1,0.099,0.166,0.488,0.02,2007-08
5275,Spencer Hawes,SAC,20.0,213.36,111.13004,Washington,USA,2007,1,10,71,4.7,3.2,0.6,-4.4,0.087,0.205,0.191,0.486,0.076,2007-08
5289,Oleksiy Pecherov,WAS,22.0,213.36,106.140528,,Ukraine,2006,1,18,35,3.6,1.9,0.2,-13.4,0.077,0.171,0.2269999999999999,0.451,0.038,2007-08
5290,Nick Young,WAS,23.0,198.12,90.7184,Southern California,USA,2007,1,16,75,7.5,1.5,0.8,-9.1,0.023,0.093,0.248,0.527,0.1009999999999999,2007-08
5291,Nick Fazekas,LAC,23.0,210.82,106.59412,Nevada,USA,2007,2,34,26,4.1,3.4,0.4,2.3,0.14,0.221,0.182,0.584,0.074,2007-08
5299,Morris Almond,UTA,23.0,198.12,102.0582,Rice,USA,2007,1,25,9,1.4,0.2,0.3,-18.3,0.0,0.069,0.22,0.368,0.13,2007-08
5305,Mike Harris,HOU,25.0,198.12,108.86208,Rice,USA,Undrafted,Undrafted,Undrafted,17,3.6,3.2,0.2,3.5,0.17,0.1989999999999999,0.198,0.519,0.033,2007-08
5308,Mike Conley,MEM,20.0,185.42,81.64656,Ohio State,USA,2007,1,4,53,9.4,2.6,4.2,-10.4,0.017,0.099,0.1889999999999999,0.502,0.247,2007-08
5326,Ramon Sessions,MIL,22.0,190.5,86.18248,Nevada,USA,2007,2,56,17,8.1,3.4,7.5,-6.5,0.02,0.134,0.166,0.507,0.407,2007-08
5341,Jerryd Bayless,POR,20.0,190.5,90.7184,Arizona,USA,2008,1,11,53,4.3,1.1,1.5,-1.4,0.015,0.092,0.205,0.487,0.2019999999999999,2008-09
5343,Joe Alexander,MIL,22.0,203.2,104.32616,West Virginia,USA,2008,1,8,59,4.7,1.9,0.7,-3.1,0.068,0.125,0.201,0.494,0.094,2008-09
5344,Joe Crawford,NYK,23.0,195.58,95.25432,Kentucky,USA,2008,2,58,2,4.5,2.0,0.5,16.8,0.043,0.12,0.216,0.414,0.091,2008-09
5349,Joey Dorsey,HOU,25.0,203.2,121.562656,Memphis,USA,2008,2,33,3,0.7,0.3,0.3,-28.4,0.0,0.25,0.168,0.5,0.5,2008-09
5373,Jason Thompson,SAC,22.0,210.82,113.398,Rider,USA,2008,1,12,82,11.1,7.4,1.1,-6.9,0.118,0.188,0.191,0.54,0.066,2008-09
5375,Jawad Williams,CLE,26.0,205.74,98.883056,North Carolina,USA,Undrafted,Undrafted,Undrafted,10,1.2,0.2,0.0,13.5,0.063,0.059,0.318,0.5,0.0,2008-09
5382,Kyle Weaver,OKC,23.0,198.12,91.171992,Washington State,USA,2008,2,38,56,5.3,2.3,1.8,-1.6,0.031,0.098,0.13,0.551,0.128,2008-09
5396,Luc Mbah a Moute,MIL,22.0,203.2,104.32616,UCLA,Cameroon,2008,2,37,82,7.2,5.9,1.1,-0.6,0.102,0.176,0.144,0.516,0.064,2008-09
5415,Kevin Love,MIN,20.0,208.28,117.93392,UCLA,USA,2008,1,5,81,11.1,9.1,1.0,-8.2,0.146,0.271,0.205,0.5379999999999999,0.07,2008-09
5421,Kosta Koufos,UTA,20.0,213.36,120.20188,Ohio State,USA,2008,1,23,48,4.7,2.9,0.4,-1.9,0.103,0.177,0.185,0.54,0.061,2008-09
5430,Derrick Rose,CHI,20.0,190.5,86.18248,Memphis,USA,2008,1,1,81,16.8,3.9,6.3,-2.5,0.037,0.085,0.225,0.516,0.283,2008-09
5438,Donte Greene,SAC,21.0,210.82,102.511792,Syracuse,USA,2008,1,28,55,3.8,1.6,0.5,-11.9,0.0279999999999999,0.107,0.176,0.416,0.067,2008-09
5439,Dontell Jefferson,CHA,25.0,195.58,88.45044,Arkansas,USA,Undrafted,Undrafted,Undrafted,6,4.8,2.0,1.5,-5.1,0.0139999999999999,0.147,0.186,0.5589999999999999,0.231,2008-09
5447,DeMarcus Nelson,GSW,23.0,193.04,90.7184,Duke,USA,Undrafted,Undrafted,Undrafted,13,4.1,1.8,1.0,-13.8,0.036,0.113,0.178,0.44,0.12,2008-09
5449,DJ White,OKC,22.0,205.74,113.851592,Indiana,USA,2008,1,29,7,8.9,4.6,0.9,-0.2,0.093,0.204,0.204,0.556,0.07,2008-09
5457,Danilo Gallinari,NYK,20.0,208.28,102.0582,,Italy,2008,1,6,28,6.1,2.0,0.5,4.9,0.035,0.115,0.161,0.621,0.054,2008-09
5461,Darnell Jackson,CLE,23.0,205.74,114.758776,Kansas,USA,2008,2,52,51,1.9,1.7,0.2,-7.5,0.094,0.155,0.128,0.483,0.03,2008-09
5462,Darrell Arthur,MEM,21.0,205.74,102.0582,Kansas,USA,2008,1,27,76,5.6,4.6,0.6,-7.3,0.088,0.203,0.163,0.456,0.049,2008-09
5465,DeAndre Jordan,LAC,20.0,210.82,113.398,Texas A&M,USA,2008,2,35,53,4.3,4.5,0.2,-15.9,0.107,0.256,0.14,0.585,0.025,2008-09
5471,Hamed Haddadi,MEM,24.0,218.44,115.212368,,Iran,Undrafted,Undrafted,Undrafted,19,2.5,2.5,0.4,19.7,0.163,0.2739999999999999,0.204,0.5429999999999999,0.114,2008-09
5474,Henry Walker,BOS,21.0,198.12,99.79024,Kansas State,USA,2008,2,47,29,3.0,1.0,0.4,-11.0,0.045,0.125,0.182,0.6459999999999999,0.107,2008-09
5478,Greg Oden,POR,21.0,213.36,129.27372,Ohio State,USA,2007,1,1,61,8.9,7.0,0.5,7.6,0.155,0.252,0.191,0.599,0.038,2008-09
5480,JJ Hickson,CLE,20.0,205.74,109.769264,North Carolina State,USA,2008,1,19,62,4.0,2.7,0.1,-5.1,0.0969999999999999,0.177,0.185,0.5479999999999999,0.023,2008-09
5483,JaVale McGee,WAS,21.0,213.36,107.501304,Nevada,USA,2008,1,18,75,6.5,3.9,0.3,-12.6,0.118,0.181,0.205,0.534,0.035,2008-09
5488,J.R. Giddens,BOS,24.0,195.58,97.52228,New Mexico,USA,2008,1,30,6,0.7,0.5,0.0,15.4,0.4,0.2,0.311,0.667,0.0,2008-09
5491,Goran Dragic,PHX,23.0,193.04,81.64656,,Slovenia,2008,2,45,55,4.5,1.9,2.0,0.2,0.053,0.118,0.1939999999999999,0.487,0.222,2008-09
5497,Eric Gordon,LAC,20.0,190.5,100.697424,Indiana,USA,2008,1,7,78,16.1,2.6,2.8,-9.0,0.019,0.07,0.208,0.593,0.1369999999999999,2008-09
5506,George Hill,SAS,23.0,187.96,81.64656,Indiana Purdue-Indianapolis,USA,2008,1,26,77,5.7,2.1,1.8,2.2,0.0279999999999999,0.12,0.195,0.502,0.183,2008-09
5525,Sonny Weems,DEN,22.0,198.12,92.079176,Arkansas,USA,2008,2,39,12,1.6,0.3,0.3,-34.0,0.0,0.073,0.272,0.3329999999999999,0.12,2008-09
5538,Roko Ukic,TOR,24.0,195.58,83.007336,,USA,2005,2,41,72,4.2,1.0,2.1,-5.5,0.034,0.06,0.208,0.43,0.285,2008-09
5542,Roy Hibbert,IND,22.0,218.44,126.098576,Georgetown,USA,2008,1,17,70,7.1,3.5,0.7,-2.6,0.12,0.1369999999999999,0.2319999999999999,0.51,0.077,2008-09
5544,Rudy Fernandez,POR,24.0,198.12,83.91452,,Spain,2007,1,24,78,10.4,2.7,2.0,5.0,0.0289999999999999,0.099,0.184,0.588,0.133,2008-09
5545,Sean Singletary,CHA,23.0,182.88,83.91452,Virginia,USA,2008,2,42,37,2.4,0.9,0.8,-7.3,0.04,0.102,0.185,0.478,0.174,2008-09
5547,Ryan Anderson,NJN,21.0,208.28,108.86208,California,USA,2008,1,21,66,7.4,4.7,0.8,-0.7,0.096,0.19,0.184,0.532,0.065,2008-09
5555,Russell Westbrook,OKC,20.0,190.5,84.821704,UCLA,USA,2008,1,4,82,15.3,4.9,5.3,-5.7,0.075,0.096,0.256,0.489,0.273,2008-09
5557,Steven Hill,OKC,23.0,213.36,111.13004,Arkansas,USA,Undrafted,Undrafted,Undrafted,1,2.0,3.0,0.0,79.0,0.4,0.5,0.1009999999999999,1.0,0.0,2008-09
5558,Sun Sun,LAL,23.0,205.74,92.98636,,USA,2007,2,40,10,0.6,0.0,0.2,-82.9,0.0,0.0,0.187,0.273,0.118,2008-09
5565,Walter Sharpe,DET,22.0,205.74,111.13004,Alabama-Birmingham,USA,2008,2,32,8,1.0,0.4,0.0,-12.3,0.0,0.12,0.292,0.337,0.0,2008-09
5598,Trey Johnson,CLE,24.0,195.58,98.883056,Jackson State,USA,Undrafted,Undrafted,Undrafted,4,1.0,0.3,0.0,-33.6,0.0,0.111,0.253,0.296,0.0,2008-09
5601,Robin Lopez,PHX,21.0,213.36,115.66596,Stanford,USA,2008,1,15,60,3.2,2.0,0.1,-2.9,0.099,0.123,0.139,0.5660000000000001,0.019,2008-09
5610,Michael Beasley,MIA,20.0,205.74,111.13004,Kansas State,USA,2008,1,2,81,13.9,5.4,1.0,-0.6,0.065,0.195,0.2769999999999999,0.528,0.078,2008-09
5620,Mike Taylor,LAC,23.0,187.96,74.84268,Iowa State,USA,2008,2,55,51,5.7,1.7,2.1,-7.1,0.033,0.0969999999999999,0.226,0.477,0.231,2008-09
5626,Malik Hairston,SAS,22.0,198.12,99.79024,Oregon,USA,2008,2,48,15,3.3,1.9,0.9,-0.3,0.073,0.121,0.1889999999999999,0.48,0.14,2008-09
5629,Marc Gasol,MEM,24.0,215.9,120.20188,,Spain,2007,2,48,82,11.9,7.4,1.7,-7.1,0.098,0.207,0.185,0.59,0.096,2008-09
5637,Mario Chalmers,MIA,23.0,185.42,86.18248,Kansas,USA,2008,2,34,82,10.0,2.8,4.9,1.0,0.017,0.089,0.163,0.5479999999999999,0.231,2008-09
5664,Rob Kurz,GSW,24.0,205.74,105.233344,Notre Dame,USA,Undrafted,Undrafted,Undrafted,40,3.9,2.0,0.5,-14.2,0.072,0.1169999999999999,0.16,0.513,0.072,2008-09
5672,Nathan Jawai,TOR,22.0,208.28,127.00576,Midland,Australia,2008,2,41,6,0.3,0.3,0.0,-28.3,0.04,0.059,0.127,0.25,0.0,2008-09
5677,Nicolas Batum,POR,20.0,203.2,90.7184,,France,2008,1,25,79,5.4,2.8,0.9,10.0,0.072,0.121,0.141,0.555,0.073,2008-09
5678,O.J. Mayo,MEM,21.0,193.04,95.25432,Southern California,USA,2008,1,3,82,18.5,3.8,3.2,-6.7,0.022,0.1009999999999999,0.244,0.539,0.151,2008-09
5680,Othello Hunter,ATL,23.0,203.2,102.0582,Ohio State,USA,Undrafted,Undrafted,Undrafted,16,1.4,1.5,0.1,12.4,0.107,0.19,0.123,0.495,0.021,2008-09
5689,D.J. Augustin,CHA,21.0,182.88,81.64656,Texas,USA,2008,1,9,72,11.8,1.8,3.5,-1.3,0.011,0.076,0.208,0.5870000000000001,0.237,2008-09
5690,Marreese Speights,PHI,21.0,208.28,111.13004,Florida,USA,2008,1,16,79,7.7,3.7,0.4,-3.9,0.114,0.168,0.218,0.5429999999999999,0.044,2008-09
5693,Brook Lopez,NJN,21.0,213.36,117.93392,Stanford,USA,2008,1,10,82,13.0,8.1,1.0,-2.6,0.105,0.212,0.201,0.568,0.06,2008-09
5700,Brandon Rush,IND,23.0,198.12,95.25432,Kansas,USA,2008,1,13,75,8.1,3.1,0.9,-4.2,0.02,0.122,0.166,0.505,0.0559999999999999,2008-09
5708,Bobby Brown,MIN,24.0,187.96,79.3786,Cal State-Fullerton,USA,Undrafted,Undrafted,Undrafted,68,5.3,0.8,1.7,-12.5,0.017,0.05,0.211,0.476,0.214,2008-09
5725,Courtney Lee,ORL,23.0,195.58,90.7184,Western Kentucky,USA,2008,1,22,77,8.4,2.3,1.2,8.2,0.011,0.09,0.156,0.556,0.074,2008-09
5736,Chris Douglas-Roberts,NJN,22.0,200.66,90.7184,Memphis,USA,2008,2,40,44,4.9,1.1,1.2,3.7,0.0289999999999999,0.076,0.191,0.531,0.152,2008-09
5745,Cartier Martin,CHA,24.0,200.66,99.79024,Kansas State,USA,Undrafted,Undrafted,Undrafted,33,2.6,1.0,0.4,6.5,0.034,0.115,0.172,0.489,0.078,2008-09
5750,Anthony Tolliver,SAS,24.0,203.2,108.86208,Creighton,USA,Undrafted,Undrafted,Undrafted,19,2.7,2.2,0.9,-0.6,0.063,0.171,0.172,0.375,0.134,2008-09
5752,Anthony Randolph,GSW,19.0,208.28,95.25432,Louisiana State,USA,2008,1,14,63,7.9,5.8,0.8,-3.8,0.124,0.2239999999999999,0.215,0.506,0.066,2008-09
5763,Alexis Ajinca,CHA,21.0,213.36,99.79024,,France,2008,1,20,31,2.3,1.0,0.1,2.6,0.063,0.153,0.25,0.43,0.032,2008-09
5772,Anthony Morrow,GSW,23.0,195.58,95.25432,Georgia Tech,USA,Undrafted,Undrafted,Undrafted,67,10.1,3.0,1.2,-1.7,0.0559999999999999,0.086,0.177,0.588,0.081,2008-09
5784,Sam Young,MEM,25.0,198.12,99.79024,Pittsburgh,USA,2009,2,36,80,7.4,2.5,0.7,-9.2,0.066,0.107,0.2189999999999999,0.518,0.068,2009-10
5798,Rodrigue Beaubois,DAL,22.0,182.88,77.11064,,France,2009,1,25,56,7.1,1.4,1.3,5.3,0.02,0.104,0.241,0.617,0.162,2009-10
5809,Brandon Jennings,MIL,20.0,185.42,76.657048,,USA,2009,1,10,82,15.5,3.4,5.7,1.8,0.019,0.105,0.26,0.475,0.298,2009-10
5825,Patty Mills,POR,21.0,182.88,83.91452,Saint Mary's (CA),Australia,2009,2,55,10,2.6,0.2,0.5,-26.6,0.031,0.043,0.345,0.48,0.25,2009-10
5844,Othyus Jeffers,UTA,24.0,195.58,95.25432,Robert Morris (IL),USA,Undrafted,Undrafted,Undrafted,14,2.6,1.4,0.1,-1.4,0.129,0.162,0.25,0.495,0.021,2009-10
5845,Omri Casspi,SAC,22.0,205.74,102.0582,,Israel,2009,1,23,77,10.3,4.5,1.2,-2.9,0.044,0.162,0.192,0.529,0.076,2009-10
5849,Reggie Williams,GSW,23.0,201.0,86.0,Virginia Military Institute,USA,Undrafted,Undrafted,Undrafted,24,15.2,4.6,2.8,-3.5,0.025,0.129,0.188,0.588,0.125,2009-10
5862,Oliver Lafayette,BOS,26.0,187.96,86.18248,Houston,USA,Undrafted,Undrafted,Undrafted,1,7.0,4.0,2.0,-24.7,0.053,0.176,0.166,0.583,0.182,2009-10
5867,Taj Gibson,CHI,25.0,205.74,102.0582,Southern California,USA,2009,1,26,82,9.0,7.5,0.9,-0.8,0.114,0.187,0.1669999999999999,0.521,0.049,2009-10
5869,Sundiata Gaines,UTA,24.0,185.42,88.45044,Georgia,USA,Undrafted,Undrafted,Undrafted,32,3.3,0.9,1.2,0.1,0.032,0.119,0.2319999999999999,0.518,0.289,2009-10
5876,Stephen Curry,GSW,22.0,190.5,83.91452,Davidson,USA,2009,1,7,80,17.5,4.5,5.9,-3.1,0.018,0.118,0.218,0.568,0.241,2009-10
5884,Taylor Griffin,PHX,24.0,200.66,107.954896,Oklahoma,USA,2009,2,48,8,1.3,0.3,0.1,1.5,0.0,0.063,0.178,0.425,0.0559999999999999,2009-10
5888,Tyler Hansbrough,IND,24.0,205.74,113.398,North Carolina,USA,2009,1,13,29,8.5,4.8,1.0,-4.3,0.12,0.173,0.249,0.4479999999999999,0.0969999999999999,2009-10
5889,Ty Lawson,DEN,22.0,180.34,88.45044,North Carolina,USA,2009,1,18,65,8.3,1.9,3.1,5.4,0.037,0.071,0.176,0.6,0.233,2009-10
5891,Trey Gilder,MEM,25.0,205.74,92.98636,Northwestern State,USA,Undrafted,Undrafted,Undrafted,2,1.0,0.5,0.0,22.4,0.0,0.1669999999999999,0.087,1.0,0.0,2009-10
5900,Toney Douglas,NYK,24.0,185.42,90.7184,Florida State,USA,2009,1,29,56,8.6,1.9,2.0,-4.7,0.04,0.074,0.1939999999999999,0.5710000000000001,0.1669999999999999,2009-10
5905,Terrence Williams,NJN,23.0,198.12,99.79024,Louisville,USA,2009,1,11,78,8.4,4.5,2.9,-8.3,0.0289999999999999,0.2019999999999999,0.217,0.4589999999999999,0.2239999999999999,2009-10
5922,Antonio Anderson,OKC,25.0,198.12,97.52228,Memphis,USA,Undrafted,Undrafted,Undrafted,1,2.0,1.0,0.0,-7.3,0.067,0.0,0.1,0.3329999999999999,0.0,2009-10
5925,Austin Daye,DET,22.0,210.82,90.7184,Gonzaga,USA,2009,1,15,69,5.1,2.5,0.5,-8.5,0.042,0.204,0.181,0.546,0.063,2009-10
5930,Serge Ibaka,OKC,20.0,208.28,106.59412,,Democratic Republic of the Congo,2008,1,24,73,6.3,5.4,0.1,1.6,0.122,0.215,0.163,0.562,0.013,2009-10
5931,AJ Price,IND,23.0,187.96,82.10015200000001,Connecticut,USA,2009,2,52,56,7.3,1.6,1.9,1.4,0.015,0.098,0.225,0.53,0.198,2009-10
5943,Alonzo Gee,WAS,23.0,198.12,99.79024,Alabama,USA,Undrafted,Undrafted,Undrafted,11,7.4,3.0,0.6,-1.4,0.089,0.129,0.205,0.564,0.071,2009-10
5948,Tyreke Evans,SAC,20.0,198.12,99.79024,Memphis,USA,2009,1,4,72,20.1,5.3,5.8,-7.0,0.027,0.136,0.264,0.529,0.268,2009-10
5951,Garrett Temple,SAS,24.0,198.12,86.18248,Louisiana State,USA,Undrafted,Undrafted,Undrafted,27,5.0,1.1,0.8,0.5,0.019,0.081,0.1969999999999999,0.5529999999999999,0.104,2009-10
5959,Eric Maynor,OKC,23.0,190.5,79.3786,Virginia Commonwealth,USA,2009,1,20,81,4.7,1.6,3.3,2.8,0.02,0.095,0.174,0.478,0.3389999999999999,2009-10
5967,Earl Clark,PHX,22.0,208.28,102.0582,Louisville,USA,2009,1,14,51,2.7,1.2,0.4,-1.5,0.054,0.13,0.216,0.42,0.093,2009-10
5981,Gerald Henderson,CHA,22.0,195.58,97.52228,Duke,USA,2009,1,12,43,2.6,1.3,0.3,0.2,0.048,0.127,0.18,0.4529999999999999,0.071,2009-10
5986,James Johnson,CHI,23.0,205.74,111.13004,Wake Forest,USA,2009,1,16,65,3.9,2.0,0.7,-9.3,0.051,0.141,0.179,0.532,0.104,2009-10
5987,James Harden,OKC,20.0,195.58,99.79024,Arizona State,USA,2009,1,3,76,9.9,3.2,1.8,5.9,0.032,0.126,0.203,0.551,0.13,2009-10
6004,Hasheem Thabeet,MEM,23.0,220.98,121.109064,Connecticut,Tanzania,2009,1,2,68,3.1,3.6,0.2,-5.9,0.11,0.204,0.105,0.605,0.018,2009-10
6025,Chris Hunter,GSW,25.0,210.82,108.86208,Michigan,USA,Undrafted,Undrafted,Undrafted,60,4.5,2.8,0.6,-1.6,0.077,0.165,0.151,0.546,0.065,2009-10
6031,Chase Budinger,HOU,22.0,200.66,98.883056,Arizona,USA,2009,2,44,74,8.9,3.0,1.2,0.1,0.027,0.147,0.1889999999999999,0.545,0.096,2009-10
6035,Cedric Jackson,WAS,24.0,190.5,86.18248,Cleveland State,USA,Undrafted,Undrafted,Undrafted,12,1.7,0.7,1.2,-1.3,0.0289999999999999,0.087,0.216,0.396,0.3329999999999999,2009-10
6047,Derrick Brown,CHA,22.0,203.2,102.965384,Xavier,USA,2009,2,40,57,3.3,1.4,0.3,1.5,0.072,0.104,0.17,0.52,0.061,2009-10
6053,DeMarre Carroll,MEM,23.0,203.2,96.161504,Missouri,USA,2009,1,27,71,2.9,2.1,0.5,-1.7,0.08,0.135,0.145,0.426,0.059,2009-10
6054,DeMar DeRozan,TOR,20.0,200.66,99.79024,Southern California,USA,2009,1,9,77,8.6,2.9,0.7,-5.5,0.047,0.108,0.182,0.5539999999999999,0.048,2009-10
6055,DeJuan Blair,SAS,21.0,200.66,120.20188,Pittsburgh,USA,2009,2,37,82,7.8,6.4,0.8,4.0,0.159,0.255,0.204,0.564,0.07,2009-10
6059,David Andersen,HOU,30.0,210.82,111.13004,,USA,2002,2,36,63,5.8,3.3,0.7,1.8,0.066,0.2,0.2019999999999999,0.497,0.084,2009-10
6060,Darren Collison,NOH,22.0,182.88,72.57472,UCLA,USA,2009,1,21,76,12.4,2.5,5.7,-4.4,0.023,0.086,0.23,0.546,0.3229999999999999,2009-10
6065,Dante Cunningham,POR,23.0,203.2,104.32616,Villanova,USA,2009,2,33,63,3.9,2.5,0.2,5.5,0.094,0.19,0.166,0.517,0.032,2009-10
6066,Danny Green,CLE,23.0,198.12,95.25432,North Carolina,USA,2009,2,46,20,2.0,0.9,0.3,-6.0,0.0819999999999999,0.087,0.186,0.48,0.074,2009-10
6074,DaJuan Summers,DET,22.0,203.2,108.86208,Georgetown,USA,2009,2,35,44,3.0,1.0,0.4,-13.7,0.038,0.099,0.183,0.457,0.07,2009-10
6076,JamesOn Curry,LAC,24.0,190.5,86.18248,Oklahoma State,USA,2007,2,51,1,0.0,0.0,0.0,0.0,0.0,0.0,0.0,0.0,0.0,2009-10
6096,Lester Hudson,MEM,25.0,190.5,86.18248,Tennessee-Martin,USA,2009,2,58,25,2.3,0.7,0.5,2.5,0.064,0.096,0.24,0.494,0.155,2009-10
6110,Marcus Landry,BOS,24.0,200.66,104.32616,Wisconsin,USA,Undrafted,Undrafted,Undrafted,18,2.4,1.1,0.0,0.8,0.046,0.14,0.201,0.487,0.0,2009-10
6111,Marcus Thornton,NOH,23.0,193.04,92.98636,Louisiana State,USA,2009,2,43,73,14.5,2.9,1.6,-2.2,0.045,0.09,0.252,0.55,0.103,2009-10
6130,Byron Mullens,OKC,21.0,213.36,124.7378,Ohio State,USA,2009,1,24,13,1.1,0.8,0.1,-17.4,0.065,0.146,0.1989999999999999,0.368,0.03,2009-10
6149,Jodie Meeks,PHI,22.0,193.04,94.347136,Kentucky,USA,2009,2,41,60,4.7,1.7,0.7,-3.1,0.0139999999999999,0.154,0.19,0.493,0.08,2009-10
6153,Jermaine Taylor,HOU,23.0,193.04,95.25432,Central Florida,USA,2009,2,32,31,4.1,1.5,0.5,-20.7,0.068,0.103,0.223,0.46,0.096,2009-10
6155,Jeff Teague,ATL,22.0,187.96,81.64656,Wake Forest,USA,2009,1,19,71,3.2,0.9,1.7,-2.0,0.008,0.106,0.183,0.4589999999999999,0.258,2009-10
6159,Jeff Ayres,POR,23.0,205.74,108.86208,Arizona State,USA,2009,2,31,39,2.7,2.5,0.0,-6.9,0.081,0.2319999999999999,0.102,0.705,0.004,2009-10
6192,Jrue Holiday,PHI,20.0,193.04,81.64656,UCLA,USA,2009,1,17,73,8.0,2.6,3.8,-5.1,0.037,0.092,0.183,0.526,0.239,2009-10
6199,Jordan Hill,HOU,22.0,208.28,106.59412,Arizona,USA,2009,1,8,47,5.2,3.7,0.4,-2.8,0.126,0.195,0.181,0.528,0.052,2009-10
6201,Jonny Flynn,MIN,21.0,182.88,83.91452,Syracuse,USA,2009,1,6,81,13.5,2.4,4.4,-13.2,0.011,0.083,0.243,0.511,0.245,2009-10
6203,Jonas Jerebko,DET,23.0,208.28,104.779752,,Sweden,2009,2,39,80,9.3,6.0,0.7,-3.5,0.099,0.1639999999999999,0.158,0.545,0.0409999999999999,2009-10
6204,Jon Brockman,SAC,23.0,200.66,115.66596,Washington,USA,2009,2,38,52,2.8,4.1,0.4,-1.7,0.192,0.2019999999999999,0.102,0.564,0.049,2009-10
6221,Wayne Ellington,MIN,22.0,193.04,90.7184,North Carolina,USA,2009,1,28,76,6.6,2.1,1.0,-8.4,0.026,0.1009999999999999,0.172,0.527,0.085,2009-10
6225,Wesley Matthews,UTA,23.0,195.58,99.79024,Marquette,USA,Undrafted,Undrafted,Undrafted,82,9.4,2.3,1.5,4.2,0.03,0.081,0.165,0.5920000000000001,0.09,2009-10
6232,James Anderson,SAS,22.0,198.12,97.52228,Oklahoma State,USA,2010,1,20,26,3.6,0.9,0.7,-7.0,0.009,0.091,0.165,0.529,0.103,2010-11
6252,Ish Smith,MEM,22.0,182.88,79.3786,Wake Forest,USA,Undrafted,Undrafted,Undrafted,43,2.3,1.1,1.8,-4.4,0.018,0.1009999999999999,0.159,0.406,0.268,2010-11
6253,Gary Forbes,DEN,26.0,200.66,99.79024,Massachusetts,Panama,Undrafted,Undrafted,Undrafted,63,5.2,1.8,0.8,-2.1,0.0409999999999999,0.127,0.193,0.524,0.094,2010-11
6254,Gary Neal,SAS,26.0,193.04,95.25432,Towson,USA,Undrafted,Undrafted,Undrafted,80,9.8,2.5,1.2,3.8,0.015,0.121,0.208,0.578,0.094,2010-11
6261,Gordon Hayward,UTA,21.0,203.2,93.893544,Butler,USA,2010,1,9,72,5.4,1.9,1.1,-8.1,0.04,0.102,0.153,0.578,0.106,2010-11
6263,Greg Monroe,DET,21.0,210.82,113.398,Georgetown,USA,2010,1,7,80,9.4,7.5,1.3,-4.1,0.131,0.204,0.154,0.575,0.075,2010-11
6264,Greivis Vasquez,MEM,24.0,198.12,95.707912,Maryland,Venezuela,2010,1,28,70,3.6,1.0,2.2,-6.1,0.017,0.094,0.17,0.493,0.266,2010-11
6266,Hamady Ndiaye,WAS,24.0,213.36,106.59412,Rutgers,Senegal,2010,2,56,16,0.9,0.4,0.0,-22.9,0.0289999999999999,0.088,0.076,0.6809999999999999,0.0,2010-11
6269,Hassan Whiteside,SAC,22.0,213.36,106.59412,Marshall,USA,2010,2,33,1,0.0,0.0,0.0,-144.9,0.0,0.0,0.0,0.0,0.0,2010-11
6294,Kevin Seraphin,WAS,21.0,205.74,124.7378,Le Moyne,France,2010,1,17,58,2.7,2.6,0.2,-14.9,0.127,0.138,0.135,0.479,0.025,2010-11
6304,Jeff Adrien,GSW,25.0,201.0,111.0,Connecticut,USA,Undrafted,Undrafted,Undrafted,23,2.5,2.5,0.4,-1.3,0.133,0.206,0.163,0.457,0.075,2010-11
6309,Jeremy Evans,UTA,23.0,205.74,88.904032,Western Kentucky,USA,2010,2,55,49,3.6,2.0,0.5,-2.8,0.1,0.163,0.148,0.6779999999999999,0.09,2010-11
6310,Jeremy Lin,GSW,22.0,190.5,90.7184,Harvard,USA,Undrafted,Undrafted,Undrafted,29,2.6,1.2,1.4,2.5,0.043,0.0969999999999999,0.155,0.4579999999999999,0.207,2010-11
6326,John Wall,WAS,20.0,193.04,88.45044,Kentucky,USA,2010,1,1,69,16.4,4.6,8.3,-9.0,0.0139999999999999,0.127,0.236,0.494,0.357,2010-11
6329,Jordan Crawford,WAS,22.0,193.04,88.45044,Xavier,USA,2010,1,27,42,11.7,2.5,2.8,-10.3,0.032,0.085,0.264,0.456,0.1969999999999999,2010-11
6331,Garret Siler,PHX,24.0,210.82,138.34556,Augusta State,USA,Undrafted,Undrafted,Undrafted,21,2.1,1.3,0.1,-6.1,0.1669999999999999,0.15,0.204,0.5529999999999999,0.0409999999999999,2010-11
6334,Chris Johnson,POR,25.0,210.82,95.25432,Louisiana State,USA,Undrafted,Undrafted,Undrafted,14,2.4,2.3,0.2,-21.3,0.092,0.175,0.129,0.5539999999999999,0.037,2010-11
6339,Christian Eyenga,CLE,22.0,195.58,95.25432,,Congo,2009,1,30,44,6.9,2.8,0.8,-10.4,0.031,0.121,0.173,0.476,0.061,2010-11
6341,Cole Aldrich,OKC,22.0,210.82,111.13004,Kansas,USA,2010,1,11,18,1.0,1.9,0.2,3.9,0.1119999999999999,0.168,0.0819999999999999,0.537,0.0409999999999999,2010-11
6345,Craig Brackins,PHI,23.0,208.28,104.32616,Iowa State,USA,2010,1,21,3,2.7,1.3,0.3,-29.2,0.057,0.095,0.22,0.25,0.05,2010-11
6354,Damion James,NJN,23.0,200.66,99.79024,Texas,USA,2010,1,24,25,4.4,3.4,0.8,-3.3,0.048,0.211,0.16,0.477,0.0819999999999999,2010-11
6398,Ed Davis,TOR,22.0,208.28,97.52228,North Carolina,USA,2010,1,13,65,7.7,7.1,0.6,-9.8,0.121,0.2189999999999999,0.134,0.583,0.039,2010-11
6400,Dominique Jones,DAL,22.0,195.58,97.52228,South Florida,USA,2010,1,25,18,2.3,1.4,1.1,-8.7,0.052,0.165,0.222,0.4,0.241,2010-11
6404,Eric Bledsoe,LAC,21.0,185.42,88.45044,Kentucky,USA,2010,1,18,81,6.7,2.8,3.6,-7.0,0.045,0.098,0.179,0.499,0.254,2010-11
6410,Evan Turner,PHI,22.0,200.66,92.98636,Ohio State,USA,2010,1,2,78,7.2,3.9,2.0,-0.2,0.027,0.17,0.17,0.484,0.1369999999999999,2010-11
6413,Ekpe Udoh,GSW,24.0,208.28,111.13004,Baylor,USA,2010,1,6,58,4.1,3.1,0.7,6.5,0.087,0.1119999999999999,0.13,0.472,0.051,2010-11
6414,Gani Lawal,PHX,22.0,205.74,106.140528,Georgia Tech,USA,2010,2,46,1,0.0,0.0,0.0,-78.3,0.0,0.0,0.0,0.0,0.0,2010-11
6416,Dexter Pittman,MIA,23.0,210.82,139.70633600000002,Texas,USA,2010,2,32,2,1.0,1.5,0.0,39.1,0.143,0.182,0.208,0.3329999999999999,0.0,2010-11
6429,DeMarcus Cousins,SAC,20.0,210.82,122.46984,Kentucky,USA,2010,1,5,81,14.1,8.6,2.5,-7.5,0.105,0.247,0.272,0.484,0.149,2010-11
6436,Derrick Caracter,LAL,23.0,205.74,124.7378,Texas-El Paso,USA,2010,2,58,41,2.0,1.0,0.2,-8.4,0.109,0.122,0.196,0.532,0.054,2010-11
6437,Derrick Favors,UTA,19.0,208.28,111.583632,Georgia Tech,USA,2010,1,3,78,6.8,5.3,0.5,-7.2,0.128,0.183,0.172,0.542,0.044,2010-11
6439,Devin Ebanks,LAL,21.0,205.74,97.52228,West Virginia,USA,2010,2,43,20,3.1,1.4,0.1,-14.1,0.129,0.102,0.237,0.507,0.033,2010-11
6443,Lance Stephenson,IND,20.0,195.58,95.25432,Cincinnati,USA,2010,2,40,12,3.1,1.5,1.8,0.0,0.009,0.148,0.223,0.41,0.309,2010-11
6455,Tiago Splitter,SAS,26.0,210.82,108.86208,,Brazil,2007,1,28,60,4.6,3.4,0.4,0.2,0.1159999999999999,0.2019999999999999,0.18,0.55,0.06,2010-11
6457,Timofey Mozgov,DEN,24.0,215.9,113.398,,Russia,Undrafted,Undrafted,Undrafted,45,3.6,2.7,0.3,-2.7,0.102,0.16,0.161,0.523,0.045,2010-11
6465,Trevor Booker,WAS,23.0,203.2,108.86208,Clemson,USA,2010,1,23,65,5.3,3.9,0.5,-7.0,0.1009999999999999,0.1689999999999999,0.138,0.5820000000000001,0.051,2010-11
6475,Samardo Samuels,CLE,22.0,205.74,117.93392,Louisville,Jamaica,Undrafted,Undrafted,Undrafted,37,7.8,4.3,0.5,-10.9,0.1159999999999999,0.147,0.214,0.498,0.043,2010-11
6481,Semih Erden,CLE,24.0,210.82,108.86208,,Turkey,2008,2,60,41,4.0,2.9,0.5,-1.6,0.08,0.166,0.138,0.593,0.054,2010-11
6490,Sherron Collins,CHA,24.0,180.34,92.98636,Kansas,USA,Undrafted,Undrafted,Undrafted,20,0.9,0.3,0.4,-14.0,0.0,0.093,0.217,0.3339999999999999,0.19,2010-11
6491,Solomon Alabi,TOR,23.0,215.9,113.851592,Florida State,Nigeria,2010,2,50,12,0.5,1.2,0.2,-18.0,0.109,0.135,0.138,0.1889999999999999,0.051,2010-11
6504,Wesley Johnson,MIN,23.0,200.66,92.98636,Syracuse,USA,2010,1,4,79,9.0,3.0,1.9,-6.4,0.027,0.102,0.168,0.491,0.108,2010-11
6508,Willie Warren,LAC,21.0,193.04,92.079176,Oklahoma,USA,2010,2,54,19,1.9,0.6,1.4,3.9,0.009,0.109,0.16,0.48,0.307,2010-11
6510,Xavier Henry,MEM,20.0,198.12,99.79024,Kansas,USA,2010,1,12,38,4.3,1.0,0.5,-6.2,0.02,0.061,0.171,0.451,0.054,2010-11
6513,Zabian Dowdell,PHX,26.0,190.5,86.636072,Virginia Tech,USA,Undrafted,Undrafted,Undrafted,24,5.0,0.8,2.1,-4.1,0.018,0.061,0.251,0.457,0.295,2010-11
6520,Blake Griffin,LAC,22.0,208.28,113.851592,Oklahoma,USA,2009,1,1,82,22.5,12.1,3.8,-3.4,0.103,0.2689999999999999,0.273,0.5489999999999999,0.184,2010-11
6529,Andy Rautins,NYK,24.0,193.04,86.18248,Syracuse,USA,2010,2,38,5,1.6,0.2,0.6,-18.8,0.0,0.048,0.278,0.508,0.25,2010-11
6539,Armon Johnson,POR,22.0,190.5,88.45044,Nevada,USA,2010,2,34,38,2.9,0.9,1.2,-3.0,0.042,0.109,0.237,0.497,0.3,2010-11
6542,Avery Bradley,BOS,20.0,187.96,81.64656,Texas,USA,2010,1,19,31,1.7,0.5,0.4,-17.3,0.03,0.092,0.253,0.36,0.135,2010-11
6545,Ben Uzoh,NJN,23.0,190.5,92.98636,Tulsa,USA,Undrafted,Undrafted,Undrafted,42,3.8,1.5,1.6,-8.7,0.077,0.086,0.206,0.4679999999999999,0.278,2010-11
6577,Marcus Cousin,UTA,24.0,210.82,111.13004,Houston,USA,Undrafted,Undrafted,Undrafted,4,1.0,0.8,0.0,-48.9,0.0,0.214,0.092,0.667,0.0,2010-11
6582,Landry Fields,NYK,23.0,200.66,95.25432,Stanford,USA,2010,2,39,82,9.7,6.4,1.9,2.1,0.047,0.186,0.135,0.598,0.087,2010-11
6583,Larry Owens,WAS,28.0,200.66,95.25432,Oral Roberts,USA,Undrafted,Undrafted,Undrafted,12,3.3,1.3,0.7,7.0,0.008,0.118,0.127,0.556,0.089,2010-11
6584,Larry Sanders,MIL,22.0,210.82,106.59412,Virginia Commonwealth,USA,2010,1,15,60,4.3,3.0,0.3,-7.6,0.075,0.1639999999999999,0.176,0.4479999999999999,0.033,2010-11
6594,Luke Babbitt,POR,22.0,205.74,102.0582,Nevada,USA,2010,1,16,24,1.5,1.3,0.3,-11.6,0.0409999999999999,0.19,0.211,0.305,0.077,2010-11
6595,Luke Harangody,CLE,23.0,200.66,113.851592,Notre Dame,USA,2010,2,52,49,3.9,2.9,0.6,-3.9,0.072,0.19,0.1689999999999999,0.444,0.078,2010-11
6601,Manny Harris,CLE,21.0,195.58,83.91452,Michigan,USA,Undrafted,Undrafted,Undrafted,54,5.9,2.6,1.6,-12.6,0.042,0.1369999999999999,0.1889999999999999,0.486,0.153,2010-11
6608,Mustafa Shakur,WAS,26.0,193.04,88.45044,Arizona,USA,Undrafted,Undrafted,Undrafted,22,2.3,1.0,1.1,-1.2,0.054,0.121,0.236,0.389,0.258,2010-11
6634,Quincy Pondexter,NOH,23.0,198.12,102.0582,Washington,USA,2010,1,26,66,2.8,1.3,0.4,-4.1,0.037,0.104,0.14,0.482,0.064,2010-11
6643,Nikola Pekovic,MIN,25.0,210.82,110.222856,,Montenegro,2008,2,31,65,5.5,3.0,0.4,-12.7,0.11,0.135,0.195,0.573,0.052,2010-11
6645,Omer Asik,CHI,24.0,213.36,115.66596,,Turkey,2008,2,36,82,2.8,3.7,0.4,14.0,0.1369999999999999,0.22,0.125,0.5589999999999999,0.049,2010-11
6649,Pape Sy,ATL,23.0,200.66,102.0582,,France,2010,2,53,3,2.3,1.0,0.7,-25.6,0.105,0.071,0.217,0.478,0.222,2010-11
6650,Patrick Ewing,NOH,27.0,203.2,106.59412,Georgetown,USA,2008,2,43,7,0.4,0.3,0.3,-18.4,0.067,0.071,0.193,0.222,0.1669999999999999,2010-11
6651,Patrick Patterson,HOU,22.0,205.74,106.59412,Kentucky,USA,2010,1,14,52,6.3,3.8,0.8,1.3,0.11,0.146,0.163,0.574,0.078,2010-11
6654,Paul George,IND,21.0,203.2,95.25432,Fresno State,USA,2010,1,10,61,7.8,3.7,1.1,-0.1,0.033,0.162,0.175,0.542,0.0819999999999999,2010-11
6658,Pooh Jeter,SAC,27.0,180.34,79.3786,Portland,USA,Undrafted,Undrafted,Undrafted,62,4.1,1.1,2.6,-5.9,0.011,0.08,0.16,0.46,0.281,2010-11
6661,Lazar Hayward,MIN,24.0,198.12,102.0582,Marquette,USA,2010,1,30,42,3.8,1.7,0.7,-16.4,0.0559999999999999,0.14,0.187,0.4639999999999999,0.107,2010-11
6673,Al-Farouq Aminu,LAC,20.0,205.74,97.52228,Wake Forest,USA,2010,1,8,81,5.6,3.3,0.7,-7.8,0.06,0.154,0.171,0.499,0.067,2010-11
6678,Jimmer Fredette,SAC,23.0,187.96,88.45044,Brigham Young,USA,2011,1,10,61,7.6,1.2,1.8,-9.1,0.015,0.0559999999999999,0.207,0.495,0.155,2011-12
6680,Jimmy Butler,CHI,22.0,200.66,99.79024,Marquette,USA,2011,1,30,42,2.6,1.3,0.3,18.8,0.071,0.1,0.15,0.526,0.061,2011-12
6691,Jon Leuer,MIL,23.0,208.28,103.418976,Wisconsin,USA,2011,2,40,46,4.7,2.6,0.5,0.2,0.087,0.162,0.174,0.536,0.072,2011-12
6697,Jerome Jordan,NYK,25.0,213.36,108.86208,Tulsa,Jamaica,2010,2,44,21,2.0,1.3,0.2,11.8,0.143,0.143,0.157,0.561,0.051,2011-12
6702,D.J. Kennedy,CLE,22.0,195.58,97.068688,St. John's (NY),USA,Undrafted,Undrafted,Undrafted,2,6.0,3.5,1.5,-32.7,0.018,0.111,0.13,0.466,0.088,2011-12
6707,Courtney Fortson,HOU,24.0,180.34,83.91452,Arkansas,USA,Undrafted,Undrafted,Undrafted,10,3.5,1.5,1.0,-22.6,0.061,0.107,0.217,0.4529999999999999,0.222,2011-12
6708,Cory Joseph,SAS,20.0,190.5,83.91452,Texas,Canada,2011,1,29,29,2.0,0.9,1.2,-9.2,0.02,0.094,0.153,0.374,0.1889999999999999,2011-12
6709,Cory Higgins,CHA,23.0,195.58,81.64656,Colorado,USA,Undrafted,Undrafted,Undrafted,38,3.9,0.9,0.9,-15.1,0.02,0.081,0.251,0.402,0.159,2011-12
6718,Jeff Foote,NOH,24.0,213.36,120.20188,Cornell,USA,Undrafted,Undrafted,Undrafted,4,1.0,1.5,0.0,0.6,0.04,0.147,0.0969999999999999,0.3329999999999999,0.0,2011-12
6723,Jeremy Pargo,MEM,26.0,187.96,99.336648,Gonzaga,USA,Undrafted,Undrafted,Undrafted,44,2.9,0.8,1.3,-15.7,0.0289999999999999,0.069,0.213,0.389,0.23,2011-12
6724,Jeremy Tyler,GSW,21.0,208.28,117.93392,,USA,2011,2,39,42,4.9,3.3,0.4,-9.9,0.1009999999999999,0.18,0.211,0.442,0.044,2011-12
6726,Jerome Dyson,NOH,25.0,190.5,81.64656,Connecticut,USA,Undrafted,Undrafted,Undrafted,9,7.4,2.1,2.0,3.3,0.013,0.093,0.228,0.525,0.2019999999999999,2011-12
6734,Kyrie Irving,CLE,20.0,190.5,86.636072,Duke,Australia,2011,1,1,51,18.5,3.7,5.4,-5.6,0.031,0.1119999999999999,0.281,0.5660000000000001,0.324,2011-12
6739,Lance Thomas,NOH,24.0,203.2,102.0582,Duke,USA,Undrafted,Undrafted,Undrafted,42,4.0,3.0,0.3,-6.9,0.094,0.146,0.135,0.541,0.033,2011-12
6744,Lavoy Allen,PHI,23.0,205.74,102.0582,Temple,USA,2011,2,50,41,4.1,4.2,0.8,6.6,0.081,0.218,0.148,0.488,0.089,2011-12
6759,Malcolm Lee,MIN,22.0,195.58,90.7184,UCLA,USA,2011,2,43,19,3.3,1.4,1.6,-6.0,0.04,0.084,0.155,0.466,0.221,2011-12
6764,Jordan Williams,NJN,21.0,208.28,117.93392,Maryland,USA,2011,2,36,43,4.6,3.6,0.3,1.3,0.115,0.1689999999999999,0.146,0.544,0.027,2011-12
6768,Josh Harrellson,NYK,23.0,208.28,124.7378,Kentucky,USA,2011,2,45,37,4.4,3.9,0.3,9.9,0.094,0.206,0.149,0.505,0.033,2011-12
6771,Josh Selby,MEM,21.0,187.96,83.007336,Kansas,USA,2011,2,49,28,2.3,0.5,1.1,-7.8,0.01,0.065,0.2019999999999999,0.4029999999999999,0.1969999999999999,2011-12
6774,Julyan Stone,DEN,23.0,198.12,90.7184,Texas-El Paso,USA,Undrafted,Undrafted,Undrafted,22,1.6,1.1,1.7,4.6,0.03,0.124,0.107,0.502,0.257,2011-12
6775,Justin Dentmon,TOR,26.0,180.34,83.91452,Washington,USA,Undrafted,Undrafted,Undrafted,6,4.3,1.3,1.7,-13.5,0.0,0.092,0.1989999999999999,0.424,0.256,2011-12
6776,Justin Harper,ORL,22.0,208.28,102.0582,Richmond,USA,2011,2,32,14,1.4,0.9,0.1,-24.3,0.037,0.145,0.213,0.318,0.047,2011-12
6778,Jordan Hamilton,DEN,21.0,200.66,99.79024,Texas,USA,2011,1,26,26,4.4,2.4,0.8,6.9,0.052,0.1989999999999999,0.221,0.508,0.114,2011-12
6779,Kawhi Leonard,SAS,21.0,200.66,102.0582,San Diego State,USA,2011,1,15,64,7.9,5.1,1.1,5.2,0.078,0.165,0.143,0.573,0.066,2011-12
6782,Kemba Walker,CHA,22.0,185.42,83.46092800000001,Connecticut,USA,2011,1,9,66,12.1,3.5,4.4,-15.1,0.018,0.136,0.253,0.4639999999999999,0.307,2011-12
6784,Kenneth Faried,DEN,22.0,203.2,103.418976,Morehead State,USA,2011,1,22,46,10.2,7.7,0.8,0.4,0.158,0.231,0.182,0.618,0.055,2011-12
6793,Klay Thompson,GSW,22.0,200.66,92.98636,Washington State,USA,2011,1,11,66,12.5,2.4,2.0,-4.0,0.017,0.0969999999999999,0.249,0.545,0.142,2011-12
6794,Keith Benson,GSW,23.0,210.82,104.32616,Oakland,USA,2011,2,48,3,0.0,1.0,0.0,44.1,0.25,0.1,0.05,0.0,0.0,2011-12
6804,Gustavo Ayon,NOH,27.0,208.28,113.398,,Mexico,Undrafted,Undrafted,Undrafted,54,5.9,4.9,1.4,-1.8,0.0969999999999999,0.188,0.145,0.552,0.109,2011-12
6806,Greg Stiemsma,BOS,26.0,210.82,117.93392,Wisconsin,USA,Undrafted,Undrafted,Undrafted,55,2.9,3.2,0.5,-0.9,0.075,0.188,0.109,0.579,0.061,2011-12
6807,Greg Smith,HOU,21.0,208.28,113.398,Fresno State,USA,Undrafted,Undrafted,Undrafted,8,1.8,2.5,0.1,-2.9,0.07,0.231,0.084,0.636,0.026,2011-12
6827,Iman Shumpert,NYK,22.0,195.58,99.79024,Georgia Tech,USA,2011,1,17,59,9.5,3.2,2.8,3.5,0.0279999999999999,0.1,0.182,0.484,0.152,2011-12
6834,Jan Vesely,WAS,22.0,210.82,108.86208,,Czech Republic,2011,1,6,57,4.7,4.4,0.8,-4.7,0.105,0.16,0.127,0.544,0.067,2011-12
6846,JaJuan Johnson,BOS,23.0,208.28,100.243832,Purdue,USA,2011,1,27,36,3.2,1.6,0.2,-4.5,0.078,0.136,0.2239999999999999,0.456,0.04,2011-12
6851,Ivan Johnson,ATL,28.0,203.2,115.66596,Cal State-San Bernardino,USA,Undrafted,Undrafted,Undrafted,56,6.4,4.0,0.6,2.4,0.086,0.204,0.195,0.5579999999999999,0.059,2011-12
6853,Isaiah Thomas,SAC,23.0,175.26,83.91452,Washington,USA,2011,2,60,65,11.5,2.6,4.1,-2.7,0.031,0.085,0.196,0.574,0.246,2011-12
6857,Eric Dawson,SAS,27.0,205.74,113.398,Midwestern State,USA,Undrafted,Undrafted,Undrafted,4,3.8,2.5,0.0,-24.1,0.132,0.192,0.174,0.5820000000000001,0.0,2011-12
6858,Derrick Byars,SAS,28.0,200.66,99.79024,Vanderbilt,USA,2007,2,42,2,5.0,5.5,0.5,-7.6,0.118,0.156,0.134,0.392,0.04,2011-12
6862,Dennis Horner,NJN,24.0,205.74,104.32616,North Carolina State,USA,Undrafted,Undrafted,Undrafted,8,0.6,0.6,0.0,-40.1,0.095,0.2,0.145,0.434,0.0,2011-12
6871,DeAndre Liggins,ORL,24.0,198.12,94.800728,Kentucky,USA,2011,2,53,17,1.9,0.9,0.3,-27.1,0.0579999999999999,0.103,0.182,0.495,0.091,2011-12
6877,Darius Morris,LAL,21.0,193.04,86.18248,Michigan,USA,2011,2,41,19,2.4,0.8,1.1,-13.7,0.0139999999999999,0.09,0.19,0.5,0.221,2011-12
6878,Darington Hobson,MIL,24.0,200.66,95.25432,New Mexico,USA,2010,2,37,5,0.8,0.6,1.2,10.2,0.0,0.094,0.174,0.154,0.25,2011-12
6879,Malcolm Thomas,SAS,23.0,205.74,102.0582,San Diego State,USA,Undrafted,Undrafted,Undrafted,3,0.3,1.0,0.3,-17.9,0.091,0.154,0.114,0.129,0.083,2011-12
6883,Daniel Orton,ORL,21.0,208.28,115.66596,Kentucky,USA,2010,1,29,16,2.8,2.4,0.3,-11.5,0.109,0.13,0.12,0.5489999999999999,0.047,2011-12
6889,Enes Kanter,UTA,20.0,210.82,121.109064,Kentucky,Turkey,2011,1,3,66,4.6,4.2,0.1,-8.2,0.135,0.231,0.1689999999999999,0.539,0.016,2011-12
6892,Elliot Williams,POR,23.0,196.0,86.0,Memphis,USA,2010,1,22,24,3.7,0.8,0.3,-6.5,0.059,0.09,0.27,0.537,0.077,2011-12
6894,Edwin Ubiles,WAS,25.0,198.12,92.532768,Siena,Puerto Rico,Undrafted,Undrafted,Undrafted,4,3.5,2.5,0.3,-18.9,0.045,0.186,0.1889999999999999,0.362,0.036,2011-12
6900,Derrick Williams,MIN,21.0,203.2,109.315672,Arizona,USA,2011,1,2,66,8.8,4.7,0.6,-3.3,0.06,0.183,0.21,0.499,0.046,2011-12
6902,E'Twaun Moore,BOS,23.0,193.04,86.636072,Purdue,USA,2011,2,55,38,2.9,0.9,0.9,6.0,0.0139999999999999,0.096,0.2,0.474,0.188,2011-12
6908,Donald Sloan,CLE,24.0,190.5,92.98636,Texas A&M,USA,Undrafted,Undrafted,Undrafted,33,5.5,2.0,3.2,-18.9,0.0279999999999999,0.087,0.179,0.433,0.29,2011-12
6917,MarShon Brooks,NJN,23.0,195.58,90.7184,Providence,USA,2011,1,25,56,12.6,3.6,2.3,-11.0,0.048,0.095,0.228,0.502,0.147,2011-12
6919,Xavier Silas,PHI,24.0,195.58,92.98636,Northern Illinois,USA,2011,Undrafted,Undrafted,2,5.5,2.0,1.5,-20.7,0.04,0.059,0.215,0.337,0.158,2011-12
6926,Chris Wright,GSW,23.0,203.2,102.511792,Dayton,USA,Undrafted,Undrafted,Undrafted,24,2.9,1.9,0.2,-4.4,0.102,0.151,0.156,0.597,0.035,2011-12
6928,Chris Singleton,WAS,22.0,203.2,104.32616,Florida State,USA,2011,1,18,66,4.6,3.5,0.7,-4.7,0.033,0.151,0.1159999999999999,0.462,0.051,2011-12
6938,Charles Jenkins,GSW,23.0,190.5,99.79024,Hofstra,USA,2011,2,44,51,5.8,1.3,3.3,-11.6,0.01,0.076,0.187,0.482,0.306,2011-12
6940,Chandler Parsons,HOU,23.0,205.74,102.965384,Florida,USA,2011,2,38,63,9.5,4.8,2.1,2.7,0.0579999999999999,0.136,0.166,0.513,0.114,2011-12
6952,Travis Leslie,LAC,22.0,193.04,92.98636,Georgia,USA,2011,2,47,10,1.4,0.9,0.5,-29.3,0.128,0.073,0.1939999999999999,0.39,0.2269999999999999,2011-12
6957,Trey Thompkins,LAC,22.0,208.28,111.13004,Georgia,USA,2011,2,37,24,2.4,1.0,0.1,-28.3,0.038,0.206,0.261,0.445,0.05,2011-12
6958,Tristan Thompson,CLE,21.0,205.74,102.965384,Texas,Canada,2011,1,4,60,8.2,6.5,0.5,-11.6,0.144,0.166,0.192,0.469,0.035,2011-12
6962,Tyler Honeycutt,SAC,21.0,203.2,85.275296,UCLA,USA,2011,2,35,15,1.3,0.9,0.5,-5.9,0.038,0.145,0.135,0.382,0.106,2011-12
6967,Vernon Macklin,DET,25.0,208.28,102.965384,Florida,USA,2011,2,52,23,2.0,1.5,0.2,-2.2,0.104,0.1669999999999999,0.143,0.5589999999999999,0.057,2011-12
6984,Andrew Goudelock,LAL,23.0,190.5,90.7184,College of Charleston,USA,2011,2,46,40,4.4,0.8,0.5,-4.2,0.0139999999999999,0.068,0.228,0.488,0.085,2011-12
6997,Alec Burks,UTA,20.0,198.12,91.625584,Colorado,USA,2011,1,12,59,7.2,2.2,0.9,-2.3,0.067,0.091,0.218,0.506,0.1,2011-12
7005,Carldell Johnson,NOH,29.0,177.8,81.64656,Alabama-Birmingham,USA,Undrafted,Undrafted,Undrafted,15,1.8,0.6,1.5,2.3,0.011,0.078,0.182,0.372,0.314,2011-12
7018,Brandon Knight,DET,20.0,190.5,85.728888,Kentucky,USA,2011,1,8,66,12.8,3.2,3.8,-7.2,0.018,0.103,0.217,0.511,0.2019999999999999,2011-12
7027,Bismack Biyombo,CHA,19.0,205.74,111.13004,,Democratic Republic of the Congo,2011,1,7,63,5.2,5.8,0.4,-17.5,0.087,0.201,0.13,0.48,0.032,2011-12
7036,Tobias Harris,MIL,19.0,203.2,102.511792,Tennessee,USA,2011,1,19,42,5.0,2.4,0.5,-0.6,0.069,0.1689999999999999,0.204,0.54,0.075,2011-12
7039,Mychel Thompson,CLE,24.0,198.12,95.707912,Pepperdine,USA,Undrafted,Undrafted,Undrafted,5,3.6,1.0,1.4,-2.8,0.0,0.067,0.1369999999999999,0.375,0.119,2011-12
7047,Nikola Vucevic,PHI,21.0,213.36,108.86208,Southern California,Montenegro,2011,1,16,51,5.5,4.8,0.6,2.7,0.115,0.218,0.193,0.462,0.063,2011-12
7048,Nolan Smith,POR,23.0,187.96,83.91452,Duke,USA,2011,1,21,44,3.8,1.3,1.4,-15.5,0.033,0.089,0.192,0.434,0.196,2011-12
7049,Norris Cole,MIA,23.0,187.96,79.3786,Cleveland State,USA,2011,1,28,65,6.8,1.4,2.0,0.5,0.02,0.066,0.2189999999999999,0.452,0.183,2011-12
7072,Marcus Morris,HOU,22.0,205.74,106.59412,Kansas,USA,2011,1,14,17,2.4,0.9,0.2,-10.1,0.042,0.092,0.223,0.348,0.042,2011-12
7075,Markieff Morris,PHX,22.0,208.28,111.13004,Kansas,USA,2011,1,13,63,7.4,4.4,1.0,-2.2,0.061,0.2,0.204,0.484,0.087,2011-12
7089,Mickell Gladness,GSW,25.0,210.82,99.79024,Alabama A&M,USA,Undrafted,Undrafted,Undrafted,26,2.2,2.2,0.2,-11.9,0.057,0.174,0.127,0.436,0.03,2011-12
7106,Shelvin Mack,WAS,22.0,190.5,93.893544,Butler,USA,2011,2,34,64,3.6,1.4,2.0,-2.2,0.018,0.119,0.176,0.4679999999999999,0.271,2011-12
7119,Terrel Harris,MIA,24.0,193.04,86.18248,Oklahoma State,USA,Undrafted,Undrafted,Undrafted,22,3.6,2.3,1.2,-8.3,0.067,0.129,0.17,0.434,0.138,2011-12
7130,Reggie Jackson,OKC,22.0,190.5,94.347136,Boston College,USA,2011,1,24,45,3.1,1.2,1.6,3.0,0.036,0.085,0.198,0.408,0.243,2011-12
7135,Ricky Rubio,MIN,21.0,193.04,81.64656,,Spain,2009,1,5,41,10.6,4.2,8.2,1.7,0.016,0.119,0.185,0.476,0.38,2011-12
7151,Ryan Reid,OKC,25.0,203.2,106.59412,Florida State,USA,2010,2,57,5,1.6,0.4,0.0,15.0,0.071,0.077,0.163,0.8,0.0,2011-12
7162,Tornike Shengelia,BKN,21.0,205.74,108.86208,,Georgia,2012,2,54,19,1.6,1.2,0.2,2.7,0.1,0.184,0.188,0.499,0.05,2012-13
7163,Tony Wroten,MEM,20.0,198.12,94.347136,Washington,USA,2012,1,25,35,2.6,0.8,1.2,-11.6,0.052,0.063,0.213,0.461,0.262,2012-13
7170,Tim Ohlbrecht,HOU,24.0,210.82,115.66596,,Germany,Undrafted,Undrafted,Undrafted,3,1.0,0.3,0.3,-33.4,0.0,0.1,0.287,0.436,0.25,2012-13
7172,Thomas Robinson,HOU,22.0,208.28,107.501304,Kansas,USA,2012,1,5,70,4.8,4.5,0.7,-7.0,0.126,0.211,0.19,0.451,0.073,2012-13
7176,Terrence Ross,TOR,22.0,198.12,88.45044,Washington,USA,2012,1,8,73,6.4,2.0,0.7,-3.3,0.032,0.106,0.195,0.491,0.073,2012-13
7177,Terrence Jones,HOU,21.0,205.74,114.305184,Kentucky,USA,2012,1,18,19,5.5,3.4,0.8,-2.6,0.107,0.154,0.179,0.512,0.09,2012-13
7196,Will Barton,POR,22.0,195.58,77.11064,Memphis,USA,2012,2,40,73,4.0,2.0,0.8,-13.4,0.045,0.147,0.203,0.437,0.113,2012-13
7202,Victor Claver,POR,24.0,205.74,101.604608,,Spain,2009,1,22,49,3.8,2.4,0.9,-9.0,0.044,0.131,0.139,0.462,0.079,2012-13
7203,Viacheslav Kravtsov,DET,25.0,210.82,112.037224,,Ukraine,Undrafted,Undrafted,Undrafted,25,3.1,1.8,0.4,-6.2,0.127,0.111,0.153,0.618,0.062,2012-13
7206,Tyshawn Taylor,BKN,23.0,190.5,83.91452,Kansas,USA,2012,2,41,38,2.2,0.5,0.6,-12.1,0.011,0.089,0.262,0.43,0.181,2012-13
7209,Tyler Zeller,CLE,23.0,213.36,113.398,North Carolina,USA,2012,1,17,77,7.9,5.7,1.2,-8.0,0.086,0.162,0.159,0.486,0.075,2012-13
7211,Draymond Green,GSW,23.0,200.66,104.32616,Michigan State,USA,2012,2,35,79,2.9,3.3,0.7,0.4,0.062,0.204,0.141,0.4039999999999999,0.076,2012-13
7214,Robert Sacre,LAL,24.0,213.36,117.93392,Gonzaga,Canada,2012,2,60,32,1.3,1.1,0.2,-12.3,0.048,0.136,0.134,0.407,0.045,2012-13
7229,Quincy Miller,DEN,20.0,205.74,95.25432,Baylor,USA,2012,2,38,7,1.3,0.3,0.4,-3.7,0.036,0.038,0.1989999999999999,0.349,0.143,2012-13
7230,Quincy Acy,TOR,22.0,200.66,102.0582,Baylor,USA,2012,2,37,29,4.0,2.7,0.4,12.1,0.108,0.152,0.146,0.632,0.051,2012-13
7232,Perry Jones III,OKC,21.0,210.82,106.59412,Baylor,USA,2012,1,28,38,2.3,1.6,0.3,1.9,0.049,0.195,0.198,0.417,0.057,2012-13
7252,Scott Machado,GSW,23.0,185.42,92.98636,Iona,USA,Undrafted,Undrafted,Undrafted,6,1.3,0.2,1.0,-21.5,0.0,0.0559999999999999,0.3,0.581,0.6,2012-13
7268,Doron Lamb,ORL,21.0,193.04,95.25432,Kentucky,USA,2012,2,42,47,3.3,1.0,0.7,-8.9,0.016,0.075,0.156,0.433,0.085,2012-13
7269,Donatas Motiejunas,HOU,22.0,213.36,100.697424,,Lithuania,2011,1,20,44,5.7,2.1,0.7,3.1,0.078,0.119,0.222,0.531,0.091,2012-13
7270,Brian Roberts,NOH,27.0,185.42,81.64656,Dayton,USA,Undrafted,Undrafted,Undrafted,78,7.1,1.2,2.8,-8.4,0.0139999999999999,0.077,0.2189999999999999,0.509,0.301,2012-13
7288,Chris Copeland,NYK,29.0,203.2,102.0582,Colorado,USA,Undrafted,Undrafted,Undrafted,56,8.7,2.1,0.5,4.4,0.046,0.1169999999999999,0.256,0.583,0.055,2012-13
7298,Andrew Nicholson,ORL,23.0,205.74,113.398,St. Bonaventure,Canada,2012,1,19,75,7.8,3.4,0.6,-6.9,0.063,0.172,0.221,0.557,0.062,2012-13
7301,Anthony Davis,NOH,20.0,208.28,99.79024,Kentucky,USA,2012,1,1,64,13.5,8.2,1.0,-5.5,0.106,0.236,0.215,0.5589999999999999,0.06,2012-13
7305,Arnett Moultrie,PHI,22.0,208.28,111.13004,Mississippi State,USA,2012,1,27,47,3.7,3.1,0.2,-7.5,0.152,0.151,0.14,0.595,0.031,2012-13
7306,Aron Baynes,SAS,26.0,208.28,117.93392,Washington State,Australia,Undrafted,Undrafted,Undrafted,16,2.7,2.0,0.3,-0.1,0.089,0.147,0.1639999999999999,0.521,0.053,2012-13
7310,Austin Rivers,NOH,20.0,193.04,90.7184,Duke,USA,2012,1,10,61,6.2,1.8,2.1,-6.8,0.013,0.078,0.172,0.431,0.142,2012-13
7312,Ben Hansbrough,IND,25.0,190.5,92.079176,Notre Dame,USA,Undrafted,Undrafted,Undrafted,28,2.0,0.6,0.8,-6.7,0.01,0.0819999999999999,0.163,0.501,0.2019999999999999,2012-13
7314,Bernard James,DAL,28.0,208.28,108.86208,Florida State,USA,2012,2,33,46,2.8,2.8,0.1,-0.6,0.118,0.2019999999999999,0.133,0.541,0.02,2012-13
7318,Bradley Beal,WAS,20.0,195.58,93.893544,Florida,USA,2012,1,3,56,13.9,3.8,2.4,-3.1,0.027,0.107,0.22,0.515,0.136,2012-13
7334,DeQuan Jones,ORL,23.0,203.2,100.243832,Miami (FL),USA,Undrafted,Undrafted,Undrafted,63,3.7,1.7,0.3,-10.8,0.023,0.122,0.15,0.485,0.03,2012-13
7344,Diante Garrett,PHX,24.0,193.04,86.18248,Iowa State,USA,Undrafted,Undrafted,Undrafted,19,2.1,0.8,1.6,-18.0,0.033,0.074,0.2,0.375,0.352,2012-13
7345,Dion Waiters,CLE,21.0,193.04,97.52228,Syracuse,USA,2012,1,4,61,14.7,2.4,3.0,-6.3,0.0139999999999999,0.09,0.261,0.492,0.178,2012-13
7367,Damian Lillard,POR,22.0,190.5,88.45044,Weber State,USA,2012,1,6,82,19.0,3.1,6.5,-2.1,0.015,0.079,0.241,0.546,0.28,2012-13
7376,Darius Johnson-Odom,LAL,23.0,187.96,97.52228,Marquette,USA,2012,2,55,4,0.0,1.0,0.3,-43.1,0.1,0.214,0.2689999999999999,0.0,0.3329999999999999,2012-13
7377,Darius Miller,NOH,23.0,203.2,106.59412,Kentucky,USA,2012,2,46,52,2.3,1.5,0.8,-5.1,0.013,0.123,0.092,0.529,0.1,2012-13
7379,Patrick Beverley,HOU,24.0,185.42,83.91452,Arkansas,USA,2009,2,42,41,5.6,2.7,2.9,7.4,0.07,0.104,0.154,0.551,0.262,2012-13
7380,Pablo Prigioni,NYK,36.0,190.5,83.91452,,Argentina,Undrafted,Undrafted,Undrafted,78,3.5,1.8,3.0,8.0,0.038,0.1009999999999999,0.121,0.595,0.2769999999999999,2012-13
7383,Jeremy Lamb,OKC,21.0,195.58,81.64656,Connecticut,USA,2012,1,12,23,3.1,0.8,0.2,-13.7,0.035,0.098,0.252,0.479,0.063,2012-13
7385,Jeffery Taylor,CHA,24.0,200.66,102.0582,Vanderbilt,Sweden,2012,2,31,77,6.1,1.9,0.8,-8.9,0.038,0.075,0.15,0.531,0.072,2012-13
7397,Jarvis Varnado,MIA,25.0,205.74,104.32616,Mississippi State,USA,2010,2,41,13,0.6,0.7,0.2,-16.3,0.043,0.143,0.133,0.457,0.107,2012-13
7399,Jared Sullinger,BOS,21.0,205.74,117.93392,Ohio State,USA,2012,1,21,45,6.0,5.9,0.8,3.7,0.125,0.225,0.149,0.534,0.062,2012-13
7402,Jared Cunningham,DAL,22.0,193.04,88.45044,Oregon State,USA,2012,1,24,8,2.0,0.4,0.1,-12.5,0.045,0.087,0.295,0.5379999999999999,0.111,2012-13
7411,Josh Akognon,DAL,27.0,180.34,83.91452,Cal State-Fullerton,USA,Undrafted,Undrafted,Undrafted,3,1.7,0.3,0.3,-22.5,0.0,0.1669999999999999,0.235,0.625,0.2,2012-13
7416,Jonas Valanciunas,TOR,21.0,210.82,104.779752,,Lithuania,2011,1,5,62,8.9,6.0,0.7,-3.7,0.099,0.201,0.171,0.619,0.051,2012-13
7423,John Henson,MIL,22.0,210.82,99.79024,North Carolina,USA,2012,1,14,63,6.0,4.7,0.5,-2.5,0.14,0.238,0.221,0.497,0.063,2012-13
7426,Joel Freeland,POR,26.0,208.28,102.0582,,Great Britain,2006,1,30,51,2.6,2.3,0.3,-12.3,0.088,0.19,0.165,0.435,0.05,2012-13
7434,John Jenkins,ATL,22.0,193.04,97.52228,Vanderbilt,USA,2012,1,23,61,6.1,1.5,0.9,-7.9,0.021,0.096,0.183,0.5760000000000001,0.105,2012-13
7446,Festus Ezeli,GSW,23.0,210.82,115.66596,Vanderbilt,Nigeria,2012,1,30,78,2.4,4.0,0.3,-0.8,0.146,0.166,0.108,0.467,0.0279999999999999,2012-13
7447,Fab Melo,BOS,23.0,213.36,115.66596,Syracuse,Brazil,2012,1,22,6,1.2,0.5,0.0,-9.1,0.0,0.077,0.115,0.451,0.0,2012-13
7450,Evan Fournier,DEN,20.0,198.12,90.7184,,France,2012,1,20,38,5.3,0.9,1.2,7.7,0.016,0.066,0.204,0.597,0.153,2012-13
7469,Jae Crowder,DAL,22.0,198.12,106.59412,Marquette,USA,2012,2,34,78,5.0,2.4,1.2,0.7,0.0289999999999999,0.128,0.151,0.491,0.103,2012-13
7480,Henry Sims,NOH,23.0,208.28,111.13004,Georgetown,USA,Undrafted,Undrafted,Undrafted,2,2.0,1.0,0.0,12.6,0.5,0.0,0.368,0.667,0.0,2012-13
7483,Harrison Barnes,GSW,21.0,203.2,95.25432,North Carolina,USA,2012,1,7,81,9.2,4.1,1.2,2.0,0.0289999999999999,0.144,0.176,0.526,0.072,2012-13
7494,Meyers Leonard,POR,21.0,215.9,111.13004,Illinois,USA,2012,1,11,69,5.5,3.7,0.5,-8.1,0.08,0.175,0.141,0.596,0.045,2012-13
7496,Maurice Harkless,ORL,20.0,203.2,95.25432,St. John's (NY),USA,2012,1,15,76,8.2,4.4,0.7,-11.9,0.068,0.121,0.159,0.504,0.04,2012-13
7503,Marquis Teague,CHI,20.0,187.96,86.18248,Kentucky,USA,2012,1,29,48,2.1,0.9,1.3,-2.7,0.009,0.126,0.187,0.412,0.275,2012-13
7517,Maalik Wayns,LAC,22.0,185.42,88.45044,Villanova,USA,Undrafted,Undrafted,Undrafted,27,2.8,0.3,1.0,-16.4,0.005,0.036,0.251,0.3939999999999999,0.233,2012-13
7520,Michael Kidd-Gilchrist,CHA,19.0,200.66,105.233344,Kentucky,USA,2012,1,2,78,9.0,5.8,1.5,-8.2,0.072,0.188,0.179,0.506,0.096,2012-13
7522,Orlando Johnson,IND,24.0,195.58,99.79024,California-Santa Barbara,USA,2012,2,36,51,4.0,2.2,0.9,1.6,0.038,0.16,0.168,0.523,0.135,2012-13
7536,Nando De Colo,SAS,26.0,195.58,90.7184,,France,2009,2,53,72,3.8,1.9,1.9,-1.2,0.03,0.136,0.171,0.53,0.233,2012-13
7539,Mirza Teletovic,BKN,27.0,205.74,115.66596,,Bosnia,Undrafted,Undrafted,Undrafted,53,3.5,1.8,0.4,-2.5,0.072,0.147,0.196,0.495,0.08,2012-13
7540,Miles Plumlee,IND,24.0,210.82,115.66596,Duke,USA,2012,1,26,14,0.9,1.6,0.1,-8.4,0.179,0.159,0.188,0.286,0.061,2012-13
7541,Mike Scott,ATL,24.0,203.2,107.501304,Virginia,USA,2012,2,43,40,4.6,2.8,0.3,-6.7,0.1159999999999999,0.208,0.231,0.5329999999999999,0.0579999999999999,2012-13
7547,Luke Zeller,PHX,26.0,210.82,111.13004,Notre Dame,USA,Undrafted,Undrafted,Undrafted,16,1.2,0.6,0.2,-34.4,0.0139999999999999,0.1669999999999999,0.195,0.365,0.103,2012-13
7550,Kim English,DET,24.0,198.12,90.7184,Missouri,USA,2012,2,44,41,2.9,0.9,0.6,-8.1,0.022,0.086,0.158,0.477,0.0969999999999999,2012-13
7551,Khris Middleton,DET,21.0,200.66,97.52228,Texas A&M,USA,2012,2,39,27,6.1,1.9,1.0,2.2,0.01,0.124,0.159,0.532,0.085,2012-13
7554,Kevin Murphy,UTA,23.0,198.12,83.91452,Tennessee Tech,USA,2012,2,47,17,0.9,0.2,0.1,-40.9,0.0,0.103,0.26,0.268,0.083,2012-13
7557,Kevin Jones,CLE,23.0,203.2,117.93392,West Virginia,USA,Undrafted,Undrafted,Undrafted,32,3.0,2.4,0.3,6.0,0.123,0.145,0.158,0.418,0.043,2012-13
7562,Kent Bazemore,GSW,23.0,195.58,91.171992,Old Dominion,USA,Undrafted,Undrafted,Undrafted,61,2.0,0.4,0.4,2.2,0.022,0.068,0.264,0.4539999999999999,0.159,2012-13
7564,Kendall Marshall,PHX,21.0,193.04,88.45044,North Carolina,USA,2012,1,13,48,3.0,0.9,3.0,-13.3,0.006,0.062,0.136,0.455,0.306,2012-13
7569,Justin Holiday,PHI,24.0,198.12,83.91452,Washington,USA,Undrafted,Undrafted,Undrafted,9,4.7,1.6,1.7,7.5,0.0,0.105,0.195,0.408,0.155,2012-13
7595,Kyle Singler,DET,25.0,203.2,104.32616,Duke,USA,2011,2,33,82,8.8,4.0,0.9,-4.5,0.054,0.113,0.158,0.517,0.053,2012-13
7596,Kyle O'Quinn,ORL,23.0,208.28,108.86208,Norfolk State,USA,2012,2,49,57,4.1,3.7,0.9,-5.4,0.113,0.236,0.178,0.535,0.122,2012-13
7601,Kris Joseph,BKN,24.0,200.66,95.25432,Syracuse,USA,2012,2,51,10,0.9,0.7,0.1,-3.3,0.02,0.136,0.166,0.257,0.0279999999999999,2012-13
7610,Andre Drummond,DET,19.0,208.28,122.46984,Connecticut,USA,2012,1,9,60,7.9,7.6,0.5,-1.5,0.153,0.266,0.17,0.578,0.04,2012-13
7616,Alexey Shved,MIN,24.0,198.12,82.553744,,Russia,Undrafted,Undrafted,Undrafted,77,8.6,2.3,3.7,-2.3,0.024,0.084,0.206,0.474,0.248,2012-13
7638,Ian Clark,UTA,23.0,190.5,78.471416,Belmont,USA,Undrafted,Undrafted,Undrafted,23,3.0,0.8,0.7,1.4,0.019,0.1,0.217,0.485,0.147,2013-14
7641,Isaiah Canaan,HOU,23.0,182.88,85.275296,Murray State,USA,2013,2,34,22,4.6,1.1,1.0,-4.8,0.03,0.07,0.206,0.506,0.144,2013-14
7646,Gorgui Dieng,MIN,24.0,210.82,107.954896,Louisville,Senegal,2013,1,21,60,4.8,5.0,0.7,-3.8,0.134,0.261,0.17,0.534,0.076,2013-14
7650,Hollis Thompson,PHI,23.0,203.2,93.439952,Georgetown,USA,Undrafted,Undrafted,Undrafted,77,6.0,3.2,0.9,-11.1,0.044,0.1159999999999999,0.113,0.57,0.061,2013-14
7653,Glen Rice,WAS,23.0,198.12,93.439952,Georgia Tech,USA,2013,2,35,11,2.9,1.8,0.6,-2.6,0.036,0.17,0.19,0.3989999999999999,0.1009999999999999,2013-14
7657,Elias Harris,LAL,24.0,203.2,108.408488,Gonzaga,Germany,Undrafted,Undrafted,Undrafted,2,0.0,0.5,0.5,-14.3,0.083,0.0,0.036,0.0,0.091,2013-14
7664,Erik Murphy,CHI,23.0,208.28,104.32616,Florida,USA,2013,2,49,24,0.3,0.3,0.1,-40.0,0.0289999999999999,0.111,0.114,0.231,0.065,2013-14
7669,Gal Mekel,DAL,26.0,190.5,86.636072,Wichita State,Israel,Undrafted,Undrafted,Undrafted,31,2.4,0.9,2.0,-1.9,0.019,0.094,0.182,0.4,0.299,2013-14
7672,Jamaal Franklin,MEM,22.0,195.58,86.636072,San Diego State,USA,2013,2,41,21,1.9,1.1,0.3,4.8,0.0289999999999999,0.138,0.142,0.489,0.053,2013-14
7676,Giannis Antetokounmpo,MIL,19.0,205.74,92.98636,,Greece,2013,1,15,77,6.8,4.4,1.9,-4.4,0.047,0.16,0.15,0.518,0.12,2013-14
7677,Gigi Datome,DET,26.0,203.2,97.52228,,Italy,Undrafted,Undrafted,Undrafted,34,2.4,1.4,0.3,8.6,0.0579999999999999,0.1689999999999999,0.205,0.409,0.071,2013-14
7703,Jorge Gutierrez,BKN,25.0,190.5,88.45044,California-Berkeley,Mexico,Undrafted,Undrafted,Undrafted,15,4.1,1.5,2.0,-7.8,0.0139999999999999,0.095,0.141,0.523,0.204,2013-14
7716,James Nunnally,PHI,23.0,200.66,92.98636,California-Santa Barbara,USA,Undrafted,Undrafted,Undrafted,13,3.4,1.5,0.6,-11.4,0.006,0.118,0.156,0.44,0.0819999999999999,2013-14
7717,James Southerland,NOP,24.0,203.2,97.52228,Syracuse,USA,Undrafted,Undrafted,Undrafted,4,3.5,2.0,0.0,8.4,0.0,0.276,0.238,0.441,0.0,2013-14
7734,Jeff Withey,NOP,24.0,213.36,106.59412,Kansas,USA,2013,2,39,58,3.3,2.6,0.4,2.1,0.085,0.1669999999999999,0.121,0.59,0.057,2013-14
7743,Brandon Davies,PHI,22.0,208.28,108.86208,Brigham Young,USA,Undrafted,Undrafted,Undrafted,51,2.8,2.1,0.5,-5.2,0.075,0.145,0.14,0.476,0.074,2013-14
7751,CJ McCollum,POR,22.0,193.04,90.7184,Lehigh,USA,2013,1,10,38,5.3,1.3,0.7,-4.0,0.016,0.094,0.205,0.521,0.089,2013-14
7757,Carrick Felix,CLE,23.0,198.12,91.171992,Arizona State,USA,2013,2,33,7,2.7,0.9,0.6,4.7,0.037,0.135,0.221,0.603,0.143,2013-14
7759,Casper Ware,PHI,24.0,177.8,79.3786,Long Beach State,USA,Undrafted,Undrafted,Undrafted,9,5.3,1.0,1.1,1.0,0.0,0.095,0.196,0.5379999999999999,0.135,2013-14
7767,Chris Babb,BOS,24.0,195.58,102.0582,Iowa State,USA,Undrafted,Undrafted,Undrafted,14,1.6,1.2,0.2,-2.4,0.031,0.119,0.113,0.367,0.034,2013-14
7771,Andre Roberson,OKC,22.0,200.66,95.25432,Colorado,USA,2013,1,26,40,1.9,2.4,0.4,6.7,0.1119999999999999,0.155,0.103,0.518,0.051,2013-14
7779,Anthony Bennett,CLE,21.0,203.2,117.480328,Nevada-Las Vegas,Canada,2013,1,1,52,4.2,3.0,0.3,-6.1,0.077,0.186,0.198,0.425,0.043,2013-14
7783,Archie Goodwin,PHX,19.0,195.58,89.811216,Kentucky,USA,2013,1,29,52,3.7,1.7,0.4,-7.6,0.051,0.121,0.192,0.507,0.061,2013-14
7784,Arinze Onuaku,CLE,26.0,205.74,124.7378,Syracuse,USA,Undrafted,Undrafted,Undrafted,5,0.6,1.6,0.6,-16.2,0.095,0.286,0.102,0.255,0.13,2013-14
7792,Ben McLemore,SAC,21.0,195.58,88.45044,Kansas,USA,2013,1,7,82,8.8,2.9,1.0,-5.7,0.027,0.0969999999999999,0.168,0.485,0.0579999999999999,2013-14
7804,Dennis Schroder,ATL,20.0,185.42,76.203456,,Germany,2013,1,17,49,3.7,1.2,1.9,-16.2,0.009,0.105,0.196,0.442,0.247,2013-14
7811,Dewayne Dedmon,ORL,24.0,213.36,115.66596,Southern California,USA,Undrafted,Undrafted,Undrafted,31,3.1,4.1,0.2,-10.2,0.114,0.288,0.132,0.5,0.021,2013-14
7815,Dionte Christmas,PHX,27.0,195.58,92.98636,Temple,USA,Undrafted,Undrafted,Undrafted,31,2.3,1.2,0.3,-4.9,0.066,0.15,0.17,0.489,0.067,2013-14
7823,Dwight Buycks,TOR,25.0,190.5,86.18248,Marquette,USA,Undrafted,Undrafted,Undrafted,14,3.1,1.6,0.7,-1.7,0.031,0.153,0.187,0.414,0.115,2013-14
7832,Chris Smith,NYK,26.0,187.96,90.7184,Louisville,USA,Undrafted,Undrafted,Undrafted,2,0.0,0.0,0.0,-98.5,0.0,0.0,0.0,0.0,0.0,2013-14
7835,Cody Zeller,CHA,21.0,213.36,108.86208,Indiana,USA,2013,1,4,82,6.0,4.3,1.1,-2.2,0.093,0.185,0.182,0.498,0.106,2013-14
7841,DJ Stephens,MIL,23.0,195.58,85.275296,Memphis,USA,Undrafted,Undrafted,Undrafted,3,2.3,1.7,0.0,-7.1,0.063,0.364,0.217,0.47,0.0,2013-14
7857,Royce White,SAC,23.0,203.2,117.93392,Iowa State,USA,2012,1,16,3,0.0,0.0,0.0,-37.5,0.0,0.0,0.061,0.0,0.0,2013-14
7859,Rudy Gobert,UTA,22.0,215.9,111.13004,,France,2013,1,27,45,2.3,3.4,0.2,-3.4,0.13,0.262,0.1369999999999999,0.507,0.026,2013-14
7864,Ryan Kelly,LAL,23.0,210.82,104.32616,Duke,USA,2013,2,48,59,8.0,3.7,1.6,-3.3,0.035,0.145,0.159,0.5479999999999999,0.104,2013-14
7867,Scotty Hopson,CLE,24.0,200.66,92.532768,Tennessee,USA,Undrafted,Undrafted,Undrafted,2,0.5,0.0,0.5,-13.1,0.0,0.0,0.307,0.102,0.2,2013-14
7869,Sergey Karasev,CLE,20.0,200.66,88.904032,,Russia,2013,1,19,22,1.7,0.7,0.3,-15.6,0.0,0.121,0.144,0.47,0.059,2013-14
7870,Seth Curry,CLE,23.0,187.96,83.91452,Duke,USA,Undrafted,Undrafted,Undrafted,2,1.5,0.5,0.0,-4.9,0.0,0.077,0.1009999999999999,0.5,0.0,2013-14
7871,Shabazz Muhammad,MIN,21.0,198.12,100.697424,UCLA,USA,2013,1,14,37,3.9,1.4,0.2,-14.0,0.088,0.104,0.2319999999999999,0.505,0.038,2013-14
7873,Shane Edwards,CLE,27.0,200.66,99.79024,Arkansas-Little Rock,USA,Undrafted,Undrafted,Undrafted,2,1.0,1.0,0.0,-25.6,0.083,0.111,0.161,0.3329999999999999,0.0,2013-14
7874,Shane Larkin,DAL,21.0,180.34,79.83219199999998,Miami (FL),USA,2013,1,18,48,2.8,0.9,1.5,5.2,0.025,0.078,0.173,0.446,0.208,2013-14
7881,Solomon Hill,IND,23.0,200.66,102.0582,Arizona,USA,2013,1,23,28,1.7,1.5,0.4,2.1,0.045,0.153,0.114,0.545,0.078,2013-14
7895,Ray McCallum,SAC,23.0,190.5,86.18248,Detroit Mercy,USA,2013,2,36,45,6.2,1.8,2.7,-6.0,0.022,0.079,0.179,0.439,0.216,2013-14
7897,Reggie Bullock,LAC,23.0,200.66,92.98636,North Carolina,USA,2013,1,25,43,2.7,1.3,0.3,-0.8,0.03,0.113,0.154,0.46,0.049,2013-14
7902,Ricky Ledo,DAL,21.0,200.66,88.45044,Providence,USA,2013,2,43,11,1.7,0.2,0.2,13.8,0.0,0.061,0.293,0.506,0.1,2013-14
7904,Robbie Hummel,MIN,25.0,203.2,99.79024,Purdue,USA,2012,2,58,53,3.4,2.5,0.4,1.1,0.057,0.1669999999999999,0.126,0.492,0.052,2013-14
7905,Robert Covington,HOU,23.0,205.74,97.52228,Tennessee State,USA,Undrafted,Undrafted,Undrafted,7,2.3,0.7,0.0,27.1,0.065,0.083,0.203,0.5710000000000001,0.0,2013-14
7912,Phil Pressey,BOS,23.0,180.34,79.3786,Missouri,USA,Undrafted,Undrafted,Undrafted,75,2.8,1.4,3.2,-0.9,0.021,0.088,0.143,0.39,0.305,2013-14
7916,Troy Daniels,HOU,22.0,193.04,92.532768,Virginia Commonwealth,USA,Undrafted,Undrafted,Undrafted,5,8.4,0.8,1.0,22.0,0.0,0.07,0.206,0.677,0.114,2013-14
7924,Vander Blue,BOS,21.0,193.04,90.7184,Marquette,USA,Undrafted,Undrafted,Undrafted,3,1.7,1.0,0.3,10.4,0.0,0.176,0.253,0.4029999999999999,0.091,2013-14
7927,Victor Oladipo,ORL,22.0,193.04,97.52228,Indiana,USA,2013,1,2,80,13.8,4.1,4.1,-4.9,0.02,0.129,0.243,0.514,0.225,2013-14
7929,Vitor Faverani,BOS,26.0,210.82,117.93392,,Brazil,Undrafted,Undrafted,Undrafted,37,4.4,3.5,0.4,-9.4,0.0969999999999999,0.195,0.191,0.502,0.059,2013-14
7940,Trey Burke,UTA,21.0,185.42,86.18248,Michigan,USA,2013,1,9,70,12.8,3.0,5.7,-6.4,0.018,0.09,0.2189999999999999,0.473,0.28,2013-14
7947,Steven Adams,OKC,20.0,213.36,115.66596,Pittsburgh,New Zealand,2013,1,12,81,3.3,4.1,0.5,3.8,0.142,0.178,0.1159999999999999,0.541,0.05,2013-14
7957,Tim Hardaway Jr.,NYK,22.0,198.12,92.98636,Michigan,USA,2013,1,24,81,10.2,1.5,0.8,-5.9,0.012,0.066,0.192,0.5539999999999999,0.059,2013-14
7962,Tony Mitchell,MIL,24.0,198.12,97.975872,Alabama,USA,Undrafted,Undrafted,Undrafted,3,2.0,0.3,0.3,3.1,0.1669999999999999,0.0,0.242,0.6,0.2,2013-14
7965,Tony Snell,CHI,22.0,200.66,90.7184,New Mexico,USA,2013,1,20,77,4.5,1.6,0.9,-4.2,0.018,0.095,0.151,0.489,0.095,2013-14
7968,Toure' Murry,NYK,24.0,195.58,88.45044,Wichita State,USA,Undrafted,Undrafted,Undrafted,51,2.7,0.9,1.0,-1.3,0.04,0.091,0.218,0.479,0.215,2013-14
7971,Peyton Siva,DET,23.0,182.88,83.91452,Louisville,USA,2013,2,56,24,2.3,0.6,1.4,-6.3,0.009,0.065,0.165,0.425,0.258,2013-14
7972,Pero Antic,ATL,31.0,210.82,117.93392,,Macedonia,Undrafted,Undrafted,Undrafted,50,7.0,4.2,1.2,3.8,0.07,0.1889999999999999,0.182,0.545,0.1,2013-14
7979,Lorenzo Brown,PHI,23.0,195.58,88.45044,North Carolina State,USA,2013,2,52,26,2.5,1.1,1.6,-3.1,0.036,0.099,0.1989999999999999,0.349,0.281,2013-14
8002,Justin Hamilton,MIA,24.0,213.36,115.66596,Louisiana State,USA,2012,2,45,8,3.3,0.9,0.0,-13.9,0.071,0.065,0.177,0.586,0.0,2013-14
8005,Kelly Olynyk,BOS,23.0,213.36,107.954896,Gonzaga,Canada,2013,1,13,70,8.7,5.2,1.6,-2.3,0.1119999999999999,0.187,0.205,0.546,0.123,2013-14
8011,Kentavious Caldwell-Pope,DET,21.0,195.58,92.98636,Georgia,USA,2013,1,8,80,5.9,2.0,0.7,-1.4,0.024,0.086,0.138,0.483,0.05,2013-14
8031,Nemanja Nedovic,GSW,23.0,190.5,87.089664,,Serbia,2013,1,30,24,1.1,0.6,0.5,-19.8,0.023,0.09,0.17,0.306,0.16,2013-14
8033,Nick Calathes,MEM,25.0,198.12,96.615096,Florida,USA,2009,2,45,71,4.9,1.9,2.9,1.9,0.025,0.113,0.177,0.506,0.273,2013-14
8041,Ognjen Kuzmic,GSW,24.0,213.36,113.851592,,Bosnia,2012,2,52,21,0.7,1.0,0.1,-27.3,0.105,0.143,0.126,0.42,0.034,2013-14
8046,Otto Porter Jr.,WAS,21.0,203.2,89.811216,Georgetown,USA,2013,1,3,37,2.1,1.5,0.3,-4.8,0.076,0.145,0.152,0.405,0.051,2013-14
8058,Nate Wolters,MIL,23.0,193.04,86.18248,South Dakota State,USA,2013,2,38,58,7.2,2.6,3.2,-1.8,0.0279999999999999,0.102,0.1669999999999999,0.486,0.2269999999999999,2013-14
8061,Mason Plumlee,BKN,24.0,210.82,106.59412,Duke,USA,2013,1,22,70,7.4,4.4,0.9,-1.3,0.094,0.1989999999999999,0.172,0.67,0.0819999999999999,2013-14
8064,Matthew Dellavedova,CLE,23.0,193.04,90.7184,Saint Mary's (CA),Australia,Undrafted,Undrafted,Undrafted,72,4.7,1.7,2.6,3.8,0.025,0.083,0.132,0.534,0.217,2013-14
8070,Michael Carter-Williams,PHI,22.0,198.12,83.91452,Syracuse,USA,2013,1,11,70,16.7,6.2,6.3,-9.1,0.043,0.158,0.256,0.48,0.292,2013-14
8077,Mike Muscala,ATL,22.0,210.82,108.408488,Bucknell,USA,2013,2,44,20,3.8,2.6,0.4,-20.3,0.089,0.206,0.192,0.48,0.0579999999999999,2013-14
8080,Miroslav Raduljica,MIL,26.0,213.36,113.398,,Serbia,Undrafted,Undrafted,Undrafted,48,3.8,2.3,0.5,-6.1,0.129,0.136,0.172,0.603,0.084,2013-14
8097,Adonis Thomas,PHI,21.0,200.66,108.86208,Memphis,USA,Undrafted,Undrafted,Undrafted,6,2.3,0.5,0.5,10.8,0.0,0.091,0.184,0.485,0.115,2013-14
8099,Alex Len,PHX,21.0,215.9,115.66596,Maryland,Ukraine,2013,1,5,42,2.0,2.4,0.1,-5.7,0.118,0.1939999999999999,0.14,0.469,0.017,2013-14
8102,Allen Crabbe,POR,22.0,198.12,95.25432,California,USA,2013,2,31,15,2.2,0.6,0.4,1.9,0.011,0.087,0.163,0.475,0.088,2013-14
8116,Patrick Christopher,MEM,27.0,196.0,94.0,California,USA,Undrafted,Undrafted,Undrafted,4,1.5,1.5,0.0,-22.8,0.077,0.182,0.211,0.25,0.0,2014-15
8122,PJ Hairston,CHA,22.0,198.12,104.32616,North Carolina,USA,2014,1,26,45,5.6,2.0,0.5,-8.0,0.032,0.1169999999999999,0.196,0.446,0.051,2014-15
8129,Noah Vonleh,CHA,19.0,208.28,108.86208,Indiana,USA,2014,1,9,25,3.3,3.4,0.2,-13.2,0.105,0.26,0.17,0.475,0.0289999999999999,2014-15
8132,Nikola Mirotic,CHI,24.0,208.28,99.79024,,Montenegro,2011,1,23,82,10.2,4.9,1.2,6.1,0.044,0.2189999999999999,0.231,0.556,0.102,2014-15
8142,Russ Smith,MEM,24.0,182.88,74.84268,Louisville,USA,2014,2,47,12,2.5,0.5,0.7,10.4,0.015,0.078,0.251,0.488,0.216,2014-15
8149,Rodney Hood,UTA,22.0,203.2,97.52228,Duke,USA,2014,1,23,50,8.7,2.3,1.7,3.3,0.01,0.115,0.196,0.529,0.136,2014-15
8156,Nik Stauskas,SAC,21.0,198.12,92.98636,Michigan,Canada,2014,1,8,73,4.4,1.2,0.9,-7.0,0.011,0.075,0.141,0.492,0.092,2014-15
8167,Nick Johnson,HOU,22.0,190.5,91.625584,Arizona,USA,2014,2,42,28,2.6,1.4,0.4,-7.3,0.053,0.1,0.173,0.43,0.069,2014-15
8168,Markel Brown,BKN,23.0,190.5,86.18248,Oklahoma State,USA,2014,2,44,47,4.6,2.3,0.8,-0.6,0.022,0.135,0.149,0.4589999999999999,0.07,2014-15
8171,Marcus Smart,BOS,21.0,193.04,99.79024,Oklahoma State,USA,2014,1,6,67,7.8,3.3,3.1,2.5,0.037,0.1009999999999999,0.152,0.491,0.161,2014-15
8183,Lucas Nogueira,TOR,22.0,213.36,99.79024,,Brazil,2013,1,16,6,1.0,1.8,0.2,-20.7,0.067,0.45,0.1989999999999999,0.307,0.071,2014-15
8193,Larry Drew II,PHI,25.0,187.96,81.64656,UCLA,USA,Undrafted,Undrafted,Undrafted,12,3.8,1.3,3.8,-18.7,0.005,0.08,0.173,0.3879999999999999,0.381,2014-15
8194,Langston Galloway,NYK,23.0,187.96,90.7184,Saint Joseph's,USA,Undrafted,Undrafted,Undrafted,45,11.8,4.2,3.3,-9.5,0.027,0.123,0.19,0.489,0.175,2014-15
8201,Nerlens Noel,PHI,21.0,210.82,103.418976,Kentucky,USA,2013,1,6,75,9.9,8.1,1.7,-9.1,0.0819999999999999,0.207,0.173,0.493,0.099,2014-15
8206,Sean Kilpatrick,MIN,25.0,193.04,95.25432,Cincinnati,USA,Undrafted,Undrafted,Undrafted,4,5.5,1.5,1.0,7.3,0.02,0.094,0.151,0.506,0.0819999999999999,2014-15
8208,Mitch McGary,OKC,23.0,208.28,115.66596,Michigan,USA,2014,1,21,32,6.3,5.2,0.4,4.0,0.12,0.239,0.186,0.55,0.043,2014-15
8240,Bojan Bogdanovic,BKN,26.0,203.2,97.975872,,Croatia,2011,2,31,78,9.0,2.7,0.9,-4.9,0.031,0.0969999999999999,0.172,0.562,0.057,2014-15
8253,Andre Dawkins,MIA,23.0,195.58,99.336648,Duke,USA,Undrafted,Undrafted,Undrafted,4,0.8,0.5,0.3,-18.3,0.0,0.071,0.153,0.25,0.077,2014-15
8268,Travis Wear,NYK,24.0,208.28,102.0582,UCLA,USA,Undrafted,Undrafted,Undrafted,51,3.9,2.1,0.8,-5.5,0.054,0.133,0.179,0.451,0.104,2014-15
8275,Tyler Ennis,MIL,20.0,190.5,79.3786,Syracuse,Canada,2014,1,18,33,3.7,1.1,2.2,-7.8,0.018,0.081,0.203,0.411,0.278,2014-15
8277,Tyler Johnson,MIA,23.0,190.5,86.18248,Fresno State,USA,Undrafted,Undrafted,Undrafted,32,5.9,2.5,1.3,-5.0,0.027,0.121,0.165,0.506,0.115,2014-15
8284,Andrew Wiggins,MIN,20.0,203.2,90.264808,Kansas,Canada,2014,1,1,82,16.9,4.6,2.1,-10.1,0.05,0.096,0.226,0.517,0.0969999999999999,2014-15
8297,Tarik Black,LAL,23.0,210.82,116.573144,Kansas,USA,Undrafted,Undrafted,Undrafted,63,6.0,5.8,0.7,-2.8,0.131,0.2289999999999999,0.141,0.583,0.059,2014-15
8299,TJ Warren,PHX,21.0,203.2,97.52228,North Carolina State,USA,2014,1,14,40,6.1,2.1,0.6,-7.4,0.068,0.0819999999999999,0.177,0.551,0.069,2014-15
8305,Spencer Dinwiddie,DET,22.0,198.12,90.7184,Colorado,USA,2014,2,38,34,4.3,1.4,3.1,-8.7,0.009,0.1119999999999999,0.215,0.3939999999999999,0.3939999999999999,2014-15
8307,Sim Bhullar,SAC,22.0,226.06,163.29312,New Mexico State,Canada,Undrafted,Undrafted,Undrafted,3,0.7,0.3,0.3,34.7,0.0,0.3329999999999999,0.45,0.5,0.5,2014-15
8309,Shayne Whittington,IND,24.0,210.82,113.398,Western Michigan,USA,Undrafted,Undrafted,Undrafted,20,2.9,1.5,0.3,2.9,0.103,0.198,0.247,0.547,0.094,2014-15
8316,Shabazz Napier,MIA,23.0,185.42,79.3786,Connecticut,USA,2014,1,24,51,5.1,2.2,2.5,-1.4,0.021,0.1159999999999999,0.157,0.517,0.216,2014-15
8322,Tim Frazier,POR,24.0,185.42,77.11064,,USA,Undrafted,Undrafted,Undrafted,11,5.2,2.5,5.5,-3.4,0.026,0.1009999999999999,0.173,0.406,0.361,2014-15
8324,Alex Kirk,CLE,23.0,213.36,111.13004,New Mexico,USA,Undrafted,Undrafted,Undrafted,5,0.8,0.2,0.2,-61.8,0.091,0.0,0.17,0.41,0.125,2014-15
8330,Adreian Payne,MIN,24.0,208.28,111.13004,Michigan State,USA,2014,1,15,32,6.7,5.1,0.9,-16.9,0.073,0.186,0.176,0.4429999999999999,0.067,2014-15
8331,Aaron Gordon,ORL,19.0,205.74,99.79024,Arizona,USA,2014,1,4,47,5.2,3.6,0.7,-5.6,0.064,0.171,0.156,0.517,0.064,2014-15
8342,Will Cherry,TOR,24.0,183.0,83.0,Montana,USA,Undrafted,Undrafted,Undrafted,8,1.9,0.6,1.0,-3.7,0.017,0.066,0.168,0.347,0.174,2014-15
8346,Zach LaVine,MIN,20.0,195.58,83.007336,UCLA,USA,2014,1,13,77,10.1,2.8,3.6,-14.5,0.016,0.1159999999999999,0.2239999999999999,0.515,0.25,2014-15
8349,Zoran Dragic,MIA,26.0,195.58,90.7184,,Slovenia,Undrafted,Undrafted,Undrafted,16,1.8,0.5,0.3,-15.3,0.072,0.045,0.217,0.435,0.1159999999999999,2014-15
8360,Dwight Powell,DAL,23.0,210.82,108.86208,Stanford,Canada,2014,2,45,29,3.1,1.7,0.3,-4.4,0.08,0.161,0.1669999999999999,0.552,0.0579999999999999,2014-15
8363,Drew Gordon,PHI,24.0,205.74,111.13004,New Mexico,USA,Undrafted,Undrafted,Undrafted,9,1.9,2.0,0.2,-22.9,0.0969999999999999,0.2,0.159,0.428,0.044,2014-15
8366,Elfrid Payton,ORL,21.0,193.04,83.91452,Louisiana-Lafayette,USA,2014,1,10,82,8.9,4.3,6.5,-3.4,0.047,0.111,0.182,0.456,0.314,2014-15
8367,Doug McDermott,CHI,23.0,203.2,102.0582,Creighton,USA,2014,1,11,36,3.0,1.2,0.2,-12.2,0.021,0.13,0.188,0.48,0.033,2014-15
8373,Devyn Marble,ORL,22.0,198.12,90.7184,Iowa,USA,2014,2,56,16,2.3,1.9,1.1,-1.8,0.024,0.142,0.124,0.362,0.102,2014-15
8381,Elijah Millsap,UTA,27.0,198.12,97.52228,Alabama-Birmingham,USA,Undrafted,Undrafted,Undrafted,47,5.3,3.2,1.2,5.6,0.035,0.145,0.17,0.45,0.1009999999999999,2014-15
8387,Glenn Robinson III,PHI,21.0,200.66,100.697424,Michigan,USA,2014,2,40,35,2.1,1.1,0.3,3.1,0.063,0.106,0.146,0.471,0.064,2014-15
8397,Gary Harris,DEN,20.0,193.04,95.25432,Michigan State,USA,2014,1,19,55,3.4,1.2,0.5,-12.8,0.0289999999999999,0.068,0.162,0.395,0.061,2014-15
8400,Furkan Aldemir,PHI,23.0,208.28,108.86208,,Turkey,2012,2,53,41,2.3,4.3,0.7,-10.4,0.143,0.21,0.084,0.517,0.079,2014-15
8406,Erick Green,DEN,24.0,193.04,83.91452,Virginia Tech,USA,2013,2,46,43,3.4,0.7,0.9,-11.0,0.017,0.068,0.186,0.436,0.165,2014-15
8407,Eric Moreland,SAC,23.0,208.28,98.883056,Oregon State,USA,Undrafted,Undrafted,Undrafted,3,0.7,0.3,0.0,36.1,0.0,0.5,0.25,1.0,0.0,2014-15
8427,Cameron Bairstow,CHI,24.0,205.74,113.398,New Mexico,Australia,2014,2,49,18,0.6,0.4,0.1,-16.5,0.111,0.0409999999999999,0.14,0.309,0.021,2014-15
8428,CJ Wilcox,LAC,24.0,195.58,88.45044,Washington,USA,2014,1,28,21,2.0,0.3,0.4,-10.9,0.011,0.062,0.223,0.527,0.151,2014-15
8432,Bryce Cotton,UTA,22.0,185.42,74.84268,Providence,USA,Undrafted,Undrafted,Undrafted,15,5.3,1.2,1.0,-0.4,0.021,0.106,0.237,0.52,0.1689999999999999,2014-15
8433,Bruno Caboclo,TOR,19.0,205.74,92.98636,,Brazil,2014,1,20,8,1.3,0.3,0.0,-60.3,0.048,0.05,0.315,0.417,0.0,2014-15
8443,Grant Jerrett,UTA,21.0,208.28,105.233344,Arizona,USA,2013,2,40,8,2.0,1.1,0.4,-22.3,0.034,0.163,0.249,0.303,0.091,2014-15
8448,David Wear,SAC,24.0,208.28,104.32616,UCLA,USA,Undrafted,Undrafted,Undrafted,2,0.0,1.0,0.5,-67.3,0.2,0.0,0.091,0.0,0.143,2014-15
8449,David Stockton,SAC,24.0,180.34,74.84268,Gonzaga,USA,Undrafted,Undrafted,Undrafted,3,2.7,0.7,3.0,32.7,0.0,0.053,0.161,0.4629999999999999,0.3329999999999999,2014-15
8455,Dante Exum,UTA,19.0,198.12,86.18248,,Australia,2014,1,5,82,4.8,1.6,2.4,3.3,0.018,0.065,0.141,0.457,0.1689999999999999,2014-15
8460,Damjan Rudez,IND,29.0,208.28,90.7184,,Croatia,Undrafted,Undrafted,Undrafted,68,4.8,0.7,0.8,-0.7,0.008,0.042,0.1369999999999999,0.591,0.079,2014-15
8466,Cory Jefferson,BKN,24.0,205.74,98.883056,Baylor,USA,2014,2,60,50,3.7,2.9,0.3,6.8,0.1009999999999999,0.2,0.174,0.48,0.047,2014-15
8470,Clint Capela,HOU,21.0,208.28,108.86208,,Switzerland,2014,1,25,12,2.7,3.0,0.2,5.6,0.115,0.241,0.213,0.409,0.037,2014-15
8471,Cleanthony Early,NYK,24.0,203.2,99.79024,Wichita State,USA,2014,2,34,39,5.4,2.5,0.9,-13.0,0.038,0.139,0.195,0.447,0.102,2014-15
8477,Julius Randle,LAL,20.0,205.74,113.398,Kentucky,USA,2014,1,7,1,2.0,0.0,0.0,-74.1,0.0,0.0,0.17,0.258,0.0,2014-15
8486,Jordan Clarkson,LAL,23.0,195.58,83.91452,Missouri,USA,2014,2,46,59,11.9,3.2,3.5,-8.6,0.04,0.109,0.2339999999999999,0.528,0.243,2014-15
8487,Jordan Adams,MEM,20.0,195.58,94.800728,UCLA,USA,2014,1,22,30,3.1,0.9,0.5,1.3,0.039,0.084,0.195,0.489,0.1009999999999999,2014-15
8491,Johnny O'Bryant III,MIL,22.0,205.74,120.20188,Louisiana State,USA,2014,2,36,34,2.9,1.9,0.5,-13.9,0.078,0.122,0.1939999999999999,0.379,0.076,2014-15
8497,Joffrey Lauvergne,DEN,23.0,210.82,99.79024,,France,2013,2,55,24,3.9,3.2,0.5,-20.4,0.096,0.218,0.193,0.4589999999999999,0.09,2014-15
8502,Joe Ingles,UTA,27.0,203.2,97.975872,,Australia,Undrafted,Undrafted,Undrafted,79,5.0,2.2,2.3,-1.9,0.015,0.106,0.129,0.5329999999999999,0.171,2014-15
8503,Joe Harris,CLE,23.0,198.12,102.0582,Virginia,USA,2014,2,33,51,2.7,0.8,0.5,-12.1,0.016,0.083,0.142,0.537,0.083,2014-15
8507,KJ McDaniels,HOU,22.0,198.12,92.98636,Clemson,USA,2014,2,32,62,7.9,3.2,1.2,-8.6,0.049,0.113,0.192,0.494,0.095,2014-15
8513,Kyle Anderson,SAS,21.0,205.74,104.32616,UCLA,USA,2014,1,30,33,2.2,2.2,0.8,-4.8,0.017,0.21,0.135,0.389,0.1159999999999999,2014-15
8514,Kostas Papanikolaou,HOU,24.0,203.2,106.59412,,Greece,2012,2,48,43,4.2,2.7,2.0,-2.6,0.0559999999999999,0.114,0.144,0.444,0.166,2014-15
8534,Kalin Lucas,MEM,26.0,185.42,84.368112,Michigan State,USA,Undrafted,Undrafted,Undrafted,1,0.0,0.0,0.0,-39.6,0.0,0.0,0.063,0.0,0.0,2014-15
8535,Jusuf Nurkic,DEN,20.0,210.82,127.00576,,Bosnia & Herzegovina,2014,1,16,62,6.9,6.2,0.8,-1.5,0.1159999999999999,0.249,0.205,0.483,0.072,2014-15
8543,Jack Cooley,UTA,24.0,205.74,111.583632,Notre Dame,USA,Undrafted,Undrafted,Undrafted,16,1.7,1.6,0.1,-2.2,0.115,0.205,0.165,0.432,0.019,2014-15
8544,Jabari Parker,MIL,20.0,203.2,108.86208,Duke,USA,2014,1,2,25,12.3,5.5,1.7,-5.2,0.078,0.142,0.204,0.527,0.095,2014-15
8545,Jabari Brown,LAL,22.0,195.58,97.068688,Missouri,USA,Undrafted,Undrafted,Undrafted,19,11.9,1.9,2.1,-13.4,0.006,0.071,0.186,0.547,0.113,2014-15
8547,JaMychal Green,MEM,25.0,203.2,104.32616,Alabama,USA,Undrafted,Undrafted,Undrafted,24,2.6,1.9,0.2,-7.8,0.123,0.191,0.171,0.603,0.04,2014-15
8548,JaKarr Sampson,PHI,22.0,205.74,97.068688,St. John's (NY),USA,Undrafted,Undrafted,Undrafted,74,5.2,2.2,1.0,-11.0,0.032,0.13,0.178,0.498,0.121,2014-15
8566,James Ennis III,MIA,24.0,200.66,94.347136,Long Beach State,USA,2013,2,50,62,5.0,2.8,0.8,-0.1,0.0579999999999999,0.14,0.146,0.541,0.074,2014-15
8571,Jerrelle Benimon,DEN,23.0,203.0,111.0,,USA,Undrafted,Undrafted,Undrafted,2,0.0,1.5,0.0,120.0,1.0,0.4,0.1669999999999999,0.0,0.0,2014-15
8576,Jerel McNeal,PHX,28.0,190.5,90.7184,Marquette,USA,Undrafted,Undrafted,Undrafted,6,1.5,0.5,0.3,-7.1,0.0,0.107,0.217,0.379,0.118,2014-15
8577,Jerami Grant,PHI,21.0,203.2,95.25432,Syracuse,USA,2014,2,39,65,6.3,3.0,1.2,-6.0,0.037,0.12,0.1639999999999999,0.47,0.095,2014-15
8590,Jarnell Stokes,MEM,21.0,205.74,119.294696,Tennessee,USA,2014,2,35,19,3.0,1.8,0.2,5.1,0.133,0.154,0.193,0.578,0.053,2014-15
8595,James Young,BOS,19.0,198.12,97.52228,Kentucky,USA,2014,1,17,31,3.4,1.4,0.4,-2.9,0.027,0.11,0.153,0.457,0.059,2014-15
8596,James Michael McAdoo,GSW,22.0,205.74,104.32616,North Carolina,USA,Undrafted,Undrafted,Undrafted,15,4.1,2.5,0.1,10.2,0.115,0.173,0.196,0.564,0.02,2014-15
8626,Frank Kaminsky,CHA,23.0,213.36,108.86208,Wisconsin,USA,2015,1,9,81,7.5,4.1,1.2,-0.4,0.044,0.171,0.17,0.513,0.095,2015-16
8638,Duje Dukan,SAC,24.0,205.74,99.79024,Wisconsin,Croatia,Undrafted,Undrafted,Undrafted,1,6.0,4.0,1.0,-18.1,0.063,0.08,0.16,0.3,0.067,2015-16
8644,Edy Tavares,ATL,24.0,220.98,117.93392,,Cabo Verde,2014,2,43,11,2.3,1.9,0.3,-3.1,0.132,0.222,0.168,0.555,0.055,2015-16
8649,Emmanuel Mudiay,DEN,20.0,195.58,90.7184,,Democratic Republic of the Congo,2015,1,7,68,12.8,3.4,5.5,-3.7,0.017,0.107,0.253,0.437,0.281,2015-16
8657,JJ O'Brien,UTA,24.0,200.66,99.79024,San Diego State,USA,Undrafted,Undrafted,Undrafted,2,0.0,0.5,0.0,-48.1,0.0,0.25,0.077,0.0,0.0,2015-16
8663,Jerian Grant,NYK,23.0,193.04,88.45044,Notre Dame,USA,2015,1,19,76,5.6,1.9,2.3,-6.4,0.02,0.105,0.1889999999999999,0.479,0.236,2015-16
8673,Joe Young,IND,24.0,187.96,81.64656,Oregon,USA,2015,2,43,41,3.8,1.2,1.6,-5.1,0.017,0.123,0.24,0.428,0.261,2015-16
8682,Jonathon Simmons,SAS,26.0,198.12,88.45044,Houston,USA,Undrafted,Undrafted,Undrafted,55,6.0,1.7,1.1,7.2,0.025,0.109,0.19,0.586,0.108,2015-16
8695,Jahlil Okafor,PHI,20.0,210.82,124.7378,Duke,USA,2015,1,3,53,17.5,7.0,1.2,-16.6,0.084,0.178,0.278,0.536,0.088,2015-16
8708,Jarell Eddie,WAS,24.0,200.66,98.883056,Virginia Tech,USA,Undrafted,Undrafted,Undrafted,26,2.4,0.9,0.2,-10.9,0.013,0.15,0.201,0.46,0.0579999999999999,2015-16
8709,Jarell Martin,MEM,22.0,208.28,108.408488,Louisiana State,USA,2015,1,25,27,5.7,3.2,0.6,-5.8,0.1,0.15,0.182,0.534,0.065,2015-16
8727,Axel Toupane,DEN,23.0,200.66,95.25432,,France,Undrafted,Undrafted,Undrafted,21,3.6,1.5,0.7,-2.1,0.032,0.087,0.125,0.49,0.068,2015-16
8732,Boban Marjanovic,SAS,27.0,220.98,131.54168,,Serbia,Undrafted,Undrafted,Undrafted,54,5.5,3.6,0.4,6.6,0.166,0.275,0.2289999999999999,0.662,0.072,2015-16
8733,Bobby Portis,CHI,21.0,210.82,104.32616,Arkansas,USA,2015,1,22,62,7.0,5.4,0.8,-7.9,0.114,0.21,0.207,0.469,0.076,2015-16
8738,Branden Dawson,LAC,23.0,198.12,102.0582,Michigan State,USA,2015,2,56,6,0.8,0.7,0.0,-24.6,0.111,0.067,0.092,0.46,0.0,2015-16
8744,Briante Weber,MIA,23.0,187.96,74.84268,Virginia Commonwealth,USA,Undrafted,Undrafted,Undrafted,7,4.4,3.6,3.0,-22.5,0.04,0.127,0.118,0.38,0.175,2015-16
8746,Anthony Brown,LAL,23.0,200.66,95.25432,Stanford,USA,2015,2,34,29,4.0,2.4,0.7,-4.3,0.015,0.1159999999999999,0.11,0.427,0.048,2015-16
8751,Aaron Harrison,CHA,21.0,198.12,95.25432,Kentucky,USA,Undrafted,Undrafted,Undrafted,21,0.9,0.7,0.1,2.2,0.047,0.133,0.138,0.371,0.033,2015-16
8757,Alan Williams,PHX,23.0,203.2,117.93392,California-Santa Barbara,USA,Undrafted,Undrafted,Undrafted,10,2.9,3.8,0.5,-0.2,0.184,0.387,0.201,0.481,0.096,2015-16
8760,Alex Stepheson,MEM,28.0,208.28,122.46984,USC,USA,Undrafted,Undrafted,Undrafted,8,2.8,3.5,0.3,-3.8,0.2019999999999999,0.122,0.17,0.341,0.053,2015-16
8778,Bryce Dejean-Jones,NOP,23.0,198.12,92.079176,Iowa State,USA,Undrafted,Undrafted,Undrafted,14,5.6,3.4,1.1,-7.0,0.0279999999999999,0.175,0.141,0.505,0.076,2015-16
8779,Coty Clarke,BOS,23.0,200.66,102.0582,,USA,Undrafted,Undrafted,Undrafted,3,2.0,0.3,0.0,24.4,0.0,0.3329999999999999,0.363,0.75,0.0,2015-16
8781,Cristiano Felicio,CHI,23.0,208.28,124.7378,,Brazil,Undrafted,Undrafted,Undrafted,31,3.4,3.3,0.8,5.6,0.109,0.252,0.136,0.601,0.115,2015-16
8782,D'Angelo Russell,LAL,20.0,195.58,88.45044,Ohio State,USA,2015,1,2,80,13.2,3.4,3.3,-13.0,0.021,0.113,0.241,0.507,0.213,2015-16
8786,Damien Inglis,MIL,21.0,203.2,111.583632,,France,2014,2,31,20,1.8,1.6,0.5,-10.0,0.016,0.195,0.158,0.444,0.1119999999999999,2015-16
8793,Darrun Hilliard,DET,23.0,198.12,92.98636,Villanova,USA,2015,2,38,38,4.0,1.2,0.7,-0.1,0.0139999999999999,0.115,0.198,0.511,0.1169999999999999,2015-16
8801,Delon Wright,TOR,24.0,195.58,86.18248,Utah,USA,2015,1,20,27,3.8,1.4,1.1,5.2,0.04,0.136,0.226,0.54,0.226,2015-16
8806,Devin Booker,PHX,19.0,198.12,93.439952,Kentucky,USA,2015,1,13,76,13.8,2.5,2.6,-9.6,0.0139999999999999,0.083,0.231,0.535,0.162,2015-16
8814,Cameron Payne,OKC,21.0,190.5,83.91452,Murray State,USA,2015,1,14,57,5.0,1.5,1.9,-2.8,0.0139999999999999,0.121,0.206,0.49,0.241,2015-16
8827,Chris McCullough,BKN,21.0,210.82,90.7184,Syracuse,USA,2015,1,29,24,4.7,2.8,0.4,-16.1,0.074,0.145,0.16,0.47,0.038,2015-16
8829,Christian Wood,PHI,20.0,210.82,99.79024,Nevada-Las Vegas,USA,Undrafted,Undrafted,Undrafted,17,3.6,2.2,0.2,-13.5,0.0819999999999999,0.192,0.187,0.49,0.035,2015-16
8832,Cliff Alexander,POR,20.0,203.2,108.86208,Kansas,USA,Undrafted,Undrafted,Undrafted,8,1.3,0.8,0.0,-15.1,0.087,0.118,0.151,0.5,0.0,2015-16
8838,Jordan Mickey,BOS,21.0,203.2,106.59412,Louisiana State,USA,2015,2,33,16,1.3,0.8,0.1,9.3,0.102,0.143,0.208,0.3979999999999999,0.03,2015-16
8842,Rondae Hollis-Jefferson,BKN,21.0,200.66,99.79024,Arizona,USA,2015,1,23,29,5.8,5.3,1.5,-2.9,0.067,0.1989999999999999,0.132,0.519,0.1,2015-16
8852,Salah Mejri,DAL,30.0,218.44,111.13004,,Tunisia,Undrafted,Undrafted,Undrafted,34,3.7,3.6,0.3,6.3,0.114,0.211,0.141,0.636,0.038,2015-16
8853,Sam Dekker,HOU,22.0,205.74,104.32616,Wisconsin,USA,2015,1,18,3,0.0,0.3,0.0,2.8,0.0,0.2,0.0,0.0,0.0,2015-16
8854,Sasha Kaun,CLE,31.0,210.82,117.93392,Kansas,Russia,2008,2,56,25,0.9,1.0,0.1,-3.2,0.143,0.154,0.134,0.527,0.052,2015-16
8867,Richaun Holmes,PHI,22.0,208.28,111.13004,Bowling Green,USA,2015,2,37,51,5.6,2.6,0.6,-2.5,0.099,0.121,0.175,0.564,0.073,2015-16
8871,Pat Connaughton,POR,23.0,195.58,93.439952,Notre Dame,USA,2015,2,41,34,1.1,0.9,0.3,-6.7,0.08,0.144,0.188,0.352,0.115,2015-16
8883,Rakeem Christmas,IND,24.0,205.74,113.398,Syracuse,USA,2015,2,36,1,4.0,1.0,0.0,-85.4,0.25,0.0,0.154,1.0,0.0,2015-16
8886,Rashad Vaughn,MIL,19.0,198.12,91.625584,UNLV,USA,2015,1,17,70,3.1,1.3,0.6,-6.8,0.012,0.086,0.133,0.3979999999999999,0.055,2015-16
8888,Raul Neto,UTA,24.0,185.42,81.19296800000001,,Brazil,2013,2,47,81,5.9,1.5,2.1,3.6,0.0139999999999999,0.08,0.176,0.53,0.19,2015-16
8894,RJ Hunter,BOS,22.0,195.58,83.91452,Georgia State,USA,2015,1,28,36,2.7,1.0,0.4,-3.5,0.006,0.131,0.155,0.48,0.068,2015-16
8901,Trey Lyles,UTA,20.0,208.28,106.140528,Kentucky,USA,2015,1,12,80,6.1,3.7,0.7,-0.9,0.048,0.203,0.183,0.517,0.072,2015-16
8919,Willie Cauley-Stein,SAC,22.0,213.36,108.86208,Kentucky,USA,2015,1,6,66,7.0,5.3,0.6,-2.7,0.105,0.166,0.133,0.588,0.038,2015-16
8920,Willie Reed,BKN,26.0,208.28,99.79024,Saint Louis,USA,Undrafted,Undrafted,Undrafted,39,4.7,3.1,0.3,-7.9,0.132,0.206,0.18,0.579,0.039,2015-16
8921,Xavier Munford,MEM,24.0,190.5,81.64656,Rhode Island,USA,Undrafted,Undrafted,Undrafted,14,5.7,2.2,1.6,-9.5,0.013,0.144,0.172,0.481,0.136,2015-16
8923,Jordan McRae,CLE,25.0,195.58,81.19296800000001,Tennessee,USA,2014,2,58,22,4.5,0.9,1.1,10.6,0.024,0.0819999999999999,0.253,0.5479999999999999,0.216,2015-16
8924,Tyus Jones,MIN,20.0,187.96,88.45044,Duke,USA,2015,1,24,37,4.2,1.3,2.9,-10.0,0.0139999999999999,0.083,0.159,0.45,0.278,2015-16
8929,Stanley Johnson,DET,20.0,200.66,111.13004,Arizona,USA,2015,1,8,73,8.1,4.2,1.6,-3.8,0.036,0.1639999999999999,0.196,0.46,0.113,2015-16
8934,T.J. McConnell,PHI,24.0,187.96,90.7184,Arizona,USA,Undrafted,Undrafted,Undrafted,81,6.1,3.1,4.5,-7.9,0.0289999999999999,0.154,0.171,0.511,0.36,2015-16
8944,Thanasis Antetokounmpo,NYK,23.0,200.66,92.98636,,Greece,2014,2,51,2,3.0,0.5,0.0,-26.1,0.0,0.125,0.288,0.75,0.0,2015-16
8947,Tibor Pleiss,UTA,26.0,220.98,116.119552,,Germany,2010,2,31,12,2.0,1.3,0.2,-6.0,0.095,0.134,0.1989999999999999,0.4639999999999999,0.043,2015-16
8954,Terry Rozier,BOS,22.0,187.96,86.18248,Louisville,USA,2015,1,16,39,1.8,1.6,0.9,-6.6,0.071,0.134,0.176,0.326,0.1989999999999999,2015-16
8965,Kristaps Porzingis,NYK,20.0,220.98,108.86208,,Latvia,2015,1,4,72,14.3,7.3,1.3,-0.2,0.071,0.206,0.245,0.518,0.076,2015-16
8973,Lamar Patterson,ATL,24.0,195.58,102.0582,Pittsburgh,USA,2014,2,48,35,2.4,1.4,1.1,3.1,0.012,0.141,0.126,0.4679999999999999,0.134,2015-16
8977,Larry Nance Jr.,LAL,23.0,205.74,104.32616,Wyoming,USA,2015,1,27,63,5.5,5.0,0.7,-5.2,0.086,0.184,0.126,0.544,0.055,2015-16
8991,Josh Huestis,OKC,24.0,200.66,104.32616,Stanford,USA,2014,1,29,5,2.8,2.0,0.0,-3.4,0.045,0.157,0.132,0.509,0.0,2015-16
8993,Josh Richardson,MIA,22.0,198.12,90.7184,Tennessee,USA,2015,2,40,52,6.6,2.1,1.4,3.1,0.023,0.085,0.1369999999999999,0.569,0.098,2015-16
8997,Justin Anderson,DAL,22.0,198.12,103.418976,Virginia,USA,2015,1,21,55,3.8,2.4,0.5,2.2,0.0289999999999999,0.188,0.155,0.522,0.071,2015-16
9000,Justise Winslow,MIA,20.0,200.66,102.0582,Duke,USA,2015,1,10,78,6.4,5.2,1.5,3.9,0.042,0.158,0.124,0.489,0.077,2015-16
9003,Karl-Anthony Towns,MIN,20.0,213.36,110.676448,Kentucky,USA,2015,1,1,82,18.3,10.5,2.0,-2.1,0.102,0.271,0.247,0.59,0.108,2015-16
9005,Keith Appling,ORL,24.0,185.42,83.91452,Michigan State,USA,Undrafted,Undrafted,Undrafted,5,1.2,0.2,0.2,20.3,0.0,0.042,0.201,0.3379999999999999,0.059,2015-16
9007,Kelly Oubre Jr.,WAS,20.0,200.66,92.98636,Kansas,USA,2015,1,15,63,3.7,2.1,0.2,-1.9,0.039,0.177,0.173,0.507,0.0289999999999999,2015-16
9017,Kevon Looney,GSW,20.0,205.74,99.79024,UCLA,USA,2015,1,30,5,1.8,2.0,0.0,-41.8,0.16,0.375,0.154,0.643,0.0,2015-16
9018,Luis Montero,POR,23.0,200.66,83.91452,Westchester CC NY,Dominican Republic,Undrafted,Undrafted,Undrafted,12,1.2,0.3,0.1,-58.0,0.0,0.118,0.266,0.337,0.067,2015-16
9027,Montrezl Harrell,HOU,22.0,203.2,108.86208,Louisville,USA,2015,2,32,39,3.6,1.7,0.4,5.0,0.076,0.108,0.144,0.635,0.067,2015-16
9028,Myles Turner,IND,20.0,210.82,110.222856,Texas,USA,2015,1,11,60,10.3,5.5,0.7,-1.3,0.054,0.207,0.211,0.531,0.05,2015-16
9032,Nemanja Bjelica,MIN,28.0,208.28,108.86208,,Serbia,2010,2,35,60,5.1,3.5,1.4,-5.2,0.054,0.178,0.127,0.594,0.115,2015-16
9038,Nikola Jokic,DEN,21.0,208.28,113.398,,Serbia,2014,2,41,80,10.0,7.0,2.4,1.2,0.113,0.248,0.198,0.5820000000000001,0.176,2015-16
9043,Norman Powell,TOR,23.0,193.04,97.52228,UCLA,USA,2015,2,46,49,5.6,2.3,1.0,4.9,0.026,0.142,0.179,0.541,0.102,2015-16
9054,Marcelo Huertas,LAL,33.0,190.5,90.7184,,Brazil,Undrafted,Undrafted,Undrafted,53,4.5,1.7,3.4,0.1,0.023,0.093,0.165,0.488,0.327,2015-16
9060,Mario Hezonja,ORL,21.0,203.2,98.883056,,Croatia,2015,1,5,79,6.1,2.2,1.4,-1.4,0.022,0.121,0.1689999999999999,0.541,0.113,2015-16
9078,Maurice Ndour,NYK,25.0,205.74,90.7184,Ohio U.,Senegal,Undrafted,Undrafted,Undrafted,32,3.1,2.0,0.3,-1.4,0.073,0.149,0.145,0.503,0.037,2016-17
9082,Michael Gbinije,DET,25.0,200.66,90.7184,Syracuse,USA,2016,2,49,9,0.4,0.3,0.2,-1.8,0.057,0.037,0.157,0.184,0.087,2016-17
9090,Marshall Plumlee,NYK,24.0,213.36,113.398,Duke,USA,Undrafted,Undrafted,Undrafted,21,1.9,2.4,0.5,-1.9,0.144,0.193,0.125,0.521,0.0819999999999999,2016-17
9092,Marquese Chriss,PHX,19.0,208.28,105.68693600000002,Washington,USA,2016,1,8,82,9.2,4.2,0.7,-10.8,0.0579999999999999,0.1639999999999999,0.196,0.529,0.051,2016-17
9098,Marcus Georges-Hunt,ORL,23.0,198.12,99.79024,Georgia Tech,USA,Undrafted,Undrafted,Undrafted,5,2.8,1.8,0.6,-25.0,0.022,0.163,0.124,0.614,0.13,2016-17
9105,Mike Tobey,CHA,22.0,213.36,117.93392,Virginia,USA,Undrafted,Undrafted,Undrafted,2,1.0,1.5,0.5,-27.3,0.083,0.043,0.105,0.25,0.091,2016-17
9108,Pascal Siakam,TOR,23.0,205.74,104.32616,New Mexico State,Cameroon,2016,1,27,55,4.2,3.4,0.3,0.0,0.083,0.168,0.131,0.523,0.0279999999999999,2016-17
9111,Okaro White,MIA,24.0,203.2,92.532768,Florida State,USA,Undrafted,Undrafted,Undrafted,35,2.8,2.3,0.6,8.6,0.061,0.142,0.109,0.507,0.061,2016-17
9120,Nicolas Brussino,DAL,24.0,203.2,97.52228,,Argentina,Undrafted,Undrafted,Undrafted,54,2.8,1.8,0.9,-10.8,0.053,0.165,0.153,0.498,0.144,2016-17
9130,Mindaugas Kuzminskas,NYK,27.0,205.74,97.52228,,Lithuania,Undrafted,Undrafted,Undrafted,68,6.3,1.9,1.0,-1.2,0.05,0.084,0.188,0.5329999999999999,0.102,2016-17
9132,Nicolas Laprovittola,SAS,27.0,193.04,81.64656,,Argentina,Undrafted,Undrafted,Undrafted,18,3.3,0.6,1.6,-9.7,0.0069999999999999,0.0579999999999999,0.19,0.579,0.301,2016-17
9135,Malik Beasley,DEN,20.0,195.58,88.904032,Florida State,USA,2016,1,19,22,3.8,0.8,0.5,15.0,0.036,0.072,0.222,0.536,0.098,2016-17
9146,Kay Felder,CLE,22.0,175.26,79.83219199999998,,USA,2016,2,54,42,4.0,1.0,1.4,-5.5,0.009,0.103,0.251,0.462,0.261,2016-17
9157,Juancho Hernangomez,DEN,21.0,205.74,104.32616,,Spain,2016,1,15,62,4.9,3.0,0.5,-3.6,0.055,0.1889999999999999,0.144,0.5920000000000001,0.048,2016-17
9165,Kris Dunn,MIN,23.0,193.04,92.98636,Providence,USA,2016,1,5,78,3.8,2.1,2.4,-2.8,0.021,0.131,0.142,0.432,0.2,2016-17
9166,Malcolm Delaney,ATL,28.0,190.5,86.18248,Virginia Tech,USA,Undrafted,Undrafted,Undrafted,73,5.4,1.7,2.6,2.2,0.009,0.104,0.187,0.456,0.241,2016-17
9167,Malcolm Brogdon,MIL,24.0,195.58,97.52228,Virginia,USA,2016,2,36,75,10.2,2.8,4.2,2.7,0.0279999999999999,0.0969999999999999,0.186,0.555,0.239,2016-17
9168,Malachi Richardson,SAC,21.0,198.12,92.98636,Syracuse,USA,2016,1,22,22,3.6,1.0,0.5,-4.2,0.018,0.106,0.196,0.517,0.092,2016-17
9186,Kyle Wiltjer,HOU,24.0,208.28,108.86208,Gonzaga,Canada,Undrafted,Undrafted,Undrafted,14,0.9,0.7,0.1,-35.9,0.095,0.154,0.187,0.437,0.069,2016-17
9194,Patricio Garino,ORL,24.0,198.12,92.079176,George Washington,Argentina,Undrafted,Undrafted,Undrafted,5,0.0,1.4,0.0,-21.1,0.025,0.133,0.103,0.0,0.0,2016-17
9196,Patrick McCaw,GSW,21.0,200.66,83.91452,Nevada-Las Vegas,USA,2016,2,38,71,4.0,1.4,1.1,-0.7,0.021,0.078,0.119,0.54,0.099,2016-17
9198,Treveon Graham,CHA,23.0,198.12,102.511792,Virginia Commonwealth,USA,Undrafted,Undrafted,Undrafted,27,2.1,0.8,0.2,-11.6,0.0289999999999999,0.098,0.121,0.612,0.0579999999999999,2016-17
9203,Tomas Satoransky,WAS,25.0,200.66,95.25432,,Czech Republic,2012,2,32,57,2.7,1.5,1.6,2.3,0.0409999999999999,0.089,0.127,0.477,0.183,2016-17
9205,Timothe Luwawu-Cabarrot,PHI,22.0,198.12,92.98636,,France,2016,1,24,69,6.4,2.2,1.1,-2.5,0.023,0.1119999999999999,0.177,0.536,0.093,2016-17
9207,Tim Quarterman,POR,22.0,198.12,86.18248,Louisiana State,USA,Undrafted,Undrafted,Undrafted,16,1.9,0.9,0.7,0.0,0.053,0.119,0.236,0.511,0.2339999999999999,2016-17
9211,Thon Maker,MIL,20.0,215.9,101.151016,,South Sudan,2016,1,10,57,4.0,2.0,0.4,1.3,0.081,0.1669999999999999,0.187,0.5579999999999999,0.069,2016-17
9218,Taurean Prince,ATL,23.0,203.2,99.79024,Baylor,USA,2016,1,12,59,5.7,2.7,0.9,-0.8,0.027,0.143,0.171,0.513,0.091,2016-17
9230,Yogi Ferrell,DAL,24.0,182.88,81.64656,Indiana,USA,Undrafted,Undrafted,Undrafted,46,10.0,2.4,3.7,-4.1,0.018,0.091,0.196,0.5329999999999999,0.2319999999999999,2016-17
9232,Willy Hernangomez,NYK,23.0,210.82,108.86208,,Spain,2015,2,35,72,8.2,7.0,1.3,-2.8,0.142,0.263,0.2019999999999999,0.564,0.1159999999999999,2016-17
9238,Wayne Selden,MEM,22.0,195.58,104.32616,Kansas,USA,Undrafted,Undrafted,Undrafted,14,5.1,1.1,0.9,-7.4,0.005,0.066,0.162,0.525,0.09,2016-17
9240,Wade Baldwin IV,MEM,21.0,193.04,91.625584,Vanderbilt,USA,2016,1,17,33,3.2,1.4,1.8,-16.9,0.0289999999999999,0.0969999999999999,0.191,0.4039999999999999,0.262,2016-17
9248,Tyler Ulis,PHX,21.0,177.8,68.0388,Kentucky,USA,2016,2,34,61,7.3,1.6,3.7,-6.5,0.018,0.073,0.2019999999999999,0.474,0.297,2016-17
9252,Troy Williams,HOU,22.0,200.66,95.25432,Indiana,USA,Undrafted,Undrafted,Undrafted,30,6.2,2.3,0.8,-5.4,0.0289999999999999,0.107,0.171,0.511,0.072,2016-17
9274,Quinn Cook,NOP,24.0,187.96,81.19296800000001,Duke,USA,Undrafted,Undrafted,Undrafted,14,5.6,0.5,1.9,-7.7,0.006,0.042,0.1989999999999999,0.579,0.198,2016-17
9276,Pierre Jackson,DAL,25.0,177.8,81.64656,Baylor,USA,2013,2,42,8,4.4,1.1,2.4,31.7,0.011,0.111,0.2319999999999999,0.416,0.322,2016-17
9277,Paul Zipser,CHI,23.0,203.2,95.25432,,Germany,2016,2,48,44,5.5,2.8,0.8,1.6,0.019,0.138,0.145,0.503,0.062,2016-17
9285,Rodney McGruder,MIA,25.0,193.04,92.98636,Kansas State,USA,Undrafted,Undrafted,Undrafted,78,6.4,3.3,1.6,-0.2,0.054,0.093,0.124,0.506,0.088,2016-17
9287,Ron Baker,NYK,24.0,193.04,99.79024,Wichita State,USA,Undrafted,Undrafted,Undrafted,52,4.1,1.9,2.1,-2.5,0.015,0.113,0.152,0.456,0.188,2016-17
9292,Skal Labissiere,SAC,21.0,210.82,102.0582,Kentucky,Haiti,2016,1,28,33,8.8,4.9,0.8,-2.9,0.095,0.1939999999999999,0.212,0.5770000000000001,0.071,2016-17
9294,Sheldon Mac,WAS,24.0,198.12,90.7184,Miami (Fla.),USA,Undrafted,Undrafted,Undrafted,30,3.0,1.1,0.5,-8.7,0.015,0.115,0.143,0.518,0.078,2016-17
9295,Shawn Long,PHI,24.0,205.74,115.66596,Louisiana-Lafayette,USA,Undrafted,Undrafted,Undrafted,18,8.2,4.7,0.7,2.6,0.196,0.214,0.245,0.595,0.087,2016-17
9302,Semaj Christon,OKC,24.0,190.5,86.18248,Xavier,USA,2014,2,55,64,2.9,1.4,2.0,-6.5,0.023,0.085,0.127,0.387,0.193,2016-17
9315,Stephen Zimmerman,ORL,20.0,213.36,108.86208,Nevada-Las Vegas,USA,2016,2,41,19,1.2,1.8,0.2,-18.1,0.093,0.273,0.149,0.346,0.0559999999999999,2016-17
9331,Damian Jones,GSW,22.0,213.36,111.13004,Vanderbilt,USA,2016,1,30,10,1.9,2.3,0.0,-14.9,0.113,0.222,0.138,0.466,0.0,2016-17
9333,Chinanu Onuaku,HOU,20.0,208.28,111.13004,Louisville,USA,2016,2,37,5,2.8,2.0,0.6,-41.4,0.049,0.17,0.108,0.799,0.086,2016-17
9334,Cheick Diallo,NOP,20.0,205.74,99.79024,Kansas,Mali,2016,2,33,17,5.1,4.3,0.2,-9.4,0.115,0.286,0.203,0.51,0.031,2016-17
9335,Chasson Randle,NYK,24.0,187.96,83.91452,Stanford,USA,Undrafted,Undrafted,Undrafted,26,5.3,1.2,1.3,-3.4,0.022,0.0969999999999999,0.1969999999999999,0.586,0.173,2016-17
9339,Caris LeVert,BKN,22.0,200.66,92.079176,Michigan,USA,2016,1,20,57,8.2,3.3,1.9,-2.7,0.02,0.141,0.1639999999999999,0.556,0.132,2016-17
9348,Daniel Ochefu,WAS,23.0,210.82,111.13004,Villanova,USA,Undrafted,Undrafted,Undrafted,19,1.3,1.2,0.2,-20.5,0.077,0.288,0.19,0.43,0.07,2016-17
9349,Derrick Jones Jr.,PHX,20.0,200.66,86.18248,Nevada-Las Vegas,USA,Undrafted,Undrafted,Undrafted,32,5.3,2.5,0.4,4.4,0.076,0.078,0.1169999999999999,0.604,0.03,2016-17
9352,Denzel Valentine,CHI,23.0,198.12,96.161504,Michigan State,USA,2016,1,14,57,5.1,2.6,1.1,-0.5,0.012,0.161,0.156,0.492,0.095,2016-17
9354,Demetrius Jackson,BOS,22.0,185.42,91.171992,Notre Dame,USA,2016,2,45,5,2.0,0.8,0.6,6.3,0.091,0.118,0.172,0.753,0.3,2016-17
9356,Dejounte Murray,SAS,20.0,195.58,77.11064,Washington,USA,2016,1,29,38,3.4,1.1,1.3,2.9,0.023,0.1169999999999999,0.241,0.503,0.236,2016-17
9360,DeAndre' Bembry,ATL,22.0,198.12,95.25432,Saint Joseph's,USA,2016,1,21,38,2.7,1.6,0.7,-3.4,0.042,0.138,0.15,0.481,0.123,2016-17
9363,Davis Bertans,SAS,24.0,208.28,95.25432,,Latvia,2011,2,42,67,4.5,1.5,0.7,6.3,0.031,0.105,0.155,0.609,0.084,2016-17
9365,David Nwaba,LAL,24.0,193.04,94.800728,,USA,Undrafted,Undrafted,Undrafted,20,6.0,3.2,0.7,2.2,0.049,0.131,0.12,0.611,0.048,2016-17
9370,Dario Saric,PHI,23.0,208.28,101.151016,,Croatia,2014,1,12,81,12.8,6.3,2.2,-7.2,0.059,0.207,0.244,0.508,0.145,2016-17
9371,Danuel House,WAS,24.0,200.66,97.52228,Texas A&M,USA,Undrafted,Undrafted,Undrafted,1,0.0,1.0,0.0,0.0,0.0,1.0,0.0,0.0,0.0,2016-17
9376,Buddy Hield,SAC,23.0,193.04,97.068688,Oklahoma,Bahamas,2016,1,6,82,10.6,3.3,1.5,-5.5,0.02,0.134,0.214,0.541,0.1009999999999999,2016-17
9377,Bryn Forbes,SAS,23.0,190.5,86.18248,Michigan State,USA,Undrafted,Undrafted,Undrafted,36,2.6,0.6,0.6,-8.7,0.0069999999999999,0.0819999999999999,0.181,0.462,0.146,2016-17
9382,Andrew Harrison,MEM,22.0,198.12,96.615096,Kentucky,USA,2015,2,44,72,5.9,1.9,2.8,-0.3,0.017,0.09,0.1639999999999999,0.477,0.209,2016-17
9392,Alex Poythress,PHI,23.0,200.66,107.954896,Kentucky,USA,Undrafted,Undrafted,Undrafted,6,10.7,4.8,0.8,-9.6,0.073,0.1369999999999999,0.166,0.5479999999999999,0.052,2016-17
9394,Alex Abrines,OKC,23.0,198.12,86.18248,,Spain,2013,2,32,68,6.0,1.3,0.6,-2.3,0.019,0.074,0.157,0.56,0.055,2016-17
9405,AJ Hammons,DAL,24.0,213.36,117.93392,Purdue,USA,2016,2,46,22,2.2,1.6,0.2,-0.6,0.049,0.1989999999999999,0.1669999999999999,0.472,0.038,2016-17
9411,Brice Johnson,LAC,23.0,208.28,104.32616,North Carolina,USA,2016,1,25,3,1.3,1.0,0.3,44.9,0.143,0.222,0.385,0.286,0.1669999999999999,2016-17
9416,Brandon Ingram,LAL,19.0,205.74,86.18248,Duke,USA,2016,1,2,79,9.4,4.0,2.1,-8.0,0.0279999999999999,0.128,0.1689999999999999,0.474,0.105,2016-17
9429,Ben Bentil,DAL,22.0,205.74,106.59412,Providence,Ghana,2016,2,51,3,0.0,0.7,0.0,-44.0,0.0,0.25,0.184,0.0,0.0,2016-17
9443,Jaylen Brown,BOS,20.0,200.66,102.0582,California,USA,2016,1,3,78,6.6,2.8,0.8,-2.2,0.038,0.146,0.183,0.539,0.077,2016-17
9446,Jarrod Uthoff,DAL,24.0,205.74,100.243832,Iowa,USA,Undrafted,Undrafted,Undrafted,9,4.4,2.4,1.0,-26.8,0.066,0.149,0.174,0.487,0.141,2016-17
9460,Jamal Murray,DEN,20.0,193.04,93.893544,Kentucky,Canada,2016,1,7,82,9.9,2.6,2.1,1.0,0.026,0.104,0.216,0.518,0.142,2016-17
9462,Jakob Poeltl,TOR,21.0,213.36,104.32616,Utah,Austria,2016,1,9,54,3.1,3.1,0.2,0.3,0.1369999999999999,0.1689999999999999,0.121,0.589,0.03,2016-17
9463,Jake Layman,POR,23.0,205.74,95.25432,Maryland,USA,2016,2,47,35,2.2,0.7,0.3,-0.4,0.025,0.072,0.191,0.4039999999999999,0.072,2016-17
9477,Jonathan Gibson,DAL,29.0,187.96,83.91452,New Mexico State,USA,Undrafted,Undrafted,Undrafted,17,6.2,1.3,1.5,-19.6,0.005,0.121,0.253,0.492,0.215,2016-17
9487,Joel Embiid,PHI,23.0,213.36,113.398,Kansas,Cameroon,2014,1,3,31,20.2,7.8,2.1,3.2,0.092,0.247,0.363,0.584,0.174,2016-17
9488,Joel Bolomboy,UTA,23.0,205.74,106.59412,Weber State,Ukraine,2016,2,52,12,1.8,1.4,0.2,11.3,0.083,0.255,0.18,0.59,0.065,2016-17
9503,Fred VanVleet,TOR,23.0,182.88,88.45044,Wichita State,USA,Undrafted,Undrafted,Undrafted,37,2.9,1.1,0.9,12.1,0.015,0.13,0.205,0.4429999999999999,0.18,2016-17
9520,Dragan Bender,PHX,19.0,215.9,102.0582,,Croatia,2016,1,4,43,3.4,2.4,0.5,-2.0,0.043,0.155,0.148,0.44,0.057,2016-17
9522,Dorian Finney-Smith,DAL,24.0,203.2,99.79024,Florida,USA,Undrafted,Undrafted,Undrafted,81,4.3,2.7,0.8,-1.4,0.037,0.124,0.1169999999999999,0.486,0.061,2016-17
9524,Domantas Sabonis,OKC,21.0,210.82,108.86208,Gonzaga,Lithuania,2016,1,11,81,5.9,3.6,1.0,0.2,0.032,0.1639999999999999,0.158,0.469,0.073,2016-17
9528,Diamond Stone,LAC,20.0,210.82,115.66596,Maryland,USA,2016,2,40,7,1.4,0.9,0.0,-58.7,0.037,0.2,0.324,0.3389999999999999,0.0,2016-17
9529,Deyonta Davis,MEM,20.0,208.28,108.86208,Michigan State,USA,2016,2,31,36,1.6,1.7,0.1,-7.2,0.088,0.185,0.119,0.528,0.015,2016-17
9535,Isaiah Whitehead,BKN,22.0,193.04,96.615096,Seton Hall,USA,2016,2,42,73,7.4,2.5,2.6,-2.9,0.021,0.093,0.183,0.487,0.173,2016-17
9536,Ivica Zubac,LAL,20.0,215.9,108.86208,,Croatia,2016,2,32,38,7.5,4.2,0.8,-9.3,0.072,0.21,0.204,0.547,0.078,2016-17
9538,Isaiah Taylor,HOU,22.0,190.5,77.11064,Texas,USA,Undrafted,Undrafted,Undrafted,4,0.8,0.8,0.8,-14.6,0.021,0.0409999999999999,0.065,0.19,0.07,2016-17
9544,Henry Ellenson,DET,20.0,210.82,111.13004,Marquette,USA,2016,1,18,19,3.2,2.2,0.4,-2.0,0.0559999999999999,0.2339999999999999,0.248,0.444,0.074,2016-17
9549,Georgios Papagiannis,SAC,19.0,215.9,108.86208,,Greece,2016,1,13,22,5.6,3.9,0.9,-6.2,0.09,0.183,0.1689999999999999,0.573,0.085,2016-17
9558,Georges Niang,IND,24.0,203.2,104.32616,Iowa State,USA,2016,2,50,23,0.9,0.7,0.2,-5.3,0.021,0.1689999999999999,0.1889999999999999,0.285,0.074,2016-17
9560,Gary Payton II,MIL,24.0,190.5,86.18248,Oregon State,USA,Undrafted,Undrafted,Undrafted,6,3.3,2.0,2.2,-26.5,0.0,0.148,0.162,0.413,0.2239999999999999,2016-17
9568,Matt Costello,SAS,24.0,208.28,108.86208,Michigan State,USA,Undrafted,Undrafted,Undrafted,4,1.0,2.3,0.5,26.6,0.04,0.276,0.071,0.5,0.071,2017-18
9569,Matt Williams Jr.,MIA,24.0,195.58,95.25432,Central Florida,USA,Undrafted,Undrafted,Undrafted,3,1.7,0.3,0.0,66.7,0.0,0.083,0.28,0.417,0.0,2017-18
9571,Markelle Fultz,PHI,20.0,193.04,90.7184,Washington,USA,2017,1,1,14,7.1,3.1,3.8,4.8,0.039,0.105,0.218,0.416,0.294,2017-18
9578,Marcus Paige,CHA,24.0,182.88,74.389088,North Carolina,USA,2016,2,55,5,2.4,0.8,0.6,15.9,0.0,0.1669999999999999,0.2239999999999999,0.4029999999999999,0.143,2017-18
9579,Marcus Morris Sr.,BOS,28.0,205.74,106.59412,Kansas,USA,2011,1,14,54,13.6,5.4,1.3,0.7,0.0289999999999999,0.166,0.222,0.541,0.0819999999999999,2017-18
9582,Malcolm Miller,TOR,25.0,200.66,95.25432,Holy Cross,USA,Undrafted,Undrafted,Undrafted,15,2.5,1.0,0.2,2.7,0.031,0.09,0.114,0.638,0.034,2017-18
9585,Malik Monk,CHA,20.0,190.5,90.7184,Kentucky,USA,2017,1,11,63,6.7,1.0,1.4,-11.8,0.008,0.069,0.241,0.477,0.178,2017-18
9587,Mangok Mathiang,CHA,25.0,208.28,104.32616,Louisville,Australia,Undrafted,Undrafted,Undrafted,4,2.0,2.5,0.0,0.1,0.136,0.3329999999999999,0.1369999999999999,0.5379999999999999,0.0,2017-18
9588,Maxi Kleber,DAL,26.0,210.82,99.79024,,Germany,Undrafted,Undrafted,Undrafted,72,5.4,3.3,0.7,-3.6,0.055,0.1369999999999999,0.135,0.5760000000000001,0.066,2017-18
9599,Nigel Hayes,SAC,23.0,200.66,115.212368,Wisconsin,USA,Undrafted,Undrafted,Undrafted,9,3.0,2.4,0.7,3.8,0.03,0.145,0.131,0.3929999999999999,0.077,2017-18
9608,Naz Mitrou-Long,UTA,24.0,193.04,98.883056,Iowa State,Canada,Undrafted,Undrafted,Undrafted,1,3.0,0.0,0.0,250.0,0.0,0.0,0.5,1.5,0.0,2017-18
9610,Myke Henry,MEM,25.0,198.12,95.25432,,USA,Undrafted,Undrafted,Undrafted,20,5.4,1.9,1.1,-4.1,0.026,0.081,0.148,0.472,0.083,2017-18
9612,Monte Morris,DEN,23.0,190.5,79.3786,Iowa State,USA,2017,2,51,3,3.3,0.7,2.3,-14.8,0.0,0.08,0.136,0.727,0.368,2017-18
9615,Milton Doyle,BKN,24.0,193.04,81.64656,Loyola (IL),USA,Undrafted,Undrafted,Undrafted,10,3.4,1.8,1.0,-5.3,0.021,0.125,0.173,0.337,0.122,2017-18
9616,Milos Teodosic,LAC,31.0,195.58,88.904032,,Serbia,Undrafted,Undrafted,Undrafted,45,9.5,2.8,4.6,2.4,0.0139999999999999,0.09,0.178,0.564,0.252,2017-18
9639,Kadeem Allen,BOS,25.0,190.5,90.7184,Arizona,USA,2017,2,53,18,1.1,0.6,0.7,-8.4,0.034,0.067,0.132,0.366,0.1669999999999999,2017-18
9643,Justin Jackson,SAC,23.0,203.2,95.25432,North Carolina,USA,2017,1,15,68,6.7,2.8,1.1,-7.6,0.018,0.109,0.139,0.521,0.071,2017-18
9652,Josh Magette,ATL,28.0,185.42,72.57472,Alabama Huntsville,USA,Undrafted,Undrafted,Undrafted,18,2.6,1.1,3.2,-0.5,0.009,0.079,0.119,0.4639999999999999,0.37,2017-18
9653,Josh Jackson,PHX,21.0,203.2,90.7184,Kansas,USA,2017,1,4,77,13.1,4.6,1.5,-11.7,0.044,0.123,0.253,0.48,0.105,2017-18
9655,Josh Hart,LAL,23.0,195.58,97.52228,Villanova,USA,2017,1,30,63,7.9,4.2,1.3,-1.9,0.0279999999999999,0.143,0.133,0.596,0.076,2017-18
9656,OG Anunoby,TOR,20.0,203.2,106.59412,Indiana,United Kingdom,2017,1,23,74,5.9,2.5,0.7,10.0,0.03,0.09,0.121,0.5870000000000001,0.049,2017-18
9657,Justin Patton,MIN,21.0,213.36,107.047712,Creighton,USA,2017,1,16,1,2.0,0.0,0.0,30.0,0.0,0.0,0.2,0.5,0.0,2017-18
9659,Khem Birch,ORL,25.0,205.74,99.79024,UNLV,Canada,Undrafted,Undrafted,Undrafted,42,4.2,4.3,0.8,0.8,0.114,0.191,0.131,0.5820000000000001,0.088,2017-18
9661,Luke Kornet,NYK,22.0,215.9,113.398,Vanderbilt,USA,Undrafted,Undrafted,Undrafted,20,6.7,3.2,1.3,-9.3,0.032,0.158,0.1889999999999999,0.516,0.114,2017-18
9662,Luke Kennard,DET,22.0,195.58,90.7184,Duke,USA,2017,1,12,73,7.6,2.4,1.7,3.9,0.0139999999999999,0.104,0.1689999999999999,0.56,0.127,2017-18
9669,Lonzo Ball,LAL,20.0,198.12,86.18248,UCLA,USA,2017,1,2,52,10.2,6.9,7.2,-0.6,0.036,0.153,0.1689999999999999,0.444,0.288,2017-18
9670,London Perrantes,SAS,23.0,187.96,86.18248,Virginia,USA,Undrafted,Undrafted,Undrafted,14,0.5,0.3,0.4,-16.0,0.015,0.064,0.1009999999999999,0.23,0.102,2017-18
9672,Lauri Markkanen,CHI,21.0,213.36,104.32616,Arizona,Finland,2017,1,7,68,15.2,7.5,1.2,-9.0,0.037,0.217,0.215,0.552,0.064,2017-18
9683,Kyle Kuzma,LAL,22.0,205.74,99.79024,Utah,USA,2017,1,27,77,16.1,6.3,1.8,-2.2,0.035,0.154,0.2189999999999999,0.5489999999999999,0.091,2017-18
9685,Kyle Collinsworth,DAL,26.0,198.12,95.25432,Brigham Young,USA,Undrafted,Undrafted,Undrafted,32,3.2,3.3,1.8,-2.1,0.06,0.162,0.124,0.433,0.163,2017-18
9690,Kobi Simmons,MEM,20.0,193.04,77.11064,Arizona,USA,Undrafted,Undrafted,Undrafted,32,6.1,1.6,2.1,-17.0,0.021,0.062,0.163,0.49,0.157,2017-18
9693,Wes Iwundu,ORL,23.0,200.66,88.45044,Kansas State,USA,2017,2,33,62,3.7,2.2,0.9,-4.6,0.033,0.1,0.114,0.48,0.084,2017-18
9695,Tyler Cavanaugh,ATL,24.0,205.74,107.954896,George Washington,USA,Undrafted,Undrafted,Undrafted,39,4.7,3.3,0.7,-2.1,0.081,0.171,0.139,0.5670000000000001,0.076,2017-18
9699,Trey McKinney-Jones,IND,27.0,195.58,99.79024,Miami (FL),USA,Undrafted,Undrafted,Undrafted,1,0.0,0.0,0.0,-33.3,0.0,0.0,0.0,0.0,0.0,2017-18
9706,Torrey Craig,DEN,27.0,198.12,97.52228,South Carolina Upstate,USA,Undrafted,Undrafted,Undrafted,39,4.2,3.3,0.6,-2.9,0.064,0.134,0.1159999999999999,0.535,0.054,2017-18
9709,Tyler Dorsey,ATL,22.0,195.58,83.007336,Oregon,USA,2017,2,41,56,7.2,2.3,1.4,-7.1,0.016,0.1119999999999999,0.193,0.494,0.128,2017-18
9710,Tony Bradley,UTA,20.0,208.28,112.490816,North Carolina,USA,2017,1,28,9,0.9,1.2,0.1,-2.9,0.105,0.25,0.158,0.337,0.0559999999999999,2017-18
9719,Thomas Bryant,LAL,20.0,208.28,112.490816,Indiana,USA,2017,2,42,15,1.5,1.1,0.4,-5.9,0.0409999999999999,0.1969999999999999,0.161,0.441,0.128,2017-18
9724,Terrance Ferguson,OKC,20.0,200.66,83.46092800000001,,USA,2017,1,21,61,3.1,0.8,0.3,-4.5,0.023,0.038,0.104,0.545,0.035,2017-18
9728,Tyler Lydon,DEN,22.0,205.74,99.79024,Syracuse,USA,2017,1,24,1,0.0,0.0,0.0,-150.0,0.0,0.0,0.0,0.0,0.0,2017-18
9731,Zach Collins,POR,20.0,213.36,104.32616,Gonzaga,USA,2017,1,10,66,4.4,3.3,0.8,1.3,0.044,0.163,0.153,0.475,0.07,2017-18
9734,Xavier Rathan-Mayes,NYK,24.0,193.04,94.347136,Florida State,Canada,Undrafted,Undrafted,Undrafted,5,5.8,1.0,3.6,-24.2,0.0,0.053,0.207,0.315,0.247,2017-18
9744,Josh Gray,PHX,24.0,185.42,81.64656,,USA,Undrafted,Undrafted,Undrafted,5,6.4,2.0,2.4,-35.1,0.017,0.104,0.243,0.349,0.24,2017-18
9746,Walt Lemon Jr.,NOP,25.0,190.5,81.64656,,USA,Undrafted,Undrafted,Undrafted,5,3.4,0.4,1.0,-14.5,0.0,0.065,0.256,0.491,0.172,2017-18
9748,Vincent Hunter,MEM,23.0,203.2,94.347136,Texas-El Paso,USA,Undrafted,Undrafted,Undrafted,4,1.5,0.8,0.0,30.9,0.182,0.1669999999999999,0.25,0.6,0.0,2017-18
9755,Tyrone Wallace,LAC,24.0,195.58,89.811216,California,USA,2016,2,60,30,9.7,3.5,2.4,-1.5,0.024,0.091,0.159,0.517,0.115,2017-18
9760,Omari Johnson,MEM,29.0,205.74,99.79024,Oregon State,Jamaica,Undrafted,Undrafted,Undrafted,4,5.5,2.8,1.8,10.5,0.06,0.103,0.139,0.524,0.106,2017-18
9762,TJ Leaf,IND,21.0,208.28,104.32616,UCLA,USA,2017,1,18,53,2.9,1.5,0.2,-11.7,0.0579999999999999,0.119,0.136,0.545,0.0279999999999999,2017-18
9768,Reggie Hearn,DET,26.0,195.58,95.25432,Northwestern,USA,Undrafted,Undrafted,Undrafted,3,1.0,0.0,0.0,-35.7,0.0,0.0,0.105,0.75,0.0,2017-18
9789,PJ Dozier,OKC,21.0,198.12,92.98636,South Carolina,USA,Undrafted,Undrafted,Undrafted,2,1.0,0.5,0.0,-33.3,0.0,0.2,0.429,0.5,0.0,2017-18
9790,P.J. Tucker,HOU,33.0,198.12,111.13004,Texas,USA,2006,2,35,82,6.1,5.6,0.9,11.4,0.0409999999999999,0.16,0.103,0.537,0.047,2017-18
9796,Rodney Purvis,ORL,24.0,193.04,92.98636,Connecticut,USA,Undrafted,Undrafted,Undrafted,16,6.0,1.7,1.1,-9.1,0.003,0.085,0.187,0.423,0.092,2017-18
9797,T.J. Warren,PHX,24.0,203.2,97.52228,North Carolina State,USA,2014,1,14,65,19.6,5.1,1.3,-9.0,0.055,0.093,0.243,0.541,0.069,2017-18
9800,Sterling Brown,MIL,23.0,198.12,104.32616,Southern Methodist,USA,2017,2,46,54,4.0,2.6,0.5,-2.5,0.035,0.147,0.135,0.503,0.049,2017-18
9806,Sindarius Thornwell,LAC,23.0,195.58,97.52228,South Carolina,USA,2017,2,48,73,3.9,1.9,0.9,-2.4,0.0279999999999999,0.086,0.118,0.519,0.081,2017-18
9809,Shaquille Harrison,PHX,24.0,193.04,86.18248,Tulsa,USA,Undrafted,Undrafted,Undrafted,23,6.6,2.7,2.4,6.1,0.023,0.13,0.173,0.54,0.1989999999999999,2017-18
9814,Semi Ojeleye,BOS,23.0,200.66,106.59412,Southern Methodist,USA,2017,2,37,73,2.7,2.2,0.3,-6.5,0.031,0.106,0.088,0.473,0.026,2017-18
9819,Ryan Arcidiacono,CHI,24.0,190.5,88.45044,Villanova,USA,Undrafted,Undrafted,Undrafted,24,2.0,1.0,1.5,-2.3,0.003,0.077,0.081,0.55,0.161,2017-18
9824,Royce O'Neale,UTA,25.0,198.12,102.511792,Baylor,USA,Undrafted,Undrafted,Undrafted,69,5.0,3.4,1.4,8.7,0.022,0.175,0.14,0.54,0.122,2017-18
9829,Edmond Sumner,IND,22.0,195.58,85.275296,Xavier,USA,2017,2,52,1,2.0,1.0,0.0,-120.0,0.0,0.5,0.2,1.0,0.0,2017-18
9835,Daniel Theis,BOS,26.0,205.74,110.222856,,Germany,Undrafted,Undrafted,Undrafted,63,5.3,4.3,0.9,1.2,0.092,0.1889999999999999,0.15,0.616,0.099,2017-18
9836,Daniel Hamilton,OKC,22.0,200.66,88.45044,Connecticut,USA,2016,2,56,6,2.0,0.8,1.3,-22.8,0.0,0.1669999999999999,0.2,0.545,0.615,2017-18
9837,Damyean Dotson,NYK,24.0,195.58,95.25432,Houston,USA,2017,2,44,44,4.1,1.9,0.7,-2.8,0.018,0.142,0.1689999999999999,0.532,0.098,2017-18
9838,Damion Lee,ATL,25.0,198.12,95.25432,Louisville,USA,Undrafted,Undrafted,Undrafted,15,10.7,4.7,1.9,-3.6,0.024,0.138,0.182,0.489,0.109,2017-18
9842,Dakari Johnson,OKC,22.0,213.36,115.66596,Kentucky,USA,2015,2,48,31,1.8,1.1,0.3,10.9,0.099,0.111,0.139,0.575,0.083,2017-18
9843,D.J. Wilson,MIL,22.0,208.28,107.047712,Michigan,USA,2017,1,17,22,1.0,0.5,0.1,-30.7,0.0289999999999999,0.157,0.127,0.622,0.075,2017-18
9855,Chris Boucher,GSW,25.0,208.28,90.7184,Oregon,Canada,Undrafted,Undrafted,Undrafted,1,0.0,1.0,0.0,-100.0,0.0,1.0,0.3329999999999999,0.0,0.0,2017-18
9858,Charles Cooke,NOP,23.0,195.58,88.904032,University of Dayton,USA,Undrafted,Undrafted,Undrafted,13,0.5,0.2,0.1,-15.7,0.0,0.049,0.163,0.2019999999999999,0.038,2017-18
9860,Danuel House Jr.,PHX,25.0,200.66,99.79024,Texas A&M,USA,Undrafted,Undrafted,Undrafted,23,6.6,3.3,1.1,3.2,0.032,0.14,0.16,0.5329999999999999,0.092,2017-18
9865,Devin Robinson,WAS,23.0,203.2,90.7184,Florida,USA,Undrafted,Undrafted,Undrafted,1,2.0,5.0,0.0,28.6,0.095,0.25,0.083,0.3329999999999999,0.0,2017-18
9869,Derrick White,SAS,23.0,193.04,86.18248,Colorado,USA,2017,1,29,17,3.2,1.5,0.5,13.5,0.034,0.128,0.146,0.6459999999999999,0.098,2017-18
9870,Derrick Walton Jr.,MIA,23.0,185.42,83.91452,Michigan,USA,Undrafted,Undrafted,Undrafted,16,1.8,1.0,1.0,-10.5,0.0139999999999999,0.095,0.092,0.525,0.17,2017-18
9875,Dennis Smith Jr.,DAL,20.0,190.5,88.45044,North Carolina State,USA,2017,1,9,69,15.2,3.8,5.2,-7.6,0.023,0.106,0.28,0.473,0.301,2017-18
9886,De'Aaron Fox,SAC,20.0,190.5,79.3786,Kentucky,USA,2017,1,5,73,11.6,2.8,4.4,-10.2,0.016,0.087,0.2269999999999999,0.478,0.24,2017-18
9887,Davon Reed,PHX,23.0,198.12,95.25432,Miami,USA,2017,2,32,21,3.0,1.9,0.6,-14.2,0.0069999999999999,0.149,0.158,0.3879999999999999,0.087,2017-18
9895,Cedi Osman,CLE,23.0,203.2,97.52228,,Turkey,2015,2,31,61,3.9,2.0,0.7,3.9,0.0279999999999999,0.149,0.151,0.5770000000000001,0.084,2017-18
9899,Ante Zizic,CLE,21.0,210.82,113.398,,Croatia,2016,1,23,32,3.7,1.9,0.2,-9.1,0.1119999999999999,0.179,0.171,0.746,0.039,2017-18
9901,Andrew White III,ATL,25.0,200.66,95.25432,Syracuse,USA,Undrafted,Undrafted,Undrafted,15,4.6,2.3,0.4,-18.6,0.016,0.133,0.16,0.461,0.05,2017-18
9905,Andre Ingram,LAL,32.0,190.5,86.18248,American University,USA,Undrafted,Undrafted,Undrafted,2,12.0,3.0,3.5,14.1,0.016,0.072,0.136,0.655,0.149,2017-18
9910,Alfonzo McKinnie,TOR,25.0,203.2,97.52228,,USA,Undrafted,Undrafted,Undrafted,14,1.5,0.5,0.1,-12.3,0.022,0.098,0.158,0.643,0.027,2017-18
9915,Alec Peters,PHX,23.0,205.74,106.59412,Valparaiso,USA,2017,2,54,20,4.1,1.9,0.6,7.3,0.032,0.12,0.151,0.523,0.073,2017-18
9922,Abdel Nader,BOS,24.0,198.12,104.32616,Iowa State,Egypt,2016,2,58,48,3.0,1.5,0.5,-10.3,0.024,0.111,0.162,0.439,0.078,2017-18
9923,Aaron Jackson,HOU,32.0,190.5,83.007336,,USA,Undrafted,Undrafted,Undrafted,1,8.0,3.0,1.0,-19.8,0.0559999999999999,0.031,0.149,0.405,0.053,2017-18
9928,Alex Caruso,LAL,24.0,195.58,84.368112,Texas A&M,USA,Undrafted,Undrafted,Undrafted,37,3.6,1.8,2.0,-0.3,0.026,0.086,0.128,0.519,0.185,2017-18
9931,Antonius Cleveland,ATL,24.0,198.12,88.45044,S.E. Missouri,USA,Undrafted,Undrafted,Undrafted,17,1.4,0.8,0.1,-13.9,0.022,0.085,0.107,0.486,0.025,2017-18
9933,Caleb Swanigan,POR,21.0,203.2,113.398,Purdue,USA,2017,1,26,27,2.3,2.0,0.5,-3.1,0.075,0.207,0.1889999999999999,0.449,0.124,2017-18
9936,C.J. Williams,LAC,28.0,195.58,104.32616,North Carolina State,USA,Undrafted,Undrafted,Undrafted,38,5.5,1.5,1.1,-1.2,0.017,0.0579999999999999,0.134,0.512,0.086,2017-18
9943,Brandon Paul,SAS,27.0,193.04,90.7184,,USA,Undrafted,Undrafted,Undrafted,64,2.3,1.1,0.6,0.3,0.011,0.109,0.131,0.504,0.096,2017-18
9946,Antonio Blakeney,CHI,21.0,193.04,89.357624,Louisiana State,USA,Undrafted,Undrafted,Undrafted,19,7.9,1.7,1.1,-1.3,0.011,0.089,0.2269999999999999,0.471,0.096,2017-18
9949,Bogdan Bogdanovic,SAC,25.0,198.12,92.98636,,Serbia,2014,1,27,78,11.8,2.9,3.3,-8.6,0.0139999999999999,0.094,0.192,0.556,0.183,2017-18
9955,Ben Simmons,PHI,21.0,208.28,104.32616,Louisiana State,Australia,2016,1,1,81,15.8,8.1,8.2,6.6,0.053,0.171,0.2189999999999999,0.557,0.362,2017-18
9956,Ben Moore,IND,23.0,203.2,99.79024,Southern Methodist,USA,Undrafted,Undrafted,Undrafted,2,0.0,0.5,0.5,-79.8,0.0,0.1669999999999999,0.0,0.0,0.111,2017-18
9963,Dillon Brooks,MEM,22.0,198.12,99.79024,Oregon,Canada,2017,2,45,82,11.0,3.1,1.6,-5.0,0.021,0.092,0.184,0.531,0.092,2017-18
9966,Jaylen Morris,ATL,22.0,195.58,83.91452,Molloy,USA,Undrafted,Undrafted,Undrafted,6,4.7,2.7,1.2,-17.9,0.018,0.125,0.154,0.4379999999999999,0.13,2017-18
9968,Jawun Evans,LAC,21.0,182.88,86.18248,Oklahoma State,USA,2017,2,39,48,4.8,1.8,2.1,2.1,0.011,0.092,0.17,0.421,0.177,2017-18
9972,Jarrett Allen,BKN,20.0,210.82,106.140528,Texas,USA,2017,1,22,72,8.2,5.4,0.7,-4.1,0.096,0.157,0.162,0.636,0.055,2017-18
9976,Jamil Wilson,LAC,27.0,200.66,103.872568,Marquette,USA,Undrafted,Undrafted,Undrafted,15,7.0,2.1,0.7,0.8,0.01,0.1,0.145,0.634,0.0559999999999999,2017-18
9978,James Webb III,BKN,24.0,205.74,91.625584,Boise State,USA,Undrafted,Undrafted,Undrafted,10,1.6,2.4,0.4,-13.3,0.059,0.138,0.099,0.3329999999999999,0.044,2017-18
9980,Jayson Tatum,BOS,20.0,203.2,92.98636,Duke,USA,2017,1,3,80,13.9,5.0,1.6,6.9,0.021,0.138,0.192,0.586,0.081,2017-18
9983,Jamel Artis,ORL,25.0,200.66,96.615096,Pittsburgh,USA,Undrafted,Undrafted,Undrafted,15,5.1,2.5,1.2,-0.9,0.013,0.119,0.142,0.457,0.098,2017-18
9985,Jameel Warney,DAL,24.0,203.2,117.93392,"Stony Brook, N.Y.",USA,Undrafted,Undrafted,Undrafted,3,5.7,3.0,0.0,-7.4,0.138,0.2,0.2339999999999999,0.599,0.0,2017-18
9988,Jalen Jones,DAL,25.0,200.66,99.79024,Texas A&M,USA,Undrafted,Undrafted,Undrafted,16,4.6,2.4,0.3,-6.6,0.063,0.154,0.193,0.485,0.032,2017-18
9993,Jacob Wiley,BKN,23.0,203.2,101.151016,Eastern Washington,USA,Undrafted,Undrafted,Undrafted,5,0.8,2.2,0.4,18.1,0.053,0.225,0.063,0.41,0.091,2017-18
9994,Jacob Pullen,PHI,28.0,185.42,90.7184,Kansas State,USA,Undrafted,Undrafted,Undrafted,3,0.7,0.0,0.0,4.2,0.0,0.0,0.188,0.5,0.0,2017-18
10001,Jordan Bell,GSW,23.0,205.74,101.604608,Oregon,USA,2017,2,38,57,4.6,3.6,1.8,8.9,0.0819999999999999,0.162,0.134,0.6409999999999999,0.166,2017-18
10003,Jonathan Isaac,ORL,20.0,208.28,95.25432,Florida State,USA,2017,1,6,27,5.4,3.7,0.7,-8.6,0.0289999999999999,0.141,0.149,0.465,0.053,2017-18
10009,Johnathan Motley,DAL,23.0,208.28,104.32616,Baylor,USA,Undrafted,Undrafted,Undrafted,11,8.7,4.5,0.6,-3.4,0.071,0.2,0.24,0.55,0.078,2017-18
10011,John Holland,CLE,29.0,195.58,92.98636,Boston U.,USA,Undrafted,Undrafted,Undrafted,24,2.3,1.0,0.2,-8.8,0.036,0.104,0.178,0.417,0.04,2017-18
10013,John Collins,ATL,20.0,208.28,106.59412,Wake Forest,USA,2017,1,19,74,10.5,7.3,1.3,-6.2,0.094,0.201,0.174,0.62,0.09,2017-18
10032,Jabari Bird,BOS,23.0,198.12,89.811216,California,USA,2017,2,56,13,3.0,1.5,0.6,6.6,0.055,0.105,0.141,0.615,0.099,2017-18
10034,Furkan Korkmaz,PHI,20.0,200.66,86.18248,,Turkey,2016,1,26,14,1.6,0.8,0.3,-29.3,0.02,0.123,0.159,0.386,0.077,2017-18
10036,Frank Ntilikina,NYK,19.0,195.58,86.18248,,France,2017,1,8,78,5.9,2.3,3.2,-2.2,0.021,0.079,0.166,0.437,0.21,2017-18
10037,Frank Mason,SAC,24.0,180.34,86.18248,Kansas,USA,2017,2,34,52,7.9,2.5,2.8,-1.7,0.03,0.107,0.226,0.48,0.233,2017-18
10042,Erik McCree,UTA,24.0,203.2,102.0582,Louisiana Tech,USA,Undrafted,Undrafted,Undrafted,4,0.0,0.3,0.0,-45.4,0.0,0.2,0.158,0.0,0.0,2017-18
10057,Dwayne Bacon,CHA,22.0,200.66,100.243832,Florida State,USA,2017,2,40,53,3.3,2.3,0.7,-0.2,0.005,0.158,0.13,0.431,0.077,2017-18
10062,Donovan Mitchell,UTA,21.0,190.5,97.52228,Louisville,USA,2017,1,13,79,20.5,3.7,3.7,6.8,0.02,0.093,0.283,0.541,0.1889999999999999,2017-18
10073,Ivan Rabb,MEM,21.0,208.28,99.79024,"University of California, Berkeley",USA,2017,2,35,36,5.6,4.4,0.9,-8.4,0.102,0.216,0.1669999999999999,0.599,0.095,2017-18
10078,Isaiah Hicks,NYK,23.0,205.74,109.769264,North Carolina,USA,Undrafted,Undrafted,Undrafted,18,4.4,2.3,0.9,-7.7,0.0409999999999999,0.118,0.175,0.501,0.098,2017-18
10081,Ike Anigbogu,IND,19.0,208.28,118.841104,UCLA,USA,2017,2,47,11,1.2,0.8,0.0,-25.5,0.152,0.138,0.179,0.5579999999999999,0.0,2017-18
10087,Guerschon Yabusele,BOS,22.0,203.2,117.93392,,France,2016,1,16,33,2.4,1.6,0.5,-0.8,0.065,0.152,0.146,0.5589999999999999,0.107,2017-18
10094,Gian Clavell,DAL,24.0,193.04,83.91452,Colorado State,Puerto Rico,Undrafted,Undrafted,Undrafted,7,2.9,1.0,0.4,14.8,0.016,0.102,0.147,0.53,0.071,2017-18
10099,Zhou Qi,HOU,22.0,215.9,95.25432,,China,2016,2,43,18,1.2,1.2,0.1,-26.1,0.042,0.1159999999999999,0.163,0.295,0.0279999999999999,2017-18
10100,Bam Adebayo,MIA,20.0,208.28,115.66596,Kentucky,USA,2017,1,14,69,6.9,5.5,1.5,-0.6,0.086,0.1939999999999999,0.157,0.57,0.115,2017-18
10107,Gary Clark,HOU,24.0,203.2,102.0582,,USA,Undrafted,Undrafted,Undrafted,51,2.9,2.3,0.4,2.0,0.035,0.144,0.106,0.48,0.04,2018-19
10110,Gary Trent Jr.,POR,20.0,198.12,92.98636,,USA,Undrafted,Undrafted,Undrafted,15,2.7,0.7,0.3,-4.7,0.01,0.08,0.213,0.377,0.057,2018-19
10112,George King,PHX,25.0,198.12,99.79024,University of Colorado Boulder,USA,2018,2,59,1,0.0,1.0,0.0,-75.0,0.0,0.25,0.0,0.0,0.0,2018-19
10120,Grayson Allen,UTA,23.0,195.58,89.811216,Duke,USA,2018,1,21,38,5.6,0.6,0.7,-13.6,0.0069999999999999,0.047,0.238,0.516,0.102,2018-19
10123,Hamidou Diallo,OKC,20.0,195.58,89.811216,Kentucky,USA,2018,2,45,51,3.7,1.9,0.3,-6.8,0.065,0.11,0.16,0.497,0.044,2018-19
10125,Harry Giles III,SAC,21.0,208.28,108.86208,Duke,USA,2017,1,20,58,7.0,3.8,1.5,-5.0,0.076,0.171,0.2269999999999999,0.526,0.155,2018-19
10127,Haywood Highsmith,PHI,22.0,200.66,99.79024,,USA,Undrafted,Undrafted,Undrafted,5,1.8,1.0,0.4,-27.6,0.0,0.143,0.115,0.414,0.067,2018-19
10133,Frank Jackson,NOP,21.0,190.5,92.98636,Duke,USA,2017,2,31,61,8.1,2.2,1.1,-5.0,0.019,0.085,0.178,0.517,0.08,2018-19
10137,Donte DiVincenzo,MIL,22.0,193.04,92.079176,Villanova,USA,2018,1,17,27,4.9,2.4,1.1,12.6,0.036,0.099,0.145,0.507,0.102,2018-19
10138,Donte Grantham,OKC,24.0,203.2,97.52228,Clemson,USA,Undrafted,Undrafted,Undrafted,3,0.0,0.0,0.0,-53.3,0.0,0.0,0.3329999999999999,0.0,0.0,2018-19
10143,Drew Eubanks,SAS,22.0,208.28,111.13004,,USA,Undrafted,Undrafted,Undrafted,23,1.8,1.5,0.3,-10.0,0.0559999999999999,0.214,0.148,0.6459999999999999,0.1,2018-19
10144,Duncan Robinson,MIA,25.0,203.2,95.25432,Michigan,USA,Undrafted,Undrafted,Undrafted,15,3.3,1.3,0.3,-10.9,0.011,0.091,0.134,0.514,0.045,2018-19
10145,Dusty Hannahs,MEM,25.0,193.04,88.45044,Arkansas,USA,Undrafted,Undrafted,Undrafted,2,4.0,0.5,2.5,-17.5,0.0,0.036,0.222,0.311,0.357,2018-19
10150,Dzanan Musa,BKN,20.0,205.74,94.347136,,Bosnia and Herzegovina,2018,1,29,9,2.1,0.6,0.2,10.6,0.019,0.105,0.25,0.415,0.083,2018-19
10156,Elie Okobo,PHX,21.0,190.5,86.18248,,France,2018,2,31,53,5.7,1.8,2.4,-9.9,0.012,0.092,0.168,0.489,0.198,2018-19
10157,Emanuel Terry,MIA,22.0,205.74,99.79024,,USA,Undrafted,Undrafted,Undrafted,3,3.3,2.3,0.7,5.6,0.143,0.235,0.183,0.5710000000000001,0.125,2018-19
10166,Isaac Bonga,LAL,19.0,203.2,81.64656,,Germany,2018,2,39,22,0.9,1.1,0.7,7.0,0.064,0.113,0.151,0.24,0.163,2018-19
10167,Isaac Humphries,ATL,21.0,213.36,117.93392,Kentucky,Australia,Undrafted,Undrafted,Undrafted,5,3.0,2.2,0.0,-17.1,0.055,0.123,0.142,0.357,0.0,2018-19
10168,Jarred Vanderbilt,DEN,20.0,205.74,97.068688,Kentucky,USA,2018,2,41,17,1.4,1.4,0.2,4.5,0.084,0.205,0.179,0.513,0.064,2018-19
10172,Jaylen Adams,ATL,23.0,187.96,86.18248,St. Bonaventure,USA,Undrafted,Undrafted,Undrafted,34,3.2,1.8,1.9,-6.5,0.022,0.109,0.131,0.474,0.201,2018-19
10178,Jemerrio Jones,LAL,24.0,195.58,78.92500799999999,,USA,Undrafted,Undrafted,Undrafted,6,4.5,8.2,2.2,10.7,0.1,0.198,0.108,0.3979999999999999,0.115,2018-19
10183,Jerome Robinson,LAC,22.0,195.58,86.18248,Boston College,USA,2018,1,13,33,3.4,1.2,0.6,-3.4,0.009,0.109,0.159,0.491,0.08,2018-19
10185,Jevon Carter,MEM,23.0,187.96,88.904032,West Virginia,USA,2018,2,32,39,4.4,1.7,1.8,-6.8,0.023,0.09,0.172,0.432,0.184,2018-19
10190,Joe Chealey,CHA,23.0,190.5,86.18248,College of Charleston,USA,Undrafted,Undrafted,Undrafted,1,2.0,0.0,1.0,-25.8,0.0,0.0,0.176,0.3329999999999999,0.25,2018-19
10197,Jaron Blossomgame,CLE,25.0,203.2,99.79024,Clemson,USA,2017,2,59,27,4.2,3.6,0.5,-6.0,0.055,0.162,0.12,0.51,0.043,2018-19
10198,Jaren Jackson Jr.,MEM,19.0,210.82,109.769264,Michigan State,USA,2018,1,4,58,13.8,4.7,1.1,-2.3,0.049,0.132,0.231,0.591,0.074,2018-19
10200,Jared Terrell,MIN,24.0,190.5,102.965384,Rhode Island,USA,Undrafted,Undrafted,Undrafted,14,2.2,0.4,0.9,-12.3,0.008,0.044,0.1969999999999999,0.372,0.182,2018-19
10201,Isaiah Briscoe,ORL,23.0,190.5,97.52228,,USA,Undrafted,Undrafted,Undrafted,39,3.5,1.9,2.2,2.0,0.008,0.111,0.139,0.455,0.226,2018-19
10203,Isaiah Hartenstein,HOU,21.0,213.36,112.944408,,Germany,2017,2,43,28,1.9,1.7,0.5,9.6,0.089,0.118,0.1119999999999999,0.562,0.1,2018-19
10210,J.P. Macura,CHA,24.0,195.58,92.98636,Xavier,USA,Undrafted,Undrafted,Undrafted,2,3.0,1.5,1.0,-2.2,0.0,0.143,0.209,0.3329999999999999,0.2,2018-19
10217,Jacob Evans,GSW,22.0,198.12,95.25432,Cincinnati,USA,2018,1,28,30,1.3,0.8,0.8,-5.9,0.0289999999999999,0.084,0.134,0.374,0.15,2018-19
10222,Jalen Brunson,DAL,22.0,190.5,86.18248,Villanova,USA,2018,2,33,73,9.3,2.3,3.2,-2.8,0.015,0.087,0.186,0.5489999999999999,0.223,2018-19
10235,BJ Johnson,SAC,23.0,200.66,90.7184,,USA,Undrafted,Undrafted,Undrafted,7,3.3,1.1,0.0,-12.6,0.038,0.15,0.178,0.609,0.0,2018-19
10239,Billy Garrett,NYK,24.0,198.12,97.52228,DePaul,USA,Undrafted,Undrafted,Undrafted,4,6.5,0.8,1.8,-8.6,0.0,0.0409999999999999,0.215,0.452,0.1889999999999999,2018-19
10246,Bonzie Colson,MIL,23.0,198.12,102.0582,Notre Dame,USA,Undrafted,Undrafted,Undrafted,8,4.9,3.8,0.4,-9.2,0.065,0.182,0.174,0.4539999999999999,0.04,2018-19
10247,Brad Wanamaker,BOS,29.0,193.04,95.25432,Pittsburgh,USA,Undrafted,Undrafted,Undrafted,36,3.9,1.1,1.6,8.8,0.008,0.096,0.162,0.597,0.225,2018-19
10249,Brandon Goodwin,DEN,23.0,187.96,81.64656,,USA,Undrafted,Undrafted,Undrafted,16,1.4,0.2,0.9,8.0,0.016,0.038,0.22,0.413,0.298,2018-19
10252,Brandon Sampson,CHI,22.0,195.58,83.46092800000001,,USA,Undrafted,Undrafted,Undrafted,14,5.1,1.1,0.7,-6.0,0.0139999999999999,0.063,0.154,0.5670000000000001,0.063,2018-19
10254,Bruce Brown,DET,22.0,195.58,91.625584,Miami,USA,2018,2,42,74,4.3,2.5,1.2,0.7,0.032,0.092,0.113,0.469,0.087,2018-19
10263,Cameron Reynolds,MIN,24.0,203.2,102.0582,,USA,Undrafted,Undrafted,Undrafted,19,5.0,1.6,0.7,-4.9,0.0139999999999999,0.102,0.141,0.58,0.073,2018-19
10268,Zhaire Smith,PHI,20.0,193.04,90.264808,Texas Tech,USA,2018,1,16,6,6.7,2.2,1.7,7.3,0.0279999999999999,0.087,0.166,0.5329999999999999,0.1009999999999999,2018-19
10270,Aaron Holiday,IND,22.0,185.42,83.91452,UCLA,USA,2018,1,23,50,5.9,1.3,1.7,7.0,0.008,0.088,0.206,0.518,0.18,2018-19
10281,Alize Johnson,IND,23.0,205.74,96.161504,Missouri State,USA,2018,2,50,14,0.9,1.4,0.1,-1.6,0.051,0.192,0.1159999999999999,0.3329999999999999,0.018,2018-19
10283,Allonzo Trier,NYK,23.0,195.58,90.7184,Arizona,USA,Undrafted,Undrafted,Undrafted,64,10.9,3.1,1.9,-7.2,0.02,0.107,0.207,0.564,0.131,2018-19
10284,Amile Jefferson,ORL,26.0,205.74,100.697424,Duke,USA,Undrafted,Undrafted,Undrafted,12,2.3,1.8,0.3,8.8,0.0819999999999999,0.25,0.125,0.6920000000000001,0.052,2018-19
10292,Anfernee Simons,POR,20.0,193.04,83.91452,,USA,2018,1,24,20,3.8,0.7,0.7,-17.6,0.022,0.067,0.24,0.535,0.135,2018-19
10293,Angel Delgado,LAC,24.0,208.28,111.13004,,Dominican Republic,Undrafted,Undrafted,Undrafted,2,1.5,2.0,0.0,7.0,0.083,0.143,0.15,0.255,0.0,2018-19
10300,Chandler Hutchison,CHI,23.0,200.66,89.357624,Boise State,USA,2018,1,22,44,5.2,4.2,0.8,-5.6,0.033,0.1669999999999999,0.121,0.507,0.055,2018-19
10306,De'Anthony Melton,PHX,21.0,193.04,90.7184,USC,USA,2018,2,46,50,5.0,2.7,3.2,-7.9,0.025,0.114,0.147,0.466,0.214,2018-19
10312,DeVaughn Akoon-Purcell,DEN,26.0,198.12,90.7184,Illinois State,Trinidad and Tobago,Undrafted,Undrafted,Undrafted,7,1.0,0.6,0.9,4.2,0.043,0.15,0.228,0.322,0.375,2018-19
10313,Deandre Ayton,PHX,20.0,215.9,113.398,Arizona,Bahamas,2018,1,1,71,16.3,10.3,1.8,-8.1,0.1009999999999999,0.24,0.21,0.608,0.094,2018-19
10316,Deng Adel,CLE,22.0,200.66,90.7184,,South Sudan,Undrafted,Undrafted,Undrafted,19,1.7,1.0,0.3,-9.5,0.0139999999999999,0.089,0.0969999999999999,0.424,0.038,2018-19
10319,Deonte Burton,OKC,25.0,195.58,111.13004,Iowa State,USA,Undrafted,Undrafted,Undrafted,32,2.6,0.9,0.3,4.3,0.0139999999999999,0.09,0.159,0.47,0.057,2018-19
10327,Devonte' Graham,CHA,24.0,187.96,83.91452,Kansas,USA,2018,2,34,46,4.7,1.4,2.6,-7.3,0.013,0.078,0.166,0.4589999999999999,0.266,2018-19
10338,Chimezie Metu,SAS,22.0,208.28,102.0582,USC,USA,2018,2,49,29,1.8,1.2,0.4,-1.3,0.061,0.179,0.223,0.389,0.14,2018-19
10340,Chris Chiozza,HOU,23.0,182.88,79.3786,,USA,Undrafted,Undrafted,Undrafted,7,0.9,0.6,0.6,-25.0,0.021,0.111,0.108,0.375,0.19,2018-19
10345,Collin Sexton,CLE,20.0,187.96,86.18248,Alabama,USA,2018,1,8,82,16.7,2.9,3.0,-12.5,0.021,0.072,0.247,0.52,0.154,2018-19
10354,Dairis Bertans,NOP,29.0,193.04,90.7184,,Latvia,Undrafted,Undrafted,Undrafted,12,2.8,0.8,0.8,-15.0,0.011,0.036,0.12,0.362,0.078,2018-19
10366,Daryl Macon,DAL,23.0,190.5,83.91452,Arkansas,USA,Undrafted,Undrafted,Undrafted,8,3.6,1.5,0.9,-2.1,0.019,0.099,0.1669999999999999,0.482,0.123,2018-19
10367,Johnathan Williams,LAL,24.0,205.74,103.418976,Gonzaga,USA,Undrafted,Undrafted,Undrafted,24,6.5,4.1,0.5,7.6,0.1159999999999999,0.13,0.158,0.599,0.051,2018-19
10372,Ryan Broekhoff,DAL,28.0,200.66,97.52228,,Australia,Undrafted,Undrafted,Undrafted,42,4.0,1.5,0.5,8.3,0.017,0.113,0.14,0.621,0.069,2018-19
10380,Shai Gilgeous-Alexander,LAC,20.0,198.12,82.10015200000001,Kentucky,Canada,2018,1,11,82,10.8,2.8,3.3,-2.0,0.026,0.078,0.182,0.5539999999999999,0.179,2018-19
10381,Shake Milton,PHI,22.0,198.12,93.893544,Southern Methodist,USA,2018,2,54,20,4.4,1.8,0.9,-1.1,0.031,0.096,0.147,0.483,0.086,2018-19
10393,Svi Mykhailiuk,DET,22.0,203.2,92.98636,Kansas,Ukraine,2018,2,47,42,3.2,0.9,0.9,-0.5,0.019,0.055,0.157,0.447,0.11,2018-19
10398,Tahjere McCall,BKN,24.0,195.58,86.18248,Tennessee State,USA,Undrafted,Undrafted,Undrafted,1,4.0,1.0,0.0,63.9,0.0,0.2,0.136,0.581,0.0,2018-19
10417,Rawle Alkins,CHI,21.0,195.58,102.0582,,USA,Undrafted,Undrafted,Undrafted,10,3.7,2.6,1.3,-5.5,0.077,0.12,0.173,0.418,0.1369999999999999,2018-19
10418,Ray Spalding,PHX,22.0,208.28,97.52228,Louisville,USA,2018,2,56,14,3.9,3.4,0.4,-6.8,0.091,0.19,0.1639999999999999,0.516,0.052,2018-19
10425,Robert Williams III,BOS,21.0,208.28,108.86208,Texas A&M,USA,2018,1,27,32,2.5,2.5,0.2,-5.9,0.086,0.1639999999999999,0.1009999999999999,0.703,0.04,2018-19
10427,Rodions Kurucs,BKN,21.0,205.74,95.25432,,Latvia,2018,2,40,63,8.5,3.9,0.8,-0.4,0.04,0.131,0.175,0.545,0.057,2018-19
10442,Vincent Edwards,HOU,23.0,203.2,102.0582,Purdue,USA,2018,2,52,2,1.5,1.0,0.0,-6.1,0.059,0.059,0.111,0.375,0.0,2018-19
10447,Wendell Carter Jr.,CHI,20.0,208.28,115.66596,Duke,USA,2018,1,7,44,10.3,7.0,1.8,-11.7,0.075,0.198,0.192,0.541,0.118,2018-19
10455,Yante Maten,MIA,22.0,203.2,108.86208,,USA,Undrafted,Undrafted,Undrafted,2,1.0,1.5,0.0,14.8,0.071,0.095,0.133,0.25,0.0,2018-19
10457,Yuta Watanabe,MEM,24.0,205.74,92.98636,George Washington,Japan,Undrafted,Undrafted,Undrafted,15,2.6,2.1,0.5,5.5,0.022,0.152,0.148,0.352,0.063,2018-19
10460,Zach Lofton,DET,26.0,193.04,81.64656,New Mexico State,USA,Undrafted,Undrafted,Undrafted,1,0.0,0.0,0.0,0.0,0.0,0.0,0.25,0.0,0.0,2018-19
10472,Theo Pinson,BKN,23.0,198.12,98.883056,,USA,Undrafted,Undrafted,Undrafted,18,4.5,2.0,1.2,-0.6,0.015,0.126,0.191,0.49,0.1669999999999999,2018-19
10474,Thomas Welsh,DEN,23.0,213.36,115.66596,UCLA,USA,2018,2,58,11,1.6,0.4,0.5,2.3,0.0,0.114,0.153,0.648,0.2,2018-19
10484,Trae Young,ATL,20.0,187.96,81.64656,Oklahoma,USA,2018,1,5,81,19.1,3.7,8.1,-6.3,0.024,0.091,0.2769999999999999,0.539,0.39,2018-19
10486,Trevon Duval,HOU,20.0,187.96,85.728888,,USA,Undrafted,Undrafted,Undrafted,3,1.7,0.3,0.7,7.7,0.0,0.2,0.231,0.833,0.667,2018-19
10491,Troy Brown Jr.,WAS,19.0,200.66,97.52228,Oregon,USA,2018,1,15,52,4.8,2.8,1.5,-0.3,0.045,0.149,0.158,0.487,0.147,2018-19
10492,Troy Caupain,ORL,23.0,193.04,95.25432,Cincinnati,USA,Undrafted,Undrafted,Undrafted,4,2.5,0.8,1.0,25.0,0.071,0.154,0.216,0.625,0.4,2018-19
10496,Tyler Davis,OKC,22.0,208.28,120.655472,,USA,Undrafted,Undrafted,Undrafted,1,0.0,1.0,0.0,0.0,0.5,0.0,0.3329999999999999,0.0,0.0,2018-19
10500,Omari Spellman,ATL,21.0,205.74,111.13004,Villanova,USA,2018,1,30,46,5.9,4.2,1.0,-10.3,0.08,0.144,0.146,0.516,0.085,2018-19
10502,Kenrich Williams,NOP,24.0,200.66,95.25432,,USA,Undrafted,Undrafted,Undrafted,46,6.1,4.8,1.8,-3.8,0.046,0.145,0.119,0.485,0.094,2018-19
10506,Kevin Huerter,ATL,20.0,200.66,86.18248,Maryland,USA,2018,1,19,75,9.7,3.3,2.9,-2.2,0.027,0.087,0.153,0.5329999999999999,0.139,2018-19
10507,Kevin Knox II,NYK,19.0,205.74,97.52228,Kentucky,USA,2018,1,9,75,12.8,4.5,1.1,-13.6,0.025,0.12,0.2189999999999999,0.475,0.06,2018-19
10512,Khyri Thomas,DET,23.0,190.5,95.25432,Creighton,USA,2018,2,38,26,2.3,0.8,0.3,-8.0,0.017,0.0819999999999999,0.158,0.413,0.067,2018-19
10516,Kostas Antetokounmpo,DAL,21.0,208.28,90.7184,University of Dayton,Greece,2018,2,60,2,1.0,0.5,0.0,17.6,0.0,0.111,0.24,0.21,0.0,2018-19
10527,Landry Shamet,LAC,22.0,195.58,85.275296,Wichita State,USA,2018,1,26,79,9.1,1.7,1.5,1.7,0.011,0.06,0.145,0.604,0.09,2018-19
10533,Keita Bates-Diop,MIN,23.0,205.74,103.872568,Ohio State,USA,2018,2,48,30,5.0,2.8,0.6,-5.1,0.0289999999999999,0.129,0.14,0.489,0.047,2018-19
10536,Jonah Bolden,PHI,23.0,208.28,99.79024,,Australia,2017,2,36,44,4.7,3.8,0.9,-1.8,0.067,0.173,0.131,0.595,0.085,2018-19
10543,Jordan Loyd,TOR,25.0,193.04,95.25432,,USA,Undrafted,Undrafted,Undrafted,12,2.4,0.8,0.5,-15.7,0.017,0.133,0.159,0.635,0.182,2018-19
10545,Jordan Sibert,ATL,26.0,193.04,84.821704,University of Dayton,USA,Undrafted,Undrafted,Undrafted,1,3.0,0.0,0.0,-36.7,0.0,0.0,0.083,1.5,0.0,2018-19
10553,Julian Washburn,MEM,27.0,203.2,94.800728,Texas-El Paso,USA,Undrafted,Undrafted,Undrafted,18,2.2,2.3,0.8,-2.0,0.027,0.128,0.096,0.402,0.083,2018-19
10564,Josh Okogie,MIN,20.0,193.04,96.161504,Georgia Institute of Technology,Nigeria,2018,1,20,74,7.7,2.9,1.2,-1.0,0.021,0.098,0.148,0.492,0.068,2018-19
10569,Mikal Bridges,PHX,22.0,200.66,95.25432,Villanova,USA,2018,1,10,82,8.3,3.2,2.1,-6.8,0.023,0.085,0.119,0.556,0.0969999999999999,2018-19
10573,Miles Bridges,CHA,21.0,200.66,102.0582,Michigan State,USA,2018,1,12,80,7.5,4.0,1.2,-3.7,0.037,0.148,0.147,0.5479999999999999,0.081,2018-19
10576,Mitchell Creek,MIN,27.0,198.12,102.0582,,Australia,Undrafted,Undrafted,Undrafted,5,4.2,2.4,1.2,8.9,0.109,0.105,0.1689999999999999,0.55,0.188,2018-19
10577,Mitchell Robinson,NYK,21.0,215.9,108.86208,,USA,2018,2,36,66,7.3,6.4,0.6,-6.2,0.122,0.166,0.119,0.6920000000000001,0.042,2018-19
10578,Mo Bamba,ORL,21.0,213.36,100.243832,University of Texas at Austin,USA,2018,1,6,47,6.2,5.0,0.8,-14.9,0.074,0.213,0.174,0.539,0.086,2018-19
10581,Moritz Wagner,LAL,22.0,210.82,111.13004,Michigan,Germany,2018,1,25,43,4.8,2.0,0.6,-9.8,0.035,0.142,0.21,0.5329999999999999,0.084,2018-19
10594,Lonnie Walker IV,SAS,20.0,195.58,92.98636,Miami,USA,2018,1,18,17,2.6,1.0,0.5,-24.3,0.0,0.122,0.196,0.446,0.143,2018-19
10600,Melvin Frazier Jr.,ORL,22.0,198.12,90.7184,Tulane,USA,2018,2,35,10,1.5,0.5,0.1,-13.5,0.053,0.045,0.205,0.33,0.032,2018-19
10605,Luka Doncic,DAL,20.0,200.66,98.883056,,Slovenia,2018,1,3,72,21.2,7.8,6.0,-3.1,0.036,0.198,0.296,0.545,0.317,2018-19
10617,Marcus Derrickson,GSW,23.0,200.66,112.944408,,USA,Undrafted,Undrafted,Undrafted,11,4.2,1.2,0.1,-7.2,0.104,0.063,0.235,0.653,0.026,2018-19
10623,Marvin Bagley III,SAC,20.0,210.82,106.140528,Duke,USA,2018,1,2,62,14.9,7.6,1.0,-3.2,0.092,0.18,0.237,0.562,0.06,2018-19
10638,Jalen McDaniels,CHA,22.0,208.28,92.98636,San Diego State,USA,2019,2,52,16,5.6,4.1,0.8,-3.6,0.05,0.172,0.131,0.574,0.069,2019-20
10647,Jalen Lecque,PHX,20.0,193.04,83.91452,,USA,Undrafted,Undrafted,Undrafted,5,2.0,0.4,0.4,-20.2,0.0,0.057,0.186,0.46,0.118,2019-20
10648,Jared Harper,NYK,22.0,177.8,79.3786,Auburn,USA,Undrafted,Undrafted,Undrafted,3,0.7,0.0,0.0,-61.1,0.0,0.0,0.222,0.25,0.0,2019-20
10655,Jeremiah Martin,BKN,24.0,187.96,83.91452,Memphis,USA,Undrafted,Undrafted,Undrafted,9,7.1,1.1,2.0,-8.4,0.01,0.089,0.268,0.541,0.3,2019-20
10659,Jaylen Nowell,MIN,20.0,193.04,91.171992,Washington,USA,2019,2,43,15,3.8,0.9,1.3,1.2,0.016,0.065,0.165,0.471,0.1939999999999999,2019-20
10660,Jaylen Hoard,POR,21.0,203.2,97.975872,Wake Forest,France,Undrafted,Undrafted,Undrafted,13,2.9,2.5,0.3,3.0,0.111,0.158,0.153,0.504,0.054,2019-20
10662,Jaxson Hayes,NOP,20.0,210.82,99.79024,Texas-Austin,USA,2019,1,8,64,7.4,4.0,0.9,-1.8,0.085,0.14,0.146,0.6890000000000001,0.074,2019-20
10663,Javonte Green,BOS,26.0,193.04,92.98636,Radford,USA,Undrafted,Undrafted,Undrafted,48,3.4,1.9,0.5,-2.6,0.051,0.134,0.149,0.564,0.079,2019-20
10665,Jarrett Culver,MIN,21.0,198.12,88.45044,Texas Tech,USA,2019,1,6,63,9.2,3.4,1.7,-3.3,0.0409999999999999,0.092,0.187,0.467,0.105,2019-20
10667,Jarrell Brantley,UTA,24.0,195.58,113.398,College of Charleston,USA,2019,2,50,9,2.7,2.2,1.2,-17.0,0.019,0.1889999999999999,0.155,0.416,0.193,2019-20
10669,Ja Morant,MEM,20.0,190.5,78.92500799999999,Murray State,USA,2019,1,2,67,17.8,3.9,7.3,-0.6,0.024,0.09,0.256,0.556,0.354,2019-20
10672,Goga Bitadze,IND,20.0,210.82,113.398,,Georgia,2019,1,18,54,3.2,2.0,0.4,-1.4,0.052,0.146,0.17,0.523,0.066,2019-20
10682,Gabe Vincent,MIA,24.0,190.5,90.7184,California-Santa Barbara,USA,Undrafted,Undrafted,Undrafted,9,2.4,0.6,0.7,-15.9,0.0,0.053,0.196,0.297,0.12,2019-20
10688,Garrison Mathews,WAS,23.0,195.58,97.52228,Lipscomb,USA,Undrafted,Undrafted,Undrafted,18,5.4,1.3,0.6,7.1,0.025,0.075,0.1369999999999999,0.691,0.063,2019-20
10691,Grant Williams,BOS,21.0,198.12,107.047712,Tennessee,USA,2019,1,22,69,3.4,2.6,1.0,6.3,0.053,0.106,0.1119999999999999,0.505,0.085,2019-20
10697,Isaiah Roby,OKC,22.0,203.2,104.32616,Nebraska-Lincoln,USA,2019,2,45,3,0.0,0.7,0.0,-11.5,0.0,0.1669999999999999,0.071,0.0,0.0,2019-20
10701,Ignas Brazdeikis,NYK,21.0,198.12,100.243832,Michigan,Canada,2019,2,47,9,1.9,0.6,0.4,-7.1,0.036,0.068,0.218,0.351,0.114,2019-20
10713,Kevin Porter Jr.,CLE,20.0,193.04,92.079176,Southern California,USA,2019,1,30,50,10.0,3.2,2.2,-11.2,0.018,0.121,0.2019999999999999,0.535,0.147,2019-20
10717,Kevin Hervey,OKC,23.0,205.74,104.32616,Texas-Arlington,USA,2018,2,57,10,1.7,1.2,0.5,-28.9,0.012,0.216,0.1889999999999999,0.315,0.192,2019-20
10725,Keldon Johnson,SAS,20.0,195.58,99.79024,Kentucky,USA,2019,1,29,17,9.1,3.4,0.9,11.3,0.033,0.146,0.1639999999999999,0.711,0.066,2019-20
10726,Kelan Martin,MIN,24.0,195.58,104.32616,Butler,USA,Undrafted,Undrafted,Undrafted,31,6.4,3.1,0.7,-1.7,0.021,0.154,0.171,0.506,0.071,2019-20
10729,Kendrick Nunn,MIA,24.0,187.96,86.18248,Oakland,USA,Undrafted,Undrafted,Undrafted,67,15.3,2.7,3.3,1.2,0.011,0.079,0.236,0.534,0.182,2019-20
10744,Kyle Guy,SAC,22.0,185.42,75.749864,Virginia,USA,2019,2,55,3,1.3,0.3,0.3,-45.8,0.0,0.091,0.2,0.4,0.125,2019-20
10746,Kyle Alexander,MIA,23.0,208.28,97.975872,Tennessee,Canada,Undrafted,Undrafted,Undrafted,2,1.0,1.5,0.0,-6.7,0.111,0.067,0.079,0.5,0.0,2019-20
10747,Ky Bowman,GSW,23.0,185.42,84.821704,Boston College,USA,Undrafted,Undrafted,Undrafted,45,7.4,2.7,2.9,-8.4,0.022,0.093,0.168,0.494,0.2019999999999999,2019-20
10752,KZ Okpala,MIA,21.0,203.2,97.52228,Stanford,USA,2019,2,32,5,1.4,1.0,0.2,-31.7,0.038,0.16,0.102,0.595,0.077,2019-20
10753,Juwan Morgan,UTA,23.0,200.66,105.233344,Indiana,USA,Undrafted,Undrafted,Undrafted,21,1.7,1.4,0.3,12.0,0.07,0.128,0.1009999999999999,0.648,0.053,2019-20
10755,Jordan McLaughlin,MIN,24.0,180.34,83.91452,Southern California,USA,Undrafted,Undrafted,Undrafted,30,7.6,1.6,4.2,-5.8,0.01,0.079,0.151,0.5870000000000001,0.303,2019-20
10757,Jordan Bone,DET,22.0,190.5,81.64656,Tennessee,USA,2019,2,57,10,1.2,0.4,0.8,-2.9,0.0,0.091,0.171,0.3,0.235,2019-20
10764,John Konchar,MEM,24.0,195.58,95.25432,Indiana-Purdue Fort Wayne,USA,Undrafted,Undrafted,Undrafted,19,2.8,2.5,1.2,4.9,0.093,0.152,0.0969999999999999,0.713,0.161,2019-20
10771,Jordan Poole,GSW,21.0,193.04,87.996848,Michigan,USA,2019,1,28,57,8.8,2.1,2.4,-8.2,0.0069999999999999,0.087,0.2,0.4539999999999999,0.16,2019-20
10777,Justin Wright-Foreman,UTA,22.0,182.88,86.18248,Hofstra,USA,2019,2,53,4,4.8,1.3,1.8,-32.5,0.0,0.125,0.225,0.437,0.292,2019-20
10778,Justin Robinson,WAS,22.0,185.42,88.45044,Virginia Tech ,USA,2019,Undrafted,Undrafted,9,1.4,0.6,0.8,29.9,0.022,0.098,0.133,0.542,0.1939999999999999,2019-20
10780,Justin James,SAC,23.0,200.66,86.18248,Wyoming,USA,2019,2,40,36,2.5,0.9,0.5,-2.4,0.024,0.111,0.181,0.477,0.118,2019-20
10786,Juan Toscano-Anderson,GSW,27.0,198.12,94.800728,Marquette,USA,Undrafted,Undrafted,Undrafted,13,5.3,4.0,2.0,-12.0,0.031,0.163,0.125,0.529,0.144,2019-20
10789,Josh Reaves,DAL,23.0,193.04,97.068688,Penn State,USA,Undrafted,Undrafted,Undrafted,4,2.0,0.8,0.8,15.5,0.03,0.063,0.161,0.405,0.158,2019-20
10796,Caleb Martin,CHA,24.0,195.58,92.98636,Nevada-Reno,USA,Undrafted,Undrafted,Undrafted,18,6.2,2.1,1.3,0.8,0.03,0.086,0.152,0.595,0.122,2019-20
10801,Bruno Fernando,ATL,21.0,205.74,108.86208,Maryland,Angola,2019,2,34,56,4.3,3.5,0.9,-5.6,0.085,0.179,0.147,0.542,0.1009999999999999,2019-20
10805,Brian Bowen II,IND,21.0,198.12,86.18248,,USA,Undrafted,Undrafted,Undrafted,6,1.0,1.2,0.0,15.7,0.032,0.162,0.143,0.3,0.0,2019-20
10809,Brandon Clarke,MEM,23.0,203.2,97.52228,Gonzaga,Canada,2019,1,21,58,12.1,5.9,1.4,-0.1,0.067,0.177,0.18,0.6629999999999999,0.092,2019-20
10813,Cam Reddish,ATL,20.0,203.2,98.883056,Duke,USA,2019,1,10,58,10.5,3.7,1.5,-6.3,0.021,0.11,0.185,0.5,0.079,2019-20
10814,Cameron Johnson,PHX,24.0,203.2,95.25432,North Carolina,USA,2019,1,11,57,8.8,3.3,1.2,1.0,0.037,0.109,0.151,0.586,0.078,2019-20
10818,Chris Silva,MIA,23.0,203.2,106.140528,South Carolina,Gabon,Undrafted,Undrafted,Undrafted,44,3.0,2.9,0.5,-6.0,0.162,0.184,0.155,0.6509999999999999,0.103,2019-20
10820,Chris Clemons,HOU,22.0,175.26,81.64656,Campbell University,USA,Undrafted,Undrafted,Undrafted,33,4.9,0.9,0.8,-8.8,0.012,0.08,0.235,0.5479999999999999,0.162,2019-20
10826,Charlie Brown Jr.,ATL,23.0,198.12,90.264808,St. Joseph's (PA),USA,Undrafted,Undrafted,Undrafted,10,2.0,0.4,0.2,33.9,0.04,0.048,0.231,0.472,0.077,2019-20
10830,Carsen Edwards,BOS,22.0,180.34,90.7184,Purdue,USA,2019,2,33,37,3.3,1.3,0.6,-5.5,0.0139999999999999,0.107,0.171,0.444,0.111,2019-20
10833,Bol Bol,DEN,20.0,218.44,99.79024,Oregon,Sudan,2019,2,44,7,5.7,2.7,0.9,-9.8,0.057,0.171,0.206,0.617,0.103,2019-20
10834,Coby White,CHI,20.0,193.04,88.45044,North Carolina,USA,2019,1,7,65,13.2,3.5,2.7,-4.4,0.015,0.128,0.235,0.506,0.162,2019-20
10843,Alen Smailagic,GSW,19.0,208.28,97.52228,,Serbia,2019,2,39,14,4.2,1.9,0.9,-3.0,0.077,0.11,0.175,0.61,0.133,2019-20
10847,Admiral Schofield,WAS,23.0,195.58,109.315672,Tennessee,United Kingdom,2019,2,42,33,3.0,1.4,0.5,-7.1,0.017,0.106,0.118,0.502,0.057,2019-20
10848,Adam Mokoka,CHI,21.0,195.58,86.18248,,France,Undrafted,Undrafted,Undrafted,11,2.9,0.9,0.4,17.1,0.057,0.0289999999999999,0.11,0.5379999999999999,0.043,2019-20
10854,Amir Coffey,LAC,23.0,200.66,95.25432,Minnesota,USA,Undrafted,Undrafted,Undrafted,18,3.2,0.9,0.8,-0.5,0.025,0.066,0.174,0.493,0.139,2019-20
10866,Anzejs Pasecniks,WAS,24.0,218.44,103.872568,,Latvia,2017,1,25,27,5.8,4.0,0.7,0.2,0.086,0.153,0.151,0.551,0.0579999999999999,2019-20
10875,Cody Martin,CHA,24.0,195.58,92.98636,Nevada-Reno,USA,2019,2,36,48,5.0,3.3,2.0,-3.2,0.039,0.14,0.131,0.505,0.154,2019-20
10881,Donta Hall,BKN,22.0,205.74,103.872568,Alabama,USA,Undrafted,Undrafted,Undrafted,9,4.3,4.2,0.4,-12.0,0.093,0.1969999999999999,0.109,0.652,0.048,2019-20
10887,Dewan Hernandez,TOR,23.0,208.28,106.59412,Miami,USA,2019,2,59,6,2.3,2.3,0.5,17.2,0.172,0.265,0.257,0.432,0.125,2019-20
10889,Devontae Cacok,LAL,23.0,203.2,108.86208,North Carolina-Wilmington,USA,Undrafted,Undrafted,Undrafted,1,6.0,5.0,1.0,22.7,0.1669999999999999,0.3329999999999999,0.222,0.5,0.125,2019-20
10890,Devon Hall,OKC,24.0,195.58,97.52228,Virginia,USA,2018,2,53,11,1.8,0.6,1.2,3.8,0.019,0.06,0.182,0.298,0.217,2019-20
10899,Eric Paschall,GSW,23.0,198.12,115.66596,Villanova,USA,2019,2,41,60,14.0,4.6,2.1,-10.6,0.047,0.1159999999999999,0.207,0.5710000000000001,0.126,2019-20
10900,Eric Mika,SAC,25.0,208.28,105.68693600000002,Brigham Young,USA,2017,Undrafted,Undrafted,1,6.0,7.0,0.0,19.5,0.111,0.263,0.089,0.773,0.0,2019-20
10923,Daniel Gafford,CHI,21.0,208.28,106.140528,Arkansas,USA,2019,2,38,43,5.1,2.5,0.5,-1.9,0.081,0.092,0.131,0.6859999999999999,0.051,2019-20
10928,DaQuan Jeffries,SAC,22.0,195.58,104.32616,Tulsa,USA,Undrafted,Undrafted,Undrafted,13,3.8,1.4,0.5,3.0,0.021,0.105,0.129,0.586,0.06,2019-20
10939,Darius Garland,CLE,20.0,185.42,87.089664,Vanderbilt,USA,2019,1,5,59,12.3,1.9,3.9,-8.7,0.0139999999999999,0.046,0.201,0.498,0.182,2019-20
10946,Dean Wade,CLE,23.0,205.74,103.418976,Kansas State,USA,Undrafted,Undrafted,Undrafted,12,1.7,1.6,0.2,-6.5,0.038,0.213,0.091,0.7440000000000001,0.039,2019-20
10952,De'Andre Hunter,ATL,22.0,200.66,102.0582,Virginia,USA,2019,1,4,63,12.3,4.5,1.8,-5.5,0.021,0.1159999999999999,0.173,0.521,0.079,2019-20
10957,Darius Bazley,OKC,20.0,203.2,94.347136,,USA,2019,1,23,61,5.6,4.0,0.7,-3.2,0.025,0.172,0.146,0.497,0.054,2019-20
10965,T.J. Leaf,IND,23.0,208.28,100.697424,UCLA,USA,2017,1,18,28,3.0,2.5,0.3,0.2,0.094,0.174,0.18,0.451,0.057,2019-20
10968,Tacko Fall,BOS,24.0,226.06,141.067112,Central Florida,Senegal,Undrafted,Undrafted,Undrafted,7,3.3,2.1,0.1,12.7,0.036,0.326,0.25,0.7509999999999999,0.067,2019-20
10970,Talen Horton-Tucker,LAL,19.0,193.04,106.140528,Iowa State,USA,2019,2,46,6,5.7,1.2,1.0,-9.5,0.022,0.0559999999999999,0.18,0.535,0.107,2019-20
10971,Tariq Owens,PHX,25.0,208.28,92.98636,Texas Tech,USA,Undrafted,Undrafted,Undrafted,3,1.3,1.0,0.0,-43.4,0.105,0.067,0.171,0.34,0.0,2019-20
10973,Terance Mann,LAC,23.0,195.58,97.52228,Florida State,USA,2019,2,48,41,2.4,1.3,1.3,0.1,0.026,0.1119999999999999,0.123,0.545,0.209,2019-20
10974,Terence Davis,TOR,23.0,193.04,91.171992,Mississippi,USA,Undrafted,Undrafted,Undrafted,72,7.5,3.3,1.6,7.9,0.039,0.1369999999999999,0.181,0.588,0.14,2019-20
10982,Stanton Kidd,UTA,28.0,198.12,97.975872,Colorado State,USA,Undrafted,Undrafted,Undrafted,4,0.0,0.8,0.3,2.3,0.0,0.158,0.139,0.0,0.1,2019-20
10986,Romeo Langford,BOS,20.0,193.04,97.975872,Indiana,USA,2019,1,14,32,2.5,1.3,0.4,8.9,0.038,0.065,0.113,0.434,0.045,2019-20
10991,Rui Hachimura,WAS,22.0,203.2,104.32616,Gonzaga,Japan,2019,1,9,48,13.5,6.1,1.8,-8.2,0.051,0.155,0.1889999999999999,0.535,0.088,2019-20
10996,Sekou Doumbouya,DET,19.0,203.2,104.32616,,France,2019,1,15,38,6.4,3.1,0.5,-10.8,0.026,0.1369999999999999,0.1639999999999999,0.474,0.037,2019-20
11003,Shamorie Ponds,TOR,22.0,182.88,79.3786,"St. John's, N.Y.",USA,Undrafted,Undrafted,Undrafted,4,2.3,0.3,0.5,-5.5,0.0,0.1669999999999999,0.222,0.765,0.4,2019-20
11011,Vincent Poirier,BOS,26.0,213.36,106.59412,,France,Undrafted,Undrafted,Undrafted,22,1.9,2.0,0.4,-6.5,0.09,0.195,0.141,0.525,0.088,2019-20
11012,Vlatko Cancar,DEN,23.0,203.2,107.047712,,Slovenia,2017,2,49,14,1.2,0.7,0.2,-6.0,0.109,0.119,0.177,0.507,0.086,2019-20
11015,Wenyen Gabriel,POR,23.0,205.74,92.98636,Kentucky,South Sudan,Undrafted,Undrafted,Undrafted,30,2.1,1.7,0.3,-7.2,0.08,0.148,0.124,0.546,0.046,2019-20
11019,William Howard,HOU,26.0,203.2,93.893544,,France,Undrafted,Undrafted,Undrafted,2,0.0,1.0,0.5,-51.3,0.0,0.25,0.152,0.0,0.2,2019-20
11027,Zach Norvell Jr.,GSW,22.0,195.58,92.98636,Gonzaga,USA,2019,Undrafted,Undrafted,5,2.0,1.2,0.6,-32.3,0.0,0.207,0.147,0.402,0.091,2019-20
11029,Zion Williamson,NOP,19.0,198.12,128.820128,Duke,USA,2019,1,1,24,22.5,6.3,2.1,5.1,0.092,0.114,0.291,0.616,0.119,2019-20
11030,Zylan Cheatham,NOP,24.0,195.58,99.79024,Arizona State,USA,Undrafted,Undrafted,Undrafted,4,3.0,2.3,0.8,-23.9,0.062,0.128,0.103,0.667,0.094,2019-20
11034,Vic Law,ORL,24.0,200.66,91.171992,Northwestern,USA,Undrafted,Undrafted,Undrafted,8,1.9,1.4,0.4,-9.7,0.0289999999999999,0.145,0.15,0.363,0.086,2019-20
11043,Tremont Waters,BOS,22.0,177.8,79.3786,Louisiana State,USA,2019,2,51,11,3.6,1.1,1.5,8.4,0.0,0.089,0.2319999999999999,0.381,0.195,2019-20
11050,Ty Jerome,PHX,22.0,195.58,88.45044,Virginia,USA,2019,1,24,31,3.3,1.5,1.4,-13.5,0.019,0.12,0.17,0.425,0.222,2019-20
11051,Tyler Cook,DEN,22.0,203.2,115.66596,Iowa,USA,Undrafted,Undrafted,Undrafted,13,1.8,1.1,0.1,-9.8,0.103,0.148,0.15,0.741,0.031,2019-20
11052,Tyler Herro,MIA,20.0,195.58,88.45044,Kentucky,USA,2019,1,13,55,13.5,4.1,2.2,-1.7,0.011,0.131,0.213,0.55,0.131,2019-20
11064,Matisse Thybulle,PHI,23.0,195.58,91.171992,Washington,USA,2019,1,20,65,4.7,1.6,1.2,2.4,0.033,0.049,0.108,0.539,0.081,2019-20
11065,Matt Mooney,CLE,23.0,187.96,90.264808,Texas Tech,USA,Undrafted,Undrafted,Undrafted,4,0.5,0.8,0.3,17.5,0.0,0.158,0.08,0.25,0.071,2019-20
11066,Matt Thomas,TOR,25.0,193.04,86.18248,Iowa State,USA,Undrafted,Undrafted,Undrafted,41,4.9,1.5,0.5,4.2,0.018,0.1,0.152,0.65,0.076,2019-20
11069,Max Strus,CHI,24.0,195.58,97.52228,DePaul,USA,Undrafted,Undrafted,Undrafted,2,2.5,0.5,0.0,105.8,0.1669999999999999,0.0,0.158,0.727,0.0,2019-20
11073,Mfiondu Kabengele,LAC,22.0,205.74,113.398,Florida State,Canada,2019,1,27,12,3.5,0.9,0.2,0.8,0.017,0.159,0.242,0.614,0.05,2019-20
11075,Michael Frazier II,HOU,26.0,190.5,90.7184,Florida,USA,Undrafted,Undrafted,Undrafted,13,2.1,0.8,0.2,-16.0,0.006,0.067,0.115,0.384,0.021,2019-20
11076,Michael Porter Jr.,DEN,22.0,208.28,98.883056,Missouri,USA,2018,1,14,55,9.3,4.7,0.8,0.7,0.07,0.214,0.211,0.617,0.074,2019-20
11084,Miye Oni,UTA,22.0,195.58,93.439952,Yale,USA,2019,2,58,10,3.5,1.7,0.4,-8.6,0.044,0.121,0.146,0.512,0.051,2019-20
11086,Marko Guduric,MEM,25.0,198.12,91.171992,,Serbia,Undrafted,Undrafted,Undrafted,44,3.9,1.7,1.0,-2.6,0.0279999999999999,0.115,0.168,0.514,0.127,2019-20
11089,Louis King,DET,21.0,200.66,92.98636,Oregon,USA,Undrafted,Undrafted,Undrafted,10,2.0,1.0,0.5,11.0,0.015,0.141,0.163,0.4479999999999999,0.125,2019-20
11091,Luguentz Dort,OKC,21.0,190.5,97.52228,Arizona State,Canada,Undrafted,Undrafted,Undrafted,36,6.8,2.3,0.8,4.4,0.03,0.066,0.139,0.506,0.045,2019-20
11093,Luka Samanic,SAS,20.0,208.28,102.965384,,Croatia,2019,1,19,3,5.3,3.3,2.0,8.8,0.02,0.1669999999999999,0.179,0.45,0.182,2019-20
11100,Malik Newman,CLE,23.0,190.5,86.18248,Kansas,USA,2018,Undrafted,Undrafted,1,2.0,0.0,0.0,-30.4,0.0,0.0,0.5710000000000001,0.347,0.0,2019-20
11105,Marial Shayok,PHI,24.0,195.58,89.811216,Iowa State,Canada,2019,2,54,4,2.8,1.8,0.3,-23.2,0.033,0.1939999999999999,0.243,0.4,0.053,2019-20
11108,Marques Bolden,CLE,22.0,208.28,112.944408,Duke,USA,2019,Undrafted,Undrafted,1,0.0,2.0,0.0,57.1,0.0,0.5,0.0,0.0,0.0,2019-20
11121,Paul Watson,TOR,25.0,198.12,95.25432,Fresno State,USA,Undrafted,Undrafted,Undrafted,10,3.1,1.7,0.8,16.3,0.02,0.163,0.142,0.517,0.107,2019-20
11122,P.J. Washington,CHA,21.0,200.66,104.32616,Kentucky,USA,2019,1,12,58,12.2,5.4,2.1,-6.3,0.032,0.145,0.184,0.547,0.115,2019-20
11123,Quinndary Weatherspoon,SAS,23.0,190.5,92.98636,Mississippi State,USA,2019,2,49,11,1.1,0.6,1.0,-13.7,0.011,0.074,0.107,0.336,0.183,2019-20
11126,Rayjon Tucker,UTA,22.0,190.5,94.800728,Arkansas-Little Rock,USA,Undrafted,Undrafted,Undrafted,20,3.1,1.0,0.3,-6.9,0.017,0.113,0.152,0.584,0.043,2019-20
11134,RJ Barrett,NYK,20.0,198.12,97.068688,Duke,Canada,2019,1,3,56,14.3,5.0,2.6,-9.1,0.027,0.134,0.2339999999999999,0.479,0.127,2019-20
11137,Oshae Brissett,TOR,22.0,200.66,95.25432,Syracuse,Canada,Undrafted,Undrafted,Undrafted,19,1.9,1.4,0.4,11.6,0.063,0.109,0.145,0.4579999999999999,0.074,2019-20
11139,Moses Brown,POR,20.0,218.44,111.13004,UCLA,USA,Undrafted,Undrafted,Undrafted,9,1.2,1.6,0.1,-50.9,0.073,0.324,0.2,0.407,0.048,2019-20
11140,Mychal Mulder,GSW,26.0,190.5,83.46092800000001,Kentucky,Canada,Undrafted,Undrafted,Undrafted,7,11.0,3.3,1.1,6.2,0.016,0.093,0.165,0.5329999999999999,0.053,2019-20
11143,Nassir Little,POR,20.0,195.58,99.79024,North Carolina,USA,2019,1,25,48,3.6,2.3,0.5,-3.2,0.048,0.12,0.131,0.505,0.05,2019-20
11145,Naz Reid,MIN,20.0,205.74,119.748288,Louisiana State,USA,Undrafted,Undrafted,Undrafted,30,9.0,4.1,1.2,0.7,0.06,0.176,0.2339999999999999,0.505,0.106,2019-20
11147,Nickeil Alexander-Walker,NOP,21.0,195.58,92.98636,Virginia Tech,Canada,2019,1,17,47,5.7,1.8,1.9,-3.6,0.015,0.122,0.233,0.473,0.212,2019-20
11150,Nicolo Melli,NOP,29.0,205.74,107.047712,,Italy,Undrafted,Undrafted,Undrafted,60,6.6,3.0,1.4,-4.3,0.034,0.132,0.158,0.556,0.1119999999999999,2019-20
11152,Nigel Williams-Goss,UTA,25.0,187.96,86.18248,Gonzaga,USA,2017,2,55,10,1.4,0.6,0.6,4.5,0.037,0.07,0.161,0.415,0.158,2019-20
11157,Norvel Pelle,PHI,27.0,208.28,104.779752,Iona,USA,Undrafted,Undrafted,Undrafted,24,2.4,3.0,0.3,-15.7,0.081,0.22,0.131,0.526,0.049,2019-20
11158,Nicolas Claxton,BKN,21.0,210.82,97.52228,Georgia,USA,2019,2,31,15,4.4,2.9,1.1,-15.6,0.09,0.1119999999999999,0.144,0.5770000000000001,0.142,2019-20
11160,Freddie Gillespie,TOR,24.0,205.74,111.13004,Baylor,USA,Undrafted,Undrafted,Undrafted,20,5.6,4.9,0.5,-9.6,0.1,0.142,0.12,0.563,0.034,2020-21
11165,Gabriel Deck,OKC,26.0,198.12,104.779752,,Argentina,Undrafted,Undrafted,Undrafted,10,8.4,4.0,2.4,-12.7,0.067,0.118,0.159,0.5479999999999999,0.16,2020-21
11180,Grant Riller,CHA,24.0,187.96,86.18248,College of Charleston,USA,2020,2,56,7,2.6,0.1,0.4,-5.4,0.0,0.04,0.22,0.75,0.3,2020-21
11182,Greg Whittington,DEN,28.0,203.2,95.25432,Georgetown,USA,Undrafted,Undrafted,Undrafted,4,0.0,0.0,0.0,33.3,0.0,0.0,0.103,0.0,0.0,2020-21
11192,Facundo Campazzo,DEN,30.0,177.8,88.45044,,Argentina,Undrafted,Undrafted,Undrafted,65,6.1,2.1,3.6,2.8,0.015,0.081,0.128,0.5579999999999999,0.215,2020-21
11197,Didi Louzada,NOP,21.0,195.58,85.275296,,Brazil,2019,2,35,3,2.7,1.0,1.0,-7.3,0.015,0.032,0.114,0.308,0.073,2020-21
11210,Dylan Windler,CLE,24.0,198.12,88.904032,Belmont,USA,2019,1,26,31,5.2,3.5,1.1,-6.5,0.039,0.171,0.14,0.5670000000000001,0.089,2020-21
11215,Elijah Bryant,MIL,26.0,195.58,95.25432,Brigham Young,USA,Undrafted,Undrafted,Undrafted,1,16.0,6.0,3.0,14.0,0.065,0.133,0.231,0.5589999999999999,0.13,2020-21
11216,Elijah Hughes,UTA,23.0,195.58,97.52228,Syracuse,USA,2020,2,39,18,1.7,0.5,0.3,-28.8,0.0139999999999999,0.119,0.242,0.488,0.158,2020-21
11234,Jay Scrubb,LAC,20.0,195.58,99.79024,                                   ,USA,2020,2,55,4,8.8,3.5,0.3,-2.8,0.022,0.14,0.217,0.4579999999999999,0.015,2020-21
11254,Jontay Porter,MEM,21.0,210.82,108.86208,Missouri,USA,Undrafted,Undrafted,Undrafted,11,2.0,1.3,0.1,0.9,0.065,0.149,0.182,0.64,0.033,2020-21
11255,Devon Dotson,CHI,21.0,187.96,83.91452,Kansas,USA,Undrafted,Undrafted,Undrafted,11,2.1,0.5,0.6,21.7,0.039,0.061,0.16,0.5479999999999999,0.2,2020-21
11258,Immanuel Quickley,NYK,22.0,190.5,86.18248,Kentucky,USA,2020,1,25,64,11.4,2.1,2.0,7.1,0.02,0.086,0.246,0.557,0.1639999999999999,2020-21
11261,Isaac Okoro,CLE,20.0,195.58,102.0582,Auburn,USA,2020,1,5,67,9.6,3.1,1.9,-8.7,0.031,0.066,0.142,0.514,0.086,2020-21
11263,Isaiah Joe,PHI,21.0,193.04,74.84268,Arkansas,USA,2020,2,49,41,3.7,0.9,0.5,1.8,0.0139999999999999,0.083,0.163,0.5329999999999999,0.072,2020-21
11265,Isaiah Stewart,DET,20.0,203.2,113.398,Washington,USA,2020,1,16,68,7.9,6.7,0.9,-2.0,0.105,0.193,0.15,0.597,0.064,2020-21
11275,James Wiseman,GSW,20.0,213.36,108.86208,Memphis,USA,2020,1,2,39,11.5,5.8,0.7,-8.8,0.063,0.19,0.231,0.552,0.05,2020-21
11276,Jaden McDaniels,MIN,20.0,205.74,83.91452,Washington,USA,2020,1,28,63,6.8,3.7,1.1,-3.4,0.032,0.118,0.118,0.552,0.064,2020-21
11277,Jae'Sean Tate,HOU,25.0,193.04,104.32616,Ohio State,USA,Undrafted,Undrafted,Undrafted,70,11.3,5.3,2.5,-3.8,0.06,0.118,0.161,0.5760000000000001,0.127,2020-21
11279,Jahmi'us Ramsey,SAC,20.0,190.5,86.18248,Texas Tech,USA,2020,2,43,13,3.1,0.8,0.5,2.4,0.019,0.08,0.183,0.498,0.088,2020-21
11283,Jalen Harris,TOR,22.0,195.58,88.45044,Nevada,USA,2020,2,59,13,7.4,1.4,1.3,0.3,0.017,0.091,0.2189999999999999,0.632,0.153,2020-21
11286,Jalen Smith,PHX,21.0,208.28,97.52228,Maryland,USA,2020,1,10,27,2.0,1.4,0.1,-4.4,0.044,0.174,0.161,0.499,0.037,2020-21
11292,Devin Vassell,SAS,20.0,195.58,90.7184,Florida State,USA,2020,1,11,62,5.5,2.8,0.9,-2.4,0.021,0.138,0.138,0.524,0.071,2020-21
11312,Brodric Thomas,CLE,24.0,195.58,83.91452,Truman State,USA,Undrafted,Undrafted,Undrafted,32,3.9,1.7,0.9,-4.5,0.019,0.107,0.158,0.487,0.115,2020-21
11319,CJ Elleby,POR,21.0,198.12,90.7184,Washington State,USA,2020,2,46,30,2.3,1.1,0.3,-5.3,0.049,0.089,0.16,0.4679999999999999,0.076,2020-21
11324,Cameron Oliver,HOU,24.0,203.2,102.0582,Nevada,USA,Undrafted,Undrafted,Undrafted,4,10.8,5.3,1.3,-5.2,0.05,0.188,0.174,0.619,0.086,2020-21
11332,Aaron Nesmith,BOS,21.0,195.58,97.52228,Vanderbilt,USA,2020,1,14,46,4.7,2.8,0.5,-0.5,0.0409999999999999,0.146,0.133,0.573,0.047,2020-21
11338,Aleksej Pokusevski,OKC,19.0,213.36,86.18248,,Serbia,2020,1,17,45,8.2,4.7,2.2,-16.7,0.025,0.155,0.1969999999999999,0.43,0.133,2020-21
11343,Ashton Hagans,MIN,21.0,190.5,86.18248,Kentucky,USA,Undrafted,Undrafted,Undrafted,2,0.0,0.0,0.0,-21.8,0.0,0.0,0.083,0.0,0.0,2020-21
11353,Anthony Edwards,MIN,19.0,193.04,102.0582,Georgia,USA,2020,1,1,72,19.3,4.7,2.9,-5.0,0.023,0.121,0.264,0.523,0.142,2020-21
11354,Anthony Gill,WAS,28.0,200.66,104.32616,Virginia,USA,Undrafted,Undrafted,Undrafted,26,3.1,2.0,0.4,-1.6,0.074,0.151,0.143,0.597,0.073,2020-21
11355,Anthony Lamb,HOU,23.0,198.12,102.965384,Vermont,USA,Undrafted,Undrafted,Undrafted,24,5.5,2.9,1.0,-9.2,0.055,0.109,0.144,0.523,0.08,2020-21
11358,Armoni Brooks,HOU,23.0,190.5,88.45044,Houston,USA,2019,Undrafted,Undrafted,20,11.2,3.4,1.5,-11.7,0.017,0.1119999999999999,0.175,0.565,0.09,2020-21
11359,Amida Brimah,IND,27.0,208.28,104.32616,Connecticut,USA,Undrafted,Undrafted,Undrafted,5,2.6,1.6,0.2,32.8,0.077,0.15,0.176,0.6970000000000001,0.042,2020-21
11381,Deividas Sirvydis,DET,21.0,203.2,86.18248,,Lithuania,2019,2,37,20,2.1,1.5,0.3,-9.7,0.0,0.225,0.15,0.481,0.062,2020-21
11384,Deni Avdija,WAS,20.0,205.74,95.25432,,Israel,2020,1,9,54,6.3,4.9,1.2,-2.1,0.017,0.181,0.118,0.515,0.064,2020-21
11392,Desmond Bane,MEM,23.0,195.58,97.52228,TCU,USA,2020,1,30,68,9.2,3.1,1.7,0.4,0.019,0.1159999999999999,0.155,0.6,0.105,2020-21
11395,Daniel Oturu,LAC,21.0,203.2,108.86208,Minnesota,USA,2020,2,33,30,1.8,1.6,0.3,1.8,0.119,0.157,0.174,0.471,0.092,2020-21
11398,Cassius Stanley,IND,21.0,195.58,86.18248,Duke,USA,2020,2,54,24,1.5,0.8,0.0,9.4,0.067,0.11,0.198,0.3829999999999999,0.017,2020-21
11399,Cassius Winston,WAS,23.0,185.42,83.91452,Michigan State,USA,2020,2,53,22,1.9,0.4,0.5,-21.4,0.0,0.087,0.182,0.575,0.222,2020-21
11410,Chuma Okeke,ORL,22.0,198.12,103.872568,Auburn,USA,2019,1,16,45,7.8,4.0,2.2,-7.2,0.033,0.1169999999999999,0.142,0.511,0.132,2020-21
11418,Dakota Mathias,PHI,25.0,193.04,90.7184,Purdue,USA,2018,Undrafted,Undrafted,8,6.0,0.9,1.6,-10.6,0.0069999999999999,0.0409999999999999,0.166,0.474,0.157,2020-21
11420,Devin Cannady,ORL,25.0,187.96,83.007336,Princeton,USA,2019,Undrafted,Undrafted,8,4.3,0.6,0.1,-13.7,0.0,0.065,0.181,0.547,0.023,2020-21
11426,Cole Anthony,ORL,21.0,187.96,83.91452,North Carolina,USA,2020,1,15,47,12.9,4.7,4.1,-12.8,0.027,0.142,0.235,0.496,0.241,2020-21
11431,Jordan Nwora,MIL,22.0,203.2,102.0582,Louisville,USA,2020,2,45,30,5.7,2.0,0.2,-0.3,0.033,0.162,0.254,0.586,0.04,2020-21
11436,Trent Forrest,UTA,23.0,193.04,95.25432,Florida State,USA,Undrafted,Undrafted,Undrafted,30,2.9,1.5,1.5,-7.7,0.038,0.111,0.144,0.5539999999999999,0.205,2020-21
11438,Tre Jones,SAS,21.0,185.42,83.91452,Duke,USA,2020,2,41,37,2.5,0.6,1.1,-13.8,0.0279999999999999,0.049,0.159,0.544,0.228,2020-21
11451,Theo Maledon,OKC,20.0,193.04,79.3786,,France,2020,2,34,65,10.1,3.2,3.5,-16.5,0.012,0.1009999999999999,0.188,0.489,0.1969999999999999,2020-21
11463,Ty-Shon Alexander,PHX,22.0,190.5,88.45044,Creighton,USA,Undrafted,Undrafted,Undrafted,15,0.6,0.7,0.4,-6.0,0.038,0.157,0.143,0.349,0.2,2020-21
11464,Tyler Bey,DAL,23.0,200.66,97.52228,Colorado,USA,2020,2,36,18,1.0,1.1,0.2,-27.0,0.09,0.177,0.143,0.372,0.063,2020-21
11468,Zeke Nnaji,DEN,20.0,205.74,108.86208,Arizona,USA,2020,1,22,42,3.2,1.5,0.2,-10.5,0.034,0.129,0.126,0.615,0.037,2020-21
11472,Xavier Tillman,MEM,22.0,203.2,111.13004,Michigan State,USA,2020,2,35,59,6.6,4.3,1.3,2.9,0.065,0.163,0.142,0.605,0.096,2020-21
11475,Will Magnay,NOP,23.0,208.28,106.140528,,Australia,Undrafted,Undrafted,Undrafted,1,0.0,0.0,0.0,-148.2,0.0,0.0,0.2,0.0,0.0,2020-21
11485,Vernon Carey Jr.,CHA,20.0,205.74,122.46984,Duke,USA,2020,2,32,19,2.4,1.4,0.1,-3.2,0.054,0.174,0.178,0.563,0.0279999999999999,2020-21
11487,Udoka Azubuike,UTA,21.0,208.28,127.00576,Kansas,Nigeria,2020,1,27,15,1.1,0.9,0.0,-54.5,0.063,0.15,0.119,0.597,0.0,2020-21
11489,Tyrese Maxey,PHI,20.0,187.96,90.7184,Kentucky,USA,2020,1,21,61,8.0,1.7,2.0,-1.6,0.011,0.098,0.222,0.531,0.207,2020-21
11490,Tyrese Haliburton,SAC,21.0,195.58,83.91452,Iowa State,USA,2020,1,12,58,13.0,3.0,5.3,-5.6,0.022,0.076,0.175,0.585,0.247,2020-21
11491,Tyrell Terry,DAL,20.0,187.96,72.57472,Stanford,USA,2020,2,31,11,1.0,0.5,0.5,0.0,0.0,0.118,0.135,0.318,0.158,2020-21
11500,Robert Franks,ORL,24.0,200.66,102.0582,Washington State,USA,2019,Undrafted,Undrafted,7,6.1,2.0,0.7,-14.4,0.053,0.0819999999999999,0.148,0.638,0.07,2020-21
11504,Reggie Perry,BKN,21.0,203.2,113.398,Mississippi State,USA,2020,2,57,26,3.0,2.8,0.5,-7.3,0.1169999999999999,0.204,0.19,0.466,0.0969999999999999,2020-21
11512,R.J. Hampton,ORL,20.0,193.04,79.3786,,USA,2020,1,24,51,6.9,3.5,1.7,-14.2,0.03,0.162,0.191,0.507,0.155,2020-21
11513,Robert Woodard II,SAC,21.0,198.12,106.59412,Mississippi State,USA,2020,2,40,13,1.5,1.2,0.2,6.6,0.08,0.235,0.21,0.425,0.0559999999999999,2020-21
11515,Precious Achiuwa,MIA,21.0,203.2,102.0582,Memphis,Nigeria,2020,1,20,61,5.0,3.4,0.5,-7.2,0.0969999999999999,0.174,0.184,0.55,0.064,2020-21
11516,Payton Pritchard,BOS,23.0,185.42,88.45044,Oregon,USA,2020,1,26,66,7.7,2.4,1.8,0.6,0.025,0.099,0.162,0.5820000000000001,0.136,2020-21
11518,Paul Reed,PHI,22.0,205.74,95.25432,DePaul,USA,2020,2,58,26,3.4,2.3,0.5,11.2,0.147,0.172,0.208,0.54,0.107,2020-21
11522,Patrick Williams,CHI,19.0,200.66,97.52228,Florida State,USA,2020,1,4,71,9.2,4.6,1.4,-7.1,0.033,0.131,0.146,0.562,0.068,2020-21
11541,Skylar Mays,ATL,23.0,193.04,92.98636,Louisiana State,USA,2020,2,50,33,3.8,1.1,0.9,1.4,0.037,0.095,0.186,0.569,0.18,2020-21
11550,Sean McDermott,MEM,24.0,198.12,88.45044,Butler,USA,Undrafted,Undrafted,Undrafted,18,2.2,1.1,0.2,-17.7,0.031,0.087,0.1009999999999999,0.534,0.043,2020-21
11551,Sam Merrill,MIL,25.0,193.04,92.98636,Utah State,USA,2020,2,60,30,3.0,1.0,0.7,-8.5,0.024,0.094,0.146,0.603,0.135,2020-21
11552,Saddiq Bey,DET,22.0,200.66,97.52228,Villanova,USA,2020,1,19,70,12.2,4.5,1.4,-5.6,0.022,0.145,0.182,0.5670000000000001,0.077,2020-21
11553,Saben Lee,DET,22.0,187.96,83.007336,Vanderbilt,USA,2020,2,38,48,5.6,2.0,3.6,-6.3,0.026,0.099,0.171,0.536,0.3329999999999999,2020-21
11564,Onyeka Okongwu,ATL,20.0,203.2,106.59412,Southern California,USA,2020,1,6,50,4.6,3.3,0.4,-6.3,0.1,0.172,0.141,0.655,0.047,2020-21
11567,Kenyon Martin Jr.,HOU,20.0,198.12,97.52228,,USA,2020,2,52,45,9.3,5.4,1.1,-11.5,0.063,0.159,0.154,0.59,0.068,2020-21
11577,Killian Hayes,DET,19.0,195.58,88.45044,,France,2020,1,7,26,6.8,2.7,5.3,-10.1,0.009,0.092,0.185,0.422,0.299,2020-21
11578,Killian Tillie,MEM,23.0,205.74,99.79024,Gonzaga,France,Undrafted,Undrafted,Undrafted,18,3.2,1.3,0.4,9.6,0.031,0.0819999999999999,0.148,0.461,0.063,2020-21
11579,Kira Lewis Jr.,NOP,20.0,185.42,77.11064,Alabama,USA,2020,1,13,54,6.4,1.3,2.3,0.8,0.012,0.064,0.176,0.477,0.191,2020-21
11582,Obi Toppin,NYK,23.0,205.74,99.79024,Dayton,USA,2020,1,8,62,4.1,2.2,0.5,2.7,0.037,0.155,0.157,0.574,0.065,2020-21
11589,LaMelo Ball,CHA,19.0,198.12,81.64656,,USA,2020,1,3,51,15.7,5.9,6.1,-3.1,0.0409999999999999,0.161,0.247,0.539,0.322,2020-21
11590,Lamar Stevens,CLE,23.0,198.12,104.32616,Penn State,USA,Undrafted,Undrafted,Undrafted,40,4.1,2.4,0.6,-10.4,0.044,0.145,0.152,0.521,0.079,2020-21
11602,Josh Green,DAL,20.0,195.58,90.7184,Arizona,Australia,2020,1,18,39,2.6,2.0,0.7,1.9,0.059,0.11,0.1119999999999999,0.49,0.083,2020-21
11603,Josh Hall,OKC,20.0,205.74,86.18248,,USA,Undrafted,Undrafted,Undrafted,21,4.1,2.8,1.3,-13.2,0.016,0.151,0.174,0.363,0.118,2020-21
11621,Karim Mane,ORL,21.0,190.5,86.18248,,Senegal,Undrafted,Undrafted,Undrafted,10,1.1,1.4,0.4,-12.0,0.01,0.151,0.085,0.362,0.061,2020-21
11627,Keljin Blevins,POR,25.0,193.04,90.7184,Montana State,USA,2019,Undrafted,Undrafted,17,0.7,0.6,0.2,-22.2,0.031,0.071,0.126,0.3,0.083,2020-21
11646,Naji Marshall,NOP,23.0,200.66,99.79024,Xavier,USA,Undrafted,Undrafted,Undrafted,32,7.7,4.6,2.8,-1.5,0.02,0.182,0.16,0.508,0.165,2020-21
11648,Nate Darling,CHA,22.0,198.12,90.7184,Delaware,Canada,Undrafted,Undrafted,Undrafted,7,1.3,0.1,0.1,-54.3,0.032,0.0,0.133,0.541,0.111,2020-21
11650,Nate Hinton,DAL,22.0,195.58,95.25432,Houston,USA,Undrafted,Undrafted,Undrafted,21,2.0,0.4,0.4,-28.2,0.009,0.091,0.217,0.442,0.151,2020-21
11654,Nick Richards,CHA,23.0,213.36,111.13004,Kentucky,Jamaica,2020,2,42,18,0.8,0.6,0.1,-10.5,0.0559999999999999,0.096,0.111,0.542,0.054,2020-21
11656,Nico Mannion,GSW,20.0,187.96,86.18248,Arizona,Italy,2020,2,48,30,4.1,1.5,2.3,-9.4,0.016,0.107,0.186,0.487,0.27,2020-21
11667,Nathan Knight,ATL,23.0,208.28,114.758776,William & Mary,USA,Undrafted,Undrafted,Undrafted,33,3.8,2.2,0.2,-4.3,0.093,0.155,0.207,0.499,0.045,2020-21
11674,Malachi Flynn,TOR,23.0,185.42,79.3786,San Diego State,USA,2020,1,29,47,7.5,2.5,2.9,-5.6,0.01,0.114,0.183,0.484,0.225,2020-21
11676,Malik Fitts,LAC,23.0,203.2,104.32616,,USA,Undrafted,Undrafted,Undrafted,3,1.0,1.0,0.0,-27.3,0.0,0.3,0.12,0.5,0.0,2020-21
11678,Mamadi Diakite,MIL,24.0,205.74,103.418976,Virginia,Guinea,Undrafted,Undrafted,Undrafted,14,3.1,2.4,0.6,3.8,0.052,0.16,0.142,0.477,0.079,2020-21
11683,Markus Howard,DEN,22.0,177.8,79.3786,Marquette,USA,Undrafted,Undrafted,Undrafted,37,2.8,0.6,0.5,-17.0,0.004,0.095,0.25,0.477,0.145,2020-21
11698,Mason Jones,PHI,22.0,193.04,90.7184,Arkansas,USA,Undrafted,Undrafted,Undrafted,32,5.3,1.7,1.3,-9.9,0.018,0.145,0.217,0.556,0.211,2020-21
11702,Vit Krejci,OKC,22.0,203.2,88.45044,,Czech Republic,2020,2,37,30,6.2,3.4,1.9,-12.8,0.024,0.121,0.125,0.529,0.1169999999999999,2021-22
11719,Tyler Hall,NYK,25.0,195.58,94.800728,Montana State,USA,Undrafted,Undrafted,Undrafted,1,0.0,0.0,0.0,-100.0,0.0,0.0,0.0,0.0,0.0,2021-22
11722,Zavier Simpson,OKC,25.0,182.88,86.18248,Michigan,USA,Undrafted,Undrafted,Undrafted,4,11.0,5.3,7.5,-26.5,0.01,0.114,0.158,0.406,0.25,2021-22
11725,Yves Pons,MEM,23.0,195.58,93.439952,Tennessee,France,Undrafted,Undrafted,Undrafted,12,1.1,1.0,0.1,-21.3,0.055,0.0819999999999999,0.096,0.385,0.024,2021-22
11727,Xavier Tillman Sr.,MEM,23.0,203.2,111.13004,Michigan State,USA,2020,2,35,53,4.8,3.0,1.2,-1.4,0.084,0.138,0.1639999999999999,0.51,0.127,2021-22
11728,Xavier Sneed,UTA,24.0,195.58,97.52228,Kansas State,USA,Undrafted,Undrafted,Undrafted,9,0.6,0.7,0.1,-3.8,0.0409999999999999,0.111,0.109,0.25,0.036,2021-22
11729,Xavier Moon,LAC,27.0,187.96,74.84268,Morehead State,USA,Undrafted,Undrafted,Undrafted,10,5.8,1.4,2.4,1.4,0.0139999999999999,0.072,0.177,0.545,0.245,2021-22
11741,Feron Hunt,NYK,22.0,203.2,88.45044,Southern Methodist,USA,Undrafted,Undrafted,Undrafted,2,0.0,0.5,0.5,-10.1,0.091,0.0,0.136,0.0,0.2,2021-22
11750,Gabe York,IND,28.0,190.5,86.18248,Arizona,USA,Undrafted,Undrafted,Undrafted,2,4.0,1.0,2.0,-14.6,0.0,0.143,0.179,0.435,0.222,2021-22
11752,Gabriel Lundberg,PHX,27.0,193.04,92.079176,,Denmark,Undrafted,Undrafted,Undrafted,4,3.3,1.8,2.8,18.3,0.04,0.119,0.191,0.342,0.268,2021-22
11761,Eugene Omoruyi,DAL,25.0,198.12,106.59412,Oregon,Nigeria,Undrafted,Undrafted,Undrafted,4,1.8,1.8,0.5,11.9,0.111,0.278,0.156,0.518,0.1669999999999999,2021-22
11791,Enes Freedom,BOS,30.0,208.28,113.398,,Turkey,2011,1,3,35,3.7,4.6,0.2,7.8,0.143,0.2189999999999999,0.129,0.585,0.027,2021-22
11801,Duane Washington Jr.,IND,22.0,190.5,89.357624,Ohio State,Germany,Undrafted,Undrafted,Undrafted,48,9.9,1.7,1.8,-5.9,0.004,0.0819999999999999,0.214,0.521,0.128,2021-22
11818,Jamorko Pickett,DET,24.0,205.74,93.439952,Georgetown,USA,Undrafted,Undrafted,Undrafted,13,3.8,2.5,0.5,0.3,0.032,0.141,0.133,0.491,0.057,2021-22
11825,Jarron Cumberland,POR,24.0,195.58,92.98636,Cincinnati,USA,Undrafted,Undrafted,Undrafted,3,0.7,1.0,0.3,40.2,0.059,0.182,0.061,0.5,0.1,2021-22
11827,Jeff Dowtin,ORL,25.0,190.5,80.28578399999998,Rhode Island,USA,Undrafted,Undrafted,Undrafted,9,2.1,2.0,1.1,-12.3,0.065,0.0969999999999999,0.119,0.353,0.139,2021-22
11829,Jaysean Paige,DET,27.0,187.96,90.7184,West Virginia,USA,Undrafted,Undrafted,Undrafted,1,0.0,1.0,1.0,-69.6,0.0,0.091,0.211,0.0,0.3329999999999999,2021-22
11835,Jay Huff,LAL,24.0,215.9,108.86208,Virginia,USA,Undrafted,Undrafted,Undrafted,4,0.0,1.0,0.3,36.5,0.04,0.111,0.083,0.0,0.071,2021-22
11837,Javonte Smart,MIA,23.0,193.04,92.98636,Louisiana State,USA,Undrafted,Undrafted,Undrafted,17,3.0,1.4,0.9,-10.6,0.022,0.094,0.154,0.407,0.121,2021-22
11839,Javin DeLaurier,MIL,24.0,208.28,106.140528,Duke,USA,Undrafted,Undrafted,Undrafted,1,0.0,1.0,0.0,57.1,0.0,0.25,0.0,0.0,0.0,2021-22
11843,Jaime Echenique,WAS,25.0,208.28,117.026736,Wichita State,Colombia,Undrafted,Undrafted,Undrafted,1,0.0,0.0,0.0,-30.0,0.0,0.0,0.0,0.0,0.0,2021-22
11854,Hassani Gravett,ORL,25.0,187.96,84.821704,South Carolina,USA,2019,Undrafted,Undrafted,8,6.3,2.6,2.5,-1.8,0.006,0.114,0.13,0.629,0.177,2021-22
11874,Ish Wainright,PHX,27.0,195.58,113.398,Baylor,USA,Undrafted,Undrafted,Undrafted,45,2.4,1.2,0.3,5.6,0.066,0.072,0.134,0.494,0.057,2021-22
11876,JaQuori McLaughlin,DAL,24.0,193.04,86.18248,Cal-Santa Barbara,USA,Undrafted,Undrafted,Undrafted,4,0.0,0.0,0.5,-34.6,0.0,0.0,0.065,0.0,0.2,2021-22
11884,Cat Barber,ATL,27.0,185.42,78.471416,North Carolina State,USA,2016,Undrafted,Undrafted,3,0.0,1.0,1.0,34.6,0.091,0.286,0.2189999999999999,0.0,0.2,2021-22
11889,Carlik Jones,DEN,24.0,182.88,78.92500799999999,Texas Legends,USA,Undrafted,Undrafted,Undrafted,5,0.8,0.6,1.0,-33.1,0.042,0.069,0.22,0.2019999999999999,0.417,2021-22
11893,Cameron McGriff,POR,24.0,200.66,99.79024,Oklahoma State,USA,Undrafted,Undrafted,Undrafted,3,4.7,5.0,1.0,7.3,0.098,0.209,0.122,0.47,0.086,2021-22
11899,Braxton Key,DET,25.0,203.2,102.0582,Virginia,USA,Undrafted,Undrafted,Undrafted,11,7.2,4.5,1.0,8.0,0.0579999999999999,0.187,0.184,0.508,0.077,2021-22
11903,Chaundee Brown Jr.,ATL,23.0,195.58,97.52228,Michigan,USA,Undrafted,Undrafted,Undrafted,5,6.2,3.2,0.8,-8.7,0.009,0.139,0.146,0.447,0.0559999999999999,2021-22
11916,Daishen Nix,HOU,20.0,193.04,102.511792,,USA,Undrafted,Undrafted,Undrafted,24,3.2,1.4,1.7,-6.6,0.026,0.103,0.1669999999999999,0.48,0.208,2021-22
11932,Craig Sword,WAS,28.0,190.5,88.904032,Mississippi State,USA,Undrafted,Undrafted,Undrafted,3,2.0,0.0,0.3,8.3,0.0,0.0,0.125,0.75,0.1,2021-22
11953,David Duke Jr.,BKN,22.0,193.04,92.532768,Providence,USA,Undrafted,Undrafted,Undrafted,22,4.7,3.0,0.8,0.1,0.077,0.105,0.15,0.444,0.066,2021-22
11956,Aaron Henry,PHI,22.0,195.58,95.25432,Michigan State,USA,Undrafted,Undrafted,Undrafted,6,0.3,0.2,0.0,-56.0,0.0,0.048,0.149,0.2,0.0,2021-22
11961,Ade Murkey,SAC,24.0,195.58,90.7184,Denver,USA,Undrafted,Undrafted,Undrafted,1,0.0,0.0,0.0,-33.3,0.0,0.0,0.0,0.0,0.0,2021-22
11963,Ahmad Caver,IND,25.0,187.96,78.92500799999999,Old Dominion,USA,2019,Undrafted,Undrafted,1,2.0,0.0,0.0,133.3,0.0,0.0,0.5,1.0,0.0,2021-22
11977,DeJon Jarreau,IND,24.0,195.58,83.91452,Houston,USA,Undrafted,Undrafted,Undrafted,1,0.0,0.0,0.0,100.0,0.0,0.0,0.0,0.0,0.0,2021-22
11985,Aleem Ford,ORL,24.0,203.2,99.79024,Wisconsin,USA,Undrafted,Undrafted,Undrafted,5,2.8,3.0,0.4,-22.1,0.0279999999999999,0.16,0.148,0.35,0.043,2021-22
12002,Alekesej Pokusevski,OKC,20.0,213.36,86.18248,,Serbia,2020,1,17,61,7.6,5.2,2.1,-2.5,0.054,0.1889999999999999,0.195,0.485,0.161,2021-22
12004,Arnoldas Kulboka,CHA,24.0,208.28,94.800728,,Lithuania,2018,2,55,2,0.0,0.0,0.0,-100.0,0.0,0.0,0.071,0.0,0.0,2021-22
12011,Austin Reaves,LAL,24.0,195.58,89.357624,Oklahoma,USA,Undrafted,Undrafted,Undrafted,61,7.3,3.2,1.8,1.8,0.031,0.099,0.121,0.6,0.1009999999999999,2021-22
12023,P.J. Dozier,DEN,25.0,198.12,92.98636,South Carolina,USA,Undrafted,Undrafted,Undrafted,18,5.4,3.5,1.6,-12.9,0.038,0.144,0.147,0.4629999999999999,0.135,2021-22
12027,Omer Yurtseven,MIA,24.0,210.82,124.7378,Georgetown,Turkey,Undrafted,Undrafted,Undrafted,56,5.3,5.3,0.9,5.3,0.12,0.293,0.19,0.546,0.105,2021-22
12028,Olivier Sarr,OKC,23.0,213.36,108.86208,Kentucky,France,Undrafted,Undrafted,Undrafted,22,7.0,4.2,0.9,-2.0,0.078,0.133,0.136,0.672,0.066,2021-22
12039,Nic Claxton,BKN,23.0,210.82,97.52228,Georgia,USA,2019,2,31,47,8.7,5.6,0.9,-0.4,0.098,0.157,0.15,0.672,0.066,2021-22
12042,Moses Wright,DAL,23.0,203.2,102.511792,Georgia Tech,USA,Undrafted,Undrafted,Undrafted,4,1.3,0.8,0.5,-21.9,0.083,0.143,0.139,0.47,0.182,2021-22
12044,Myles Powell,PHI,24.0,187.96,88.45044,Seton Hall,USA,Undrafted,Undrafted,Undrafted,11,1.2,0.5,0.3,-15.1,0.019,0.098,0.163,0.364,0.088,2021-22
12056,Paris Bass,PHX,26.0,203.2,90.7184,Detroit Mercy,USA,Undrafted,Undrafted,Undrafted,2,3.0,2.0,0.0,0.7,0.2,0.222,0.36,0.436,0.0,2021-22
12065,Rob Edwards,OKC,25.0,195.58,92.98636,Arizona State,USA,Undrafted,Undrafted,Undrafted,2,1.5,1.5,0.0,-59.1,0.0,0.214,0.2269999999999999,0.375,0.0,2021-22
12082,RJ Nembhard Jr.,CLE,23.0,193.04,90.7184,TCU,USA,Undrafted,Undrafted,Undrafted,14,1.1,0.5,0.9,-8.4,0.042,0.0559999999999999,0.16,0.38,0.3429999999999999,2021-22
12085,Petr Cornelie,DEN,26.0,210.82,99.79024,,France,2016,2,53,13,1.1,1.1,0.2,5.8,0.159,0.2189999999999999,0.208,0.418,0.115,2021-22
12094,Mac McClung,LAL,23.0,187.96,83.91452,Texas Tech,USA,Undrafted,Undrafted,Undrafted,2,4.0,1.5,0.5,19.2,0.0,0.107,0.1639999999999999,0.621,0.059,2021-22
12095,M.J. Walker,PHX,24.0,195.58,96.615096,Florida State,USA,Undrafted,Undrafted,Undrafted,2,0.0,0.5,0.5,-19.5,0.0,0.143,0.138,0.0,0.1669999999999999,2021-22
12105,Lindy Waters III,OKC,24.0,198.12,97.52228,Oklahoma State,USA,Undrafted,Undrafted,Undrafted,25,8.0,2.9,1.0,-4.7,0.012,0.14,0.166,0.562,0.078,2021-22
12106,Lindell Wigginton,MIL,24.0,185.42,85.728888,Iowa State,Canada,2019,Undrafted,Undrafted,19,4.2,1.3,1.2,-11.8,0.015,0.106,0.183,0.524,0.1669999999999999,2021-22
12107,Leandro Bolmaro,MIN,21.0,198.12,90.7184,,Argentina,2020,1,23,35,1.4,1.2,0.6,0.2,0.062,0.107,0.122,0.419,0.118,2021-22
12127,Malcolm Hill,CHI,26.0,198.12,99.79024,Illinois,USA,Undrafted,Undrafted,Undrafted,19,3.8,1.8,0.4,-7.3,0.051,0.118,0.118,0.619,0.05,2021-22
12133,McKinley Wright IV,MIN,23.0,180.34,87.089664,Colorado,USA,Undrafted,Undrafted,Undrafted,5,1.0,0.0,0.6,-25.8,0.0,0.0,0.0819999999999999,0.833,0.231,2021-22
12135,Matt Ryan,BOS,25.0,200.66,97.52228,Tennessee-Chattanooga,USA,Undrafted,Undrafted,Undrafted,1,3.0,0.0,0.0,25.0,0.0,0.0,0.357,0.3,0.0,2021-22
12151,Marcus Garrett,MIA,23.0,195.58,92.98636,Kansas,USA,Undrafted,Undrafted,Undrafted,12,1.1,1.9,0.6,5.8,0.072,0.108,0.086,0.28,0.069,2021-22
12156,Marko Simonovic,CHI,22.0,210.82,99.79024,,Montenegro,2020,2,44,9,1.9,1.1,0.0,1.2,0.122,0.119,0.247,0.428,0.0,2021-22
12163,Micah Potter,DET,24.0,208.28,112.490816,Wisconsin,USA,Undrafted,Undrafted,Undrafted,3,4.0,3.0,0.0,-56.4,0.095,0.125,0.148,0.505,0.0,2021-22
12165,Justin Champagnie,TOR,21.0,198.12,93.439952,Pittsburgh,USA,Undrafted,Undrafted,Undrafted,36,2.3,2.0,0.3,7.4,0.111,0.126,0.111,0.5710000000000001,0.051,2021-22
12175,Keifer Sykes,IND,28.0,180.34,75.749864,Wisc.-Green Bay,USA,Undrafted,Undrafted,Undrafted,32,5.6,1.4,1.9,-4.5,0.0139999999999999,0.069,0.174,0.456,0.162,2021-22
12184,Kevin Pangos,CLE,29.0,185.42,81.19296800000001,Gonzaga,Canada,Undrafted,Undrafted,Undrafted,24,1.6,0.5,1.3,-12.1,0.012,0.057,0.143,0.408,0.246,2021-22
12200,Jon Teske,MEM,25.0,215.9,120.20188,Michigan,USA,Undrafted,Undrafted,Undrafted,3,0.0,0.7,0.3,-7.1,0.0,0.286,0.1,0.0,0.1669999999999999,2021-22
12204,Joel Ayayi,WAS,22.0,193.04,81.64656,Gonzaga,France,Undrafted,Undrafted,Undrafted,7,0.3,0.4,0.6,12.2,0.037,0.105,0.133,0.1669999999999999,0.364,2021-22
12209,Jock Landale,SAS,26.0,210.82,115.66596,,Australia,Undrafted,Undrafted,Undrafted,54,4.9,2.6,0.8,-1.1,0.094,0.118,0.172,0.597,0.115,2021-22
12226,Jose Alvarado,NOP,24.0,182.88,81.19296800000001,Georgia Tech,USA,Undrafted,Undrafted,Undrafted,54,6.1,1.9,2.8,7.3,0.0289999999999999,0.094,0.174,0.52,0.261,2021-22
12227,Jordan Schakel,WAS,24.0,198.12,90.7184,San Diego State,USA,Undrafted,Undrafted,Undrafted,4,1.3,2.0,0.0,7.9,0.063,0.188,0.191,0.21,0.0,2021-22
12231,Jordan Goodwin,WAS,23.0,190.5,90.7184,St. Louis,USA,Undrafted,Undrafted,Undrafted,2,0.0,0.5,0.0,-110.0,0.0,0.2,0.25,0.0,0.0,2021-22
12236,Shaq Buchanan,MEM,25.0,190.5,86.18248,Murray State,USA,Undrafted,Undrafted,Undrafted,2,1.0,1.0,1.0,-8.7,0.091,0.143,0.214,0.25,0.25,2021-22
12261,Sam Hauser,BOS,24.0,200.66,98.429464,Virginia,USA,Undrafted,Undrafted,Undrafted,26,2.5,1.1,0.4,-0.3,0.03,0.133,0.136,0.65,0.095,2021-22
12275,Trendon Watford,POR,21.0,203.2,107.501304,Louisiana State,USA,Undrafted,Undrafted,Undrafted,48,7.6,4.1,1.7,-17.9,0.06,0.163,0.1689999999999999,0.59,0.152,2021-22
12277,Trevelin Queen,HOU,25.0,198.12,86.18248,New Mexico State,USA,Undrafted,Undrafted,Undrafted,10,4.3,1.6,0.4,5.6,0.091,0.134,0.2189999999999999,0.619,0.074,2021-22
12278,Trayvon Palmer,DET,27.0,198.12,90.7184,Chicago St.,USA,Undrafted,Undrafted,Undrafted,1,0.0,2.0,0.0,-33.0,0.0,0.133,0.053,0.0,0.0,2021-22
12279,Trevon Scott,CLE,25.0,203.2,102.0582,Cincinnati,USA,Undrafted,Undrafted,Undrafted,2,3.0,1.0,0.0,19.4,0.071,0.083,0.207,0.5,0.0,2021-22
12291,Terry Taylor,IND,22.0,195.58,104.32616,Austin Peay,USA,Undrafted,Undrafted,Undrafted,33,9.6,5.2,1.2,-6.9,0.129,0.1169999999999999,0.151,0.6559999999999999,0.081,2021-22
12306,Quenton Jackson,WAS,24.0,195.58,78.471416,Texas A&M,USA,Undrafted,Undrafted,Undrafted,9,6.2,0.9,1.7,-6.7,0.0139999999999999,0.044,0.1639999999999999,0.542,0.155,2022-23
12335,Ron Harper Jr.,TOR,23.0,195.58,111.13004,Rutgers,USA,Undrafted,Undrafted,Undrafted,9,2.2,0.8,0.4,21.8,0.054,0.093,0.136,0.608,0.108,2022-23
12370,Orlando Robinson,MIA,22.0,208.28,106.59412,Fresno State,USA,Undrafted,Undrafted,Undrafted,31,3.7,4.1,0.8,3.8,0.108,0.201,0.1159999999999999,0.565,0.086,2022-23
12376,O.G. Anunoby,TOR,25.0,200.66,105.233344,Indiana,United Kingdom,2017,1,23,67,16.8,5.0,2.0,3.0,0.037,0.11,0.192,0.586,0.08,2022-23
12404,Trevor Hudgins,HOU,24.0,182.88,81.64656,Northwest Missouri State,USA,Undrafted,Undrafted,Undrafted,5,1.8,0.0,0.6,7.0,0.0,0.0,0.177,0.436,0.176,2022-23
12419,Xavier Cooks,WAS,27.0,203.2,83.007336,Winthrop,Australia,Undrafted,Undrafted,Undrafted,10,3.8,3.8,0.6,7.4,0.113,0.152,0.127,0.586,0.061,2022-23
12435,Stanley Umude,DET,24.0,198.12,95.25432,Arkansas,USA,Undrafted,Undrafted,Undrafted,1,2.0,0.0,0.0,95.0,0.0,0.0,0.5,0.532,0.0,2022-23
12439,Simone Fontecchio,UTA,27.0,200.66,94.800728,,Italy,Undrafted,Undrafted,Undrafted,52,6.3,1.7,0.8,-13.1,0.036,0.07,0.192,0.495,0.079,2022-23
12446,Scotty Pippen Jr.,LAL,22.0,185.42,77.11064,Vanderbilt,USA,Undrafted,Undrafted,Undrafted,6,2.3,0.7,0.3,-1.5,0.05,0.057,0.231,0.439,0.125,2022-23
12469,Michael Foster Jr.,PHI,20.0,203.2,113.398,,USA,Undrafted,Undrafted,Undrafted,1,0.0,0.0,0.0,-100.0,0.0,0.0,0.0,0.0,0.0,2022-23
12474,Dereon Seabron,NOP,23.0,195.58,81.64656,North Carolina State,USA,Undrafted,Undrafted,Undrafted,5,0.8,0.2,0.0,36.8,0.067,0.0,0.156,0.4,0.0,2022-23
12486,Dominick Barlow,SAS,20.0,205.74,97.52228,,USA,Undrafted,Undrafted,Undrafted,28,3.9,3.6,0.9,-10.7,0.1,0.131,0.107,0.5670000000000001,0.079,2022-23
12488,Donovan Williams,ATL,21.0,198.12,86.18248,UNLV,USA,Undrafted,Undrafted,Undrafted,2,2.0,1.0,0.0,60.0,0.0,0.4,0.385,0.4,0.0,2022-23
12499,Darius Days,HOU,23.0,200.66,111.13004,Louisiana State,USA,Undrafted,Undrafted,Undrafted,4,3.8,1.5,0.3,-0.2,0.034,0.2269999999999999,0.21,0.5820000000000001,0.067,2022-23
12517,Dru Smith,BKN,25.0,190.5,92.079176,Missouri,USA,Undrafted,Undrafted,Undrafted,15,2.9,1.6,1.5,-8.8,0.012,0.132,0.133,0.475,0.206,2022-23
12588,A.J. Lawson,DAL,22.0,198.12,81.19296800000001,South Carolina,Canada,Undrafted,Undrafted,Undrafted,15,3.7,1.4,0.1,-20.1,0.046,0.152,0.1889999999999999,0.589,0.032,2022-23
12589,AJ Green,MIL,23.0,195.58,86.18248,Northern Iowa,USA,Undrafted,Undrafted,Undrafted,35,4.4,1.3,0.6,-4.9,0.016,0.105,0.159,0.607,0.092,2022-23
12602,Alondes Williams,BKN,24.0,193.04,95.25432,Wake Forest,USA,Undrafted,Undrafted,Undrafted,1,0.0,1.0,0.0,-53.0,0.0,0.25,0.143,0.0,0.0,2022-23
12622,Cole Swider,LAL,24.0,205.74,99.79024,Syracuse,USA,Undrafted,Undrafted,Undrafted,7,1.3,1.0,0.6,3.3,0.024,0.158,0.089,0.5,0.105,2022-23
12639,Buddy Boeheim,DET,23.0,198.12,92.98636,Syracuse,USA,Undrafted,Undrafted,Undrafted,10,1.6,0.6,0.4,2.7,0.022,0.043,0.131,0.287,0.059,2022-23
12652,Chance Comanche,POR,27.0,208.28,95.25432,Arizona,USA,Undrafted,Undrafted,Undrafted,1,7.0,3.0,0.0,-68.1,0.08,0.067,0.14,0.518,0.0,2022-23
12654,Chima Moneke,SAC,27.0,195.58,101.151016,Cal-Davis,Nigeria,Undrafted,Undrafted,Undrafted,2,1.0,1.0,0.5,-57.2,0.25,0.0,0.25,0.347,0.25,2022-23
12660,Keon Ellis,SAC,23.0,190.5,79.3786,Alabama,USA,Undrafted,Undrafted,Undrafted,16,1.5,0.5,0.4,-14.3,0.0559999999999999,0.063,0.124,0.629,0.136,2022-23
12668,Kevon Harris,ORL,26.0,198.12,97.975872,Stephen F. Austin,USA,Undrafted,Undrafted,Undrafted,34,4.1,2.1,0.5,0.3,0.057,0.092,0.129,0.564,0.049,2022-23
12686,Justin Minaya,POR,24.0,200.66,95.25432,Providence,USA,Undrafted,Undrafted,Undrafted,4,4.3,3.8,1.0,-12.0,0.03,0.135,0.123,0.363,0.0559999999999999,2022-23
12701,Kenneth Lofton Jr.,MEM,20.0,198.12,124.7378,Louisiana Tech,USA,Undrafted,Undrafted,Undrafted,24,5.0,2.1,0.8,-13.4,0.0969999999999999,0.198,0.267,0.5720000000000001,0.198,2022-23
12735,Lester Quinones,GSW,22.0,193.04,94.347136,Memphis,USA,Undrafted,Undrafted,Undrafted,4,2.5,0.8,0.5,14.6,0.071,0.087,0.283,0.654,0.125,2022-23
12737,Julian Champagnie,SAS,22.0,200.66,98.429464,St. John's,USA,Undrafted,Undrafted,Undrafted,17,9.7,3.5,0.6,-10.6,0.027,0.147,0.181,0.6,0.043,2022-23
12756,Jamal Cain,MIA,24.0,198.12,86.636072,Oakland,USA,Undrafted,Undrafted,Undrafted,18,5.4,2.9,0.7,5.5,0.064,0.142,0.139,0.647,0.076,2022-23
12758,Jamaree Bouyea,WAS,24.0,187.96,81.64656,San Francisco,USA,Undrafted,Undrafted,Undrafted,5,3.0,1.2,0.8,-13.2,0.016,0.086,0.12,0.504,0.091,2022-23
12764,Jared Rhoden,DET,23.0,198.12,95.25432,Seton Hall,USA,Undrafted,Undrafted,Undrafted,14,3.2,2.6,0.3,4.3,0.055,0.135,0.106,0.482,0.0279999999999999,2022-23
12786,Jacob Gilyard,MEM,24.0,175.26,72.57472,Richmond,USA,Undrafted,Undrafted,Undrafted,1,3.0,4.0,7.0,-14.9,0.0,0.095,0.052,0.5,0.212,2022-23
12795,Jack White,DEN,25.0,200.66,102.0582,Duke,Australia,Undrafted,Undrafted,Undrafted,17,1.2,1.0,0.2,-14.1,0.086,0.177,0.133,0.517,0.093,2022-23
12804,Jordan Hall,SAS,21.0,200.66,97.52228,St. Joseph's (PA),USA,Undrafted,Undrafted,Undrafted,9,3.1,1.3,1.2,-13.1,0.033,0.129,0.1969999999999999,0.4379999999999999,0.22,2022-23
12818,Johnny Juzang,UTA,22.0,198.12,94.800728,UCLA,USA,Undrafted,Undrafted,Undrafted,18,4.8,2.2,0.4,-17.7,0.0289999999999999,0.122,0.187,0.411,0.051,2022-23
12826,Jeenathan Williams,POR,24.0,195.58,92.98636,Buffalo,USA,Undrafted,Undrafted,Undrafted,5,10.6,3.0,2.0,-11.0,0.07,0.039,0.139,0.657,0.1,2022-23
12827,Jeff Dowtin Jr.,TOR,26.0,190.5,80.28578399999998,Rhode Island,USA,Undrafted,Undrafted,Undrafted,25,2.4,0.9,1.2,-0.6,0.022,0.069,0.106,0.5,0.154,2022-23
12840,John Butler Jr.,POR,20.0,213.36,86.18248,Florida State,USA,Undrafted,Undrafted,Undrafted,19,2.4,0.9,0.6,-16.1,0.012,0.065,0.102,0.411,0.066,2022-23
